ISO-10303-21;
HEADER;
FILE_DESCRIPTION(('zoo.dev export'), '2;1');
FILE_NAME('output.step', '2026-09-22T15:45:52.224580026+00:00', (''), (''), 'zoo.dev beta', 'zoo.dev', '');
FILE_SCHEMA(('AP242_MANAGED_MODEL_BASED_3D_ENGINEERING_MIM_LF'));
ENDSEC;
DATA;
#1 = (
  LENGTH_UNIT()
  NAMED_UNIT(*)
  SI_UNIT(.MILLI., .METRE.)
);
#2 = (
  NAMED_UNIT(*)
  PLANE_ANGLE_UNIT()
  SI_UNIT($, .RADIAN.)
);
#3 = UNCERTAINTY_MEASURE_WITH_UNIT(LENGTH_MEASURE(0.01), #1, 'DISTANCE_ACCURACY_VALUE', $);
#4 = (
  GEOMETRIC_REPRESENTATION_CONTEXT(3)
  GLOBAL_UNCERTAINTY_ASSIGNED_CONTEXT((#3))
  GLOBAL_UNIT_ASSIGNED_CONTEXT((#1, #2))
  REPRESENTATION_CONTEXT('3D', '3D context')
);
#5 = CARTESIAN_POINT('', (195., 50.27706933, 0.));
#6 = VERTEX_POINT('', #5);
#7 = CARTESIAN_POINT('', (277., 5., 0.));
#8 = VERTEX_POINT('', #7);
#9 = CARTESIAN_POINT('', (-133., -18., -45.));
#10 = VERTEX_POINT('', #9);
#11 = CARTESIAN_POINT('', (-133., -14., -45.));
#12 = VERTEX_POINT('', #11);
#13 = CARTESIAN_POINT('', (-133., -14., -17.8));
#14 = VERTEX_POINT('', #13);
#15 = CARTESIAN_POINT('', (-133., -18., -17.8));
#16 = VERTEX_POINT('', #15);
#17 = CARTESIAN_POINT('', (-137., -14., -45.));
#18 = VERTEX_POINT('', #17);
#19 = CARTESIAN_POINT('', (-137., -14., -17.8));
#20 = VERTEX_POINT('', #19);
#21 = CARTESIAN_POINT('', (-137., -18., -45.));
#22 = VERTEX_POINT('', #21);
#23 = CARTESIAN_POINT('', (-137., -18., -17.8));
#24 = VERTEX_POINT('', #23);
#25 = CARTESIAN_POINT('', (-133., 14., -45.));
#26 = VERTEX_POINT('', #25);
#27 = CARTESIAN_POINT('', (-133., 18., -45.));
#28 = VERTEX_POINT('', #27);
#29 = CARTESIAN_POINT('', (-133., 18., -17.8));
#30 = VERTEX_POINT('', #29);
#31 = CARTESIAN_POINT('', (-133., 14., -17.8));
#32 = VERTEX_POINT('', #31);
#33 = CARTESIAN_POINT('', (-137., 18., -45.));
#34 = VERTEX_POINT('', #33);
#35 = CARTESIAN_POINT('', (-137., 18., -17.8));
#36 = VERTEX_POINT('', #35);
#37 = CARTESIAN_POINT('', (-137., 14., -45.));
#38 = VERTEX_POINT('', #37);
#39 = CARTESIAN_POINT('', (-137., 14., -17.8));
#40 = VERTEX_POINT('', #39);
#41 = CARTESIAN_POINT('', (-133.5, 11., -14.2));
#42 = VERTEX_POINT('', #41);
#43 = CARTESIAN_POINT('', (-133.5, 15., -14.2));
#44 = VERTEX_POINT('', #43);
#45 = CARTESIAN_POINT('', (-133.5, 15., -12.4));
#46 = VERTEX_POINT('', #45);
#47 = CARTESIAN_POINT('', (-133.5, 11., -12.4));
#48 = VERTEX_POINT('', #47);
#49 = CARTESIAN_POINT('', (-136.5, 15., -14.2));
#50 = VERTEX_POINT('', #49);
#51 = CARTESIAN_POINT('', (-136.5, 15., -12.4));
#52 = VERTEX_POINT('', #51);
#53 = CARTESIAN_POINT('', (-136.5, 11., -14.2));
#54 = VERTEX_POINT('', #53);
#55 = CARTESIAN_POINT('', (-136.5, 11., -12.4));
#56 = VERTEX_POINT('', #55);
#57 = CARTESIAN_POINT('', (-128.5, 11., -14.2));
#58 = VERTEX_POINT('', #57);
#59 = CARTESIAN_POINT('', (-128.5, 15., -14.2));
#60 = VERTEX_POINT('', #59);
#61 = CARTESIAN_POINT('', (-128.5, 15., -12.4));
#62 = VERTEX_POINT('', #61);
#63 = CARTESIAN_POINT('', (-128.5, 11., -12.4));
#64 = VERTEX_POINT('', #63);
#65 = CARTESIAN_POINT('', (-131.5, 15., -14.2));
#66 = VERTEX_POINT('', #65);
#67 = CARTESIAN_POINT('', (-131.5, 15., -12.4));
#68 = VERTEX_POINT('', #67);
#69 = CARTESIAN_POINT('', (-131.5, 11., -14.2));
#70 = VERTEX_POINT('', #69);
#71 = CARTESIAN_POINT('', (-131.5, 11., -12.4));
#72 = VERTEX_POINT('', #71);
#73 = CARTESIAN_POINT('', (-141.5, -6., -14.2));
#74 = VERTEX_POINT('', #73);
#75 = CARTESIAN_POINT('', (-141.5, 6., -14.2));
#76 = VERTEX_POINT('', #75);
#77 = CARTESIAN_POINT('', (-141.5, 6., -10.2));
#78 = VERTEX_POINT('', #77);
#79 = CARTESIAN_POINT('', (-141.5, -6., -10.2));
#80 = VERTEX_POINT('', #79);
#81 = CARTESIAN_POINT('', (-146.5, 6., -14.2));
#82 = VERTEX_POINT('', #81);
#83 = CARTESIAN_POINT('', (-146.5, 6., -10.2));
#84 = VERTEX_POINT('', #83);
#85 = CARTESIAN_POINT('', (-146.5, -6., -14.2));
#86 = VERTEX_POINT('', #85);
#87 = CARTESIAN_POINT('', (-146.5, -6., -10.2));
#88 = VERTEX_POINT('', #87);
#89 = CARTESIAN_POINT('', (-142.5, -4.5, -12.2));
#90 = VERTEX_POINT('', #89);
#91 = CARTESIAN_POINT('', (-142.5, 4.5, -12.2));
#92 = VERTEX_POINT('', #91);
#93 = CARTESIAN_POINT('', (-145.5, 4.5, -12.2));
#94 = VERTEX_POINT('', #93);
#95 = CARTESIAN_POINT('', (-145.5, -4.5, -12.2));
#96 = VERTEX_POINT('', #95);
#97 = CARTESIAN_POINT('', (-142.5, -4.5, -10.2));
#98 = VERTEX_POINT('', #97);
#99 = CARTESIAN_POINT('', (-142.5, 4.5, -10.2));
#100 = VERTEX_POINT('', #99);
#101 = CARTESIAN_POINT('', (-145.5, 4.5, -10.2));
#102 = VERTEX_POINT('', #101);
#103 = CARTESIAN_POINT('', (-145.5, -4.5, -10.2));
#104 = VERTEX_POINT('', #103);
#105 = CARTESIAN_POINT('', (166.5, -9., -5.7));
#106 = VERTEX_POINT('', #105);
#107 = CARTESIAN_POINT('', (166.5, -4., -5.7));
#108 = VERTEX_POINT('', #107);
#109 = CARTESIAN_POINT('', (166.5, -4., -4.7));
#110 = VERTEX_POINT('', #109);
#111 = CARTESIAN_POINT('', (166.5, -9., -4.7));
#112 = VERTEX_POINT('', #111);
#113 = CARTESIAN_POINT('', (165.5, -4., -5.7));
#114 = VERTEX_POINT('', #113);
#115 = CARTESIAN_POINT('', (165.5, -4., -4.7));
#116 = VERTEX_POINT('', #115);
#117 = CARTESIAN_POINT('', (165.5, -9., -5.7));
#118 = VERTEX_POINT('', #117);
#119 = CARTESIAN_POINT('', (165.5, -9., -4.7));
#120 = VERTEX_POINT('', #119);
#121 = CARTESIAN_POINT('', (110.5, 13.5, -5.7));
#122 = VERTEX_POINT('', #121);
#123 = CARTESIAN_POINT('', (110.5, 14.5, -5.7));
#124 = VERTEX_POINT('', #123);
#125 = CARTESIAN_POINT('', (110.5, 14.5, -4.7));
#126 = VERTEX_POINT('', #125);
#127 = CARTESIAN_POINT('', (110.5, 13.5, -4.7));
#128 = VERTEX_POINT('', #127);
#129 = CARTESIAN_POINT('', (105.5, 14.5, -5.7));
#130 = VERTEX_POINT('', #129);
#131 = CARTESIAN_POINT('', (105.5, 14.5, -4.7));
#132 = VERTEX_POINT('', #131);
#133 = CARTESIAN_POINT('', (105.5, 13.5, -5.7));
#134 = VERTEX_POINT('', #133);
#135 = CARTESIAN_POINT('', (105.5, 13.5, -4.7));
#136 = VERTEX_POINT('', #135);
#137 = CARTESIAN_POINT('', (138., -10.5, -2.2));
#138 = VERTEX_POINT('', #137);
#139 = CARTESIAN_POINT('', (138., -10.5, -4.2));
#140 = VERTEX_POINT('', #139);
#141 = CARTESIAN_POINT('', (165., -3., -2.2));
#142 = VERTEX_POINT('', #141);
#143 = CARTESIAN_POINT('', (164.99999999, 18.99999999, -2.2));
#144 = VERTEX_POINT('', #143);
#145 = CARTESIAN_POINT('', (164.99999999, 18.99999999, 0.8));
#146 = VERTEX_POINT('', #145);
#147 = CARTESIAN_POINT('', (165., -3., 0.8));
#148 = VERTEX_POINT('', #147);
#149 = CARTESIAN_POINT('', (143.00000001, 18.99999999, -2.2));
#150 = VERTEX_POINT('', #149);
#151 = CARTESIAN_POINT('', (143.00000001, 18.99999999, 0.8));
#152 = VERTEX_POINT('', #151);
#153 = CARTESIAN_POINT('', (143., -3., -2.2));
#154 = VERTEX_POINT('', #153);
#155 = CARTESIAN_POINT('', (143., -3., 0.8));
#156 = VERTEX_POINT('', #155);
#157 = CARTESIAN_POINT('', (126., -21., -4.2));
#158 = VERTEX_POINT('', #157);
#159 = CARTESIAN_POINT('', (126., -1., -4.2));
#160 = VERTEX_POINT('', #159);
#161 = CARTESIAN_POINT('', (126., -1., 0.8));
#162 = VERTEX_POINT('', #161);
#163 = CARTESIAN_POINT('', (126., -21., 0.8));
#164 = VERTEX_POINT('', #163);
#165 = CARTESIAN_POINT('', (106., -1., -4.2));
#166 = VERTEX_POINT('', #165);
#167 = CARTESIAN_POINT('', (106., -1., 0.8));
#168 = VERTEX_POINT('', #167);
#169 = CARTESIAN_POINT('', (106., -21., -4.2));
#170 = VERTEX_POINT('', #169);
#171 = CARTESIAN_POINT('', (106., -21., 0.8));
#172 = VERTEX_POINT('', #171);
#173 = CARTESIAN_POINT('', (120.5, 10.5, -3.2));
#174 = VERTEX_POINT('', #173);
#175 = CARTESIAN_POINT('', (120.5, 19.5, -3.2));
#176 = VERTEX_POINT('', #175);
#177 = CARTESIAN_POINT('', (120.5, 19.5, -0.2));
#178 = VERTEX_POINT('', #177);
#179 = CARTESIAN_POINT('', (120.5, 10.5, -0.2));
#180 = VERTEX_POINT('', #179);
#181 = CARTESIAN_POINT('', (111.5, 19.5, -3.2));
#182 = VERTEX_POINT('', #181);
#183 = CARTESIAN_POINT('', (111.5, 19.5, -0.2));
#184 = VERTEX_POINT('', #183);
#185 = CARTESIAN_POINT('', (111.5, 10.5, -3.2));
#186 = VERTEX_POINT('', #185);
#187 = CARTESIAN_POINT('', (111.5, 10.5, -0.2));
#188 = VERTEX_POINT('', #187);
#189 = CARTESIAN_POINT('', (113., -27., -12.8));
#190 = VERTEX_POINT('', #189);
#191 = CARTESIAN_POINT('', (113., 27., -12.8));
#192 = VERTEX_POINT('', #191);
#193 = CARTESIAN_POINT('', (113., 27., -10.8));
#194 = VERTEX_POINT('', #193);
#195 = CARTESIAN_POINT('', (113., -27., -10.8));
#196 = VERTEX_POINT('', #195);
#197 = CARTESIAN_POINT('', (107., 27., -12.8));
#198 = VERTEX_POINT('', #197);
#199 = CARTESIAN_POINT('', (107., 27., -10.8));
#200 = VERTEX_POINT('', #199);
#201 = CARTESIAN_POINT('', (107., -27., -12.8));
#202 = VERTEX_POINT('', #201);
#203 = CARTESIAN_POINT('', (107., -27., -10.8));
#204 = VERTEX_POINT('', #203);
#205 = CARTESIAN_POINT('', (163., -27., -12.8));
#206 = VERTEX_POINT('', #205);
#207 = CARTESIAN_POINT('', (163., 27., -12.8));
#208 = VERTEX_POINT('', #207);
#209 = CARTESIAN_POINT('', (163., 27., -10.8));
#210 = VERTEX_POINT('', #209);
#211 = CARTESIAN_POINT('', (163., -27., -10.8));
#212 = VERTEX_POINT('', #211);
#213 = CARTESIAN_POINT('', (157., 27., -12.8));
#214 = VERTEX_POINT('', #213);
#215 = CARTESIAN_POINT('', (157., 27., -10.8));
#216 = VERTEX_POINT('', #215);
#217 = CARTESIAN_POINT('', (157., -27., -12.8));
#218 = VERTEX_POINT('', #217);
#219 = CARTESIAN_POINT('', (157., -27., -10.8));
#220 = VERTEX_POINT('', #219);
#221 = CARTESIAN_POINT('', (112., -22., -43.8));
#222 = VERTEX_POINT('', #221);
#223 = CARTESIAN_POINT('', (112., -18., -43.8));
#224 = VERTEX_POINT('', #223);
#225 = CARTESIAN_POINT('', (112., -18., -12.8));
#226 = VERTEX_POINT('', #225);
#227 = CARTESIAN_POINT('', (112., -22., -12.8));
#228 = VERTEX_POINT('', #227);
#229 = CARTESIAN_POINT('', (108., -18., -43.8));
#230 = VERTEX_POINT('', #229);
#231 = CARTESIAN_POINT('', (108., -18., -12.8));
#232 = VERTEX_POINT('', #231);
#233 = CARTESIAN_POINT('', (108., -22., -43.8));
#234 = VERTEX_POINT('', #233);
#235 = CARTESIAN_POINT('', (108., -22., -12.8));
#236 = VERTEX_POINT('', #235);
#237 = CARTESIAN_POINT('', (162., -22., -43.8));
#238 = VERTEX_POINT('', #237);
#239 = CARTESIAN_POINT('', (162., -18., -43.8));
#240 = VERTEX_POINT('', #239);
#241 = CARTESIAN_POINT('', (162., -18., -12.8));
#242 = VERTEX_POINT('', #241);
#243 = CARTESIAN_POINT('', (162., -22., -12.8));
#244 = VERTEX_POINT('', #243);
#245 = CARTESIAN_POINT('', (158., -18., -43.8));
#246 = VERTEX_POINT('', #245);
#247 = CARTESIAN_POINT('', (158., -18., -12.8));
#248 = VERTEX_POINT('', #247);
#249 = CARTESIAN_POINT('', (158., -22., -43.8));
#250 = VERTEX_POINT('', #249);
#251 = CARTESIAN_POINT('', (158., -22., -12.8));
#252 = VERTEX_POINT('', #251);
#253 = CARTESIAN_POINT('', (112., 18., -43.8));
#254 = VERTEX_POINT('', #253);
#255 = CARTESIAN_POINT('', (112., 22., -43.8));
#256 = VERTEX_POINT('', #255);
#257 = CARTESIAN_POINT('', (112., 22., -12.8));
#258 = VERTEX_POINT('', #257);
#259 = CARTESIAN_POINT('', (112., 18., -12.8));
#260 = VERTEX_POINT('', #259);
#261 = CARTESIAN_POINT('', (108., 22., -43.8));
#262 = VERTEX_POINT('', #261);
#263 = CARTESIAN_POINT('', (108., 22., -12.8));
#264 = VERTEX_POINT('', #263);
#265 = CARTESIAN_POINT('', (108., 18., -43.8));
#266 = VERTEX_POINT('', #265);
#267 = CARTESIAN_POINT('', (108., 18., -12.8));
#268 = VERTEX_POINT('', #267);
#269 = CARTESIAN_POINT('', (162., 18., -43.8));
#270 = VERTEX_POINT('', #269);
#271 = CARTESIAN_POINT('', (162., 22., -43.8));
#272 = VERTEX_POINT('', #271);
#273 = CARTESIAN_POINT('', (162., 22., -12.8));
#274 = VERTEX_POINT('', #273);
#275 = CARTESIAN_POINT('', (162., 18., -12.8));
#276 = VERTEX_POINT('', #275);
#277 = CARTESIAN_POINT('', (158., 22., -43.8));
#278 = VERTEX_POINT('', #277);
#279 = CARTESIAN_POINT('', (158., 22., -12.8));
#280 = VERTEX_POINT('', #279);
#281 = CARTESIAN_POINT('', (158., 18., -43.8));
#282 = VERTEX_POINT('', #281);
#283 = CARTESIAN_POINT('', (158., 18., -12.8));
#284 = VERTEX_POINT('', #283);
#285 = CARTESIAN_POINT('', (131.5, 19., -7.2));
#286 = VERTEX_POINT('', #285);
#287 = CARTESIAN_POINT('', (131.5, 23., -7.2));
#288 = VERTEX_POINT('', #287);
#289 = CARTESIAN_POINT('', (131.5, 23., -5.4));
#290 = VERTEX_POINT('', #289);
#291 = CARTESIAN_POINT('', (131.5, 19., -5.4));
#292 = VERTEX_POINT('', #291);
#293 = CARTESIAN_POINT('', (128.5, 23., -7.2));
#294 = VERTEX_POINT('', #293);
#295 = CARTESIAN_POINT('', (128.5, 23., -5.4));
#296 = VERTEX_POINT('', #295);
#297 = CARTESIAN_POINT('', (128.5, 19., -7.2));
#298 = VERTEX_POINT('', #297);
#299 = CARTESIAN_POINT('', (128.5, 19., -5.4));
#300 = VERTEX_POINT('', #299);
#301 = CARTESIAN_POINT('', (169.5, -21., -7.2));
#302 = VERTEX_POINT('', #301);
#303 = CARTESIAN_POINT('', (169.5, -9., -7.2));
#304 = VERTEX_POINT('', #303);
#305 = CARTESIAN_POINT('', (169.5, -9., -3.2));
#306 = VERTEX_POINT('', #305);
#307 = CARTESIAN_POINT('', (169.5, -21., -3.2));
#308 = VERTEX_POINT('', #307);
#309 = CARTESIAN_POINT('', (164.5, -9., -7.2));
#310 = VERTEX_POINT('', #309);
#311 = CARTESIAN_POINT('', (164.5, -9., -3.2));
#312 = VERTEX_POINT('', #311);
#313 = CARTESIAN_POINT('', (164.5, -21., -7.2));
#314 = VERTEX_POINT('', #313);
#315 = CARTESIAN_POINT('', (164.5, -21., -3.2));
#316 = VERTEX_POINT('', #315);
#317 = CARTESIAN_POINT('', (168.5, -19.5, -5.2));
#318 = VERTEX_POINT('', #317);
#319 = CARTESIAN_POINT('', (168.5, -10.5, -5.2));
#320 = VERTEX_POINT('', #319);
#321 = CARTESIAN_POINT('', (165.5, -10.5, -5.2));
#322 = VERTEX_POINT('', #321);
#323 = CARTESIAN_POINT('', (165.5, -19.5, -5.2));
#324 = VERTEX_POINT('', #323);
#325 = CARTESIAN_POINT('', (168.5, -19.5, -3.2));
#326 = VERTEX_POINT('', #325);
#327 = CARTESIAN_POINT('', (168.5, -10.5, -3.2));
#328 = VERTEX_POINT('', #327);
#329 = CARTESIAN_POINT('', (165.5, -10.5, -3.2));
#330 = VERTEX_POINT('', #329);
#331 = CARTESIAN_POINT('', (165.5, -19.5, -3.2));
#332 = VERTEX_POINT('', #331);
#333 = CARTESIAN_POINT('', (179., 50.5, 0.));
#334 = VERTEX_POINT('', #333);
#335 = CARTESIAN_POINT('', (185., 50.5, 0.));
#336 = VERTEX_POINT('', #335);
#337 = CARTESIAN_POINT('', (185., 49.92802119, 0.));
#338 = VERTEX_POINT('', #337);
#339 = CARTESIAN_POINT('', (192., 49.92802119, -0.));
#340 = VERTEX_POINT('', #339);
#341 = CARTESIAN_POINT('', (195., 46.92802119, 0.));
#342 = VERTEX_POINT('', #341);
#343 = CARTESIAN_POINT('', (-185., 50.5, 0.));
#344 = VERTEX_POINT('', #343);
#345 = CARTESIAN_POINT('', (-179., 50.5, 0.));
#346 = VERTEX_POINT('', #345);
#347 = CARTESIAN_POINT('', (89., 50., 0.));
#348 = VERTEX_POINT('', #347);
#349 = CARTESIAN_POINT('', (91., 50., 0.));
#350 = VERTEX_POINT('', #349);
#351 = CARTESIAN_POINT('', (89., 47., 0.));
#352 = VERTEX_POINT('', #351);
#353 = CARTESIAN_POINT('', (91., 47., 0.));
#354 = VERTEX_POINT('', #353);
#355 = CARTESIAN_POINT('', (89., -0., -47.));
#356 = VERTEX_POINT('', #355);
#357 = CARTESIAN_POINT('', (91., -0., -47.));
#358 = VERTEX_POINT('', #357);
#359 = CARTESIAN_POINT('', (91., 41.35064575, 28.10914613));
#360 = VERTEX_POINT('', #359);
#361 = CARTESIAN_POINT('', (89., 41.35064575, 28.10914613));
#362 = VERTEX_POINT('', #361);
#363 = CARTESIAN_POINT('', (89., 38.5939239, 26.82366563));
#364 = VERTEX_POINT('', #363);
#365 = CARTESIAN_POINT('', (89., -45.35581609, -12.32274103));
#366 = VERTEX_POINT('', #365);
#367 = CARTESIAN_POINT('', (89., -48.11253794, -13.60822154));
#368 = VERTEX_POINT('', #367);
#369 = CARTESIAN_POINT('', (91., 38.5939239, 26.82366563));
#370 = VERTEX_POINT('', #369);
#371 = CARTESIAN_POINT('', (91., -45.35581609, -12.32274103));
#372 = VERTEX_POINT('', #371);
#373 = CARTESIAN_POINT('', (91., -48.11253794, -13.60822154));
#374 = VERTEX_POINT('', #373);
#375 = CARTESIAN_POINT('', (-1., 50., 0.));
#376 = VERTEX_POINT('', #375);
#377 = CARTESIAN_POINT('', (1., 50., 0.));
#378 = VERTEX_POINT('', #377);
#379 = CARTESIAN_POINT('', (-1., 47., 0.));
#380 = VERTEX_POINT('', #379);
#381 = CARTESIAN_POINT('', (1., 47., 0.));
#382 = VERTEX_POINT('', #381);
#383 = CARTESIAN_POINT('', (-1., -0., -47.));
#384 = VERTEX_POINT('', #383);
#385 = CARTESIAN_POINT('', (1., -0., -47.));
#386 = VERTEX_POINT('', #385);
#387 = CARTESIAN_POINT('', (1., 41.35064575, 28.10914613));
#388 = VERTEX_POINT('', #387);
#389 = CARTESIAN_POINT('', (-1., 41.35064575, 28.10914613));
#390 = VERTEX_POINT('', #389);
#391 = CARTESIAN_POINT('', (-1., 38.5939239, 26.82366563));
#392 = VERTEX_POINT('', #391);
#393 = CARTESIAN_POINT('', (-1., -45.35581609, -12.32274103));
#394 = VERTEX_POINT('', #393);
#395 = CARTESIAN_POINT('', (-1., -48.11253794, -13.60822154));
#396 = VERTEX_POINT('', #395);
#397 = CARTESIAN_POINT('', (1., 38.5939239, 26.82366563));
#398 = VERTEX_POINT('', #397);
#399 = CARTESIAN_POINT('', (1., -45.35581609, -12.32274103));
#400 = VERTEX_POINT('', #399);
#401 = CARTESIAN_POINT('', (1., -48.11253794, -13.60822154));
#402 = VERTEX_POINT('', #401);
#403 = CARTESIAN_POINT('', (91., 50., 0.));
#404 = VERTEX_POINT('', #403);
#405 = CARTESIAN_POINT('', (179., 50., 0.));
#406 = VERTEX_POINT('', #405);
#407 = CARTESIAN_POINT('', (91., 47., -0.));
#408 = VERTEX_POINT('', #407);
#409 = CARTESIAN_POINT('', (179., 47., -0.));
#410 = VERTEX_POINT('', #409);
#411 = CARTESIAN_POINT('', (91., 0.00000083, -47.));
#412 = VERTEX_POINT('', #411);
#413 = CARTESIAN_POINT('', (179., 0.00000083, -47.));
#414 = VERTEX_POINT('', #413);
#415 = CARTESIAN_POINT('', (179., 41.35064575, 28.10914613));
#416 = VERTEX_POINT('', #415);
#417 = CARTESIAN_POINT('', (91., 41.35064575, 28.10914613));
#418 = VERTEX_POINT('', #417);
#419 = CARTESIAN_POINT('', (91., 38.5939239, 26.82366563));
#420 = VERTEX_POINT('', #419);
#421 = CARTESIAN_POINT('', (91., -45.35581609, -12.32274103));
#422 = VERTEX_POINT('', #421);
#423 = CARTESIAN_POINT('', (91., -48.11253793, -13.60822154));
#424 = VERTEX_POINT('', #423);
#425 = CARTESIAN_POINT('', (179., 38.5939239, 26.82366563));
#426 = VERTEX_POINT('', #425);
#427 = CARTESIAN_POINT('', (179., -45.35581609, -12.32274103));
#428 = VERTEX_POINT('', #427);
#429 = CARTESIAN_POINT('', (179., -48.11253793, -13.60822154));
#430 = VERTEX_POINT('', #429);
#431 = CARTESIAN_POINT('', (1., 50., 0.));
#432 = VERTEX_POINT('', #431);
#433 = CARTESIAN_POINT('', (89., 50., 0.));
#434 = VERTEX_POINT('', #433);
#435 = CARTESIAN_POINT('', (1., 47., -0.));
#436 = VERTEX_POINT('', #435);
#437 = CARTESIAN_POINT('', (89., 47., -0.));
#438 = VERTEX_POINT('', #437);
#439 = CARTESIAN_POINT('', (1., 0.00000083, -47.));
#440 = VERTEX_POINT('', #439);
#441 = CARTESIAN_POINT('', (89., 0.00000083, -47.));
#442 = VERTEX_POINT('', #441);
#443 = CARTESIAN_POINT('', (89., 41.35064575, 28.10914613));
#444 = VERTEX_POINT('', #443);
#445 = CARTESIAN_POINT('', (1., 41.35064575, 28.10914613));
#446 = VERTEX_POINT('', #445);
#447 = CARTESIAN_POINT('', (1., 38.5939239, 26.82366563));
#448 = VERTEX_POINT('', #447);
#449 = CARTESIAN_POINT('', (1., -45.35581609, -12.32274103));
#450 = VERTEX_POINT('', #449);
#451 = CARTESIAN_POINT('', (1., -48.11253793, -13.60822154));
#452 = VERTEX_POINT('', #451);
#453 = CARTESIAN_POINT('', (89., 38.5939239, 26.82366563));
#454 = VERTEX_POINT('', #453);
#455 = CARTESIAN_POINT('', (89., -45.35581609, -12.32274103));
#456 = VERTEX_POINT('', #455);
#457 = CARTESIAN_POINT('', (89., -48.11253793, -13.60822154));
#458 = VERTEX_POINT('', #457);
#459 = CARTESIAN_POINT('', (-89., 50., 0.));
#460 = VERTEX_POINT('', #459);
#461 = CARTESIAN_POINT('', (-1., 50., 0.));
#462 = VERTEX_POINT('', #461);
#463 = CARTESIAN_POINT('', (-89., 47., -0.));
#464 = VERTEX_POINT('', #463);
#465 = CARTESIAN_POINT('', (-1., 47., -0.));
#466 = VERTEX_POINT('', #465);
#467 = CARTESIAN_POINT('', (-89., 0.00000083, -47.));
#468 = VERTEX_POINT('', #467);
#469 = CARTESIAN_POINT('', (-1., 0.00000083, -47.));
#470 = VERTEX_POINT('', #469);
#471 = CARTESIAN_POINT('', (-1., 41.35064575, 28.10914613));
#472 = VERTEX_POINT('', #471);
#473 = CARTESIAN_POINT('', (-89., 41.35064575, 28.10914613));
#474 = VERTEX_POINT('', #473);
#475 = CARTESIAN_POINT('', (-89., 38.5939239, 26.82366563));
#476 = VERTEX_POINT('', #475);
#477 = CARTESIAN_POINT('', (-89., -45.35581609, -12.32274103));
#478 = VERTEX_POINT('', #477);
#479 = CARTESIAN_POINT('', (-89., -48.11253793, -13.60822154));
#480 = VERTEX_POINT('', #479);
#481 = CARTESIAN_POINT('', (-1., 38.5939239, 26.82366563));
#482 = VERTEX_POINT('', #481);
#483 = CARTESIAN_POINT('', (-1., -45.35581609, -12.32274103));
#484 = VERTEX_POINT('', #483);
#485 = CARTESIAN_POINT('', (-1., -48.11253793, -13.60822154));
#486 = VERTEX_POINT('', #485);
#487 = CARTESIAN_POINT('', (-119., -24., -17.8));
#488 = VERTEX_POINT('', #487);
#489 = CARTESIAN_POINT('', (-119., 24., -17.8));
#490 = VERTEX_POINT('', #489);
#491 = CARTESIAN_POINT('', (-119., 24., -15.8));
#492 = VERTEX_POINT('', #491);
#493 = CARTESIAN_POINT('', (-119., -24., -15.8));
#494 = VERTEX_POINT('', #493);
#495 = CARTESIAN_POINT('', (-151., 24., -17.8));
#496 = VERTEX_POINT('', #495);
#497 = CARTESIAN_POINT('', (-151., 24., -15.8));
#498 = VERTEX_POINT('', #497);
#499 = CARTESIAN_POINT('', (-151., -24., -17.8));
#500 = VERTEX_POINT('', #499);
#501 = CARTESIAN_POINT('', (-151., -24., -15.8));
#502 = VERTEX_POINT('', #501);
#503 = CARTESIAN_POINT('', (121., 10., -7.2));
#504 = VERTEX_POINT('', #503);
#505 = CARTESIAN_POINT('', (121., 20., -7.2));
#506 = VERTEX_POINT('', #505);
#507 = CARTESIAN_POINT('', (121., 20., -3.2));
#508 = VERTEX_POINT('', #507);
#509 = CARTESIAN_POINT('', (121., 10., -3.2));
#510 = VERTEX_POINT('', #509);
#511 = CARTESIAN_POINT('', (111., 20., -7.2));
#512 = VERTEX_POINT('', #511);
#513 = CARTESIAN_POINT('', (111., 20., -3.2));
#514 = VERTEX_POINT('', #513);
#515 = CARTESIAN_POINT('', (111., 10., -7.2));
#516 = VERTEX_POINT('', #515);
#517 = CARTESIAN_POINT('', (111., 10., -3.2));
#518 = VERTEX_POINT('', #517);
#519 = CARTESIAN_POINT('', (-122., -18., -15.8));
#520 = VERTEX_POINT('', #519);
#521 = CARTESIAN_POINT('', (-122., 18., -15.8));
#522 = VERTEX_POINT('', #521);
#523 = CARTESIAN_POINT('', (-122., 18., -14.2));
#524 = VERTEX_POINT('', #523);
#525 = CARTESIAN_POINT('', (-122., -18., -14.2));
#526 = VERTEX_POINT('', #525);
#527 = CARTESIAN_POINT('', (-148., 18., -15.8));
#528 = VERTEX_POINT('', #527);
#529 = CARTESIAN_POINT('', (-148., 18., -14.2));
#530 = VERTEX_POINT('', #529);
#531 = CARTESIAN_POINT('', (-148., -18., -15.8));
#532 = VERTEX_POINT('', #531);
#533 = CARTESIAN_POINT('', (-148., -18., -14.2));
#534 = VERTEX_POINT('', #533);
#535 = CARTESIAN_POINT('', (-126., -8., -14.2));
#536 = VERTEX_POINT('', #535);
#537 = CARTESIAN_POINT('', (-126., 8., -14.2));
#538 = VERTEX_POINT('', #537);
#539 = CARTESIAN_POINT('', (-126., 8., -7.2));
#540 = VERTEX_POINT('', #539);
#541 = CARTESIAN_POINT('', (-126., -8., -7.2));
#542 = VERTEX_POINT('', #541);
#543 = CARTESIAN_POINT('', (-138., 8., -14.2));
#544 = VERTEX_POINT('', #543);
#545 = CARTESIAN_POINT('', (-138., 8., -7.2));
#546 = VERTEX_POINT('', #545);
#547 = CARTESIAN_POINT('', (-138., -8., -14.2));
#548 = VERTEX_POINT('', #547);
#549 = CARTESIAN_POINT('', (-138., -8., -7.2));
#550 = VERTEX_POINT('', #549);
#551 = CARTESIAN_POINT('', (134.5, -24., -7.2));
#552 = VERTEX_POINT('', #551);
#553 = CARTESIAN_POINT('', (134.5, -20., -7.2));
#554 = VERTEX_POINT('', #553);
#555 = CARTESIAN_POINT('', (134.5, -20., -5.4));
#556 = VERTEX_POINT('', #555);
#557 = CARTESIAN_POINT('', (134.5, -24., -5.4));
#558 = VERTEX_POINT('', #557);
#559 = CARTESIAN_POINT('', (131.5, -20., -7.2));
#560 = VERTEX_POINT('', #559);
#561 = CARTESIAN_POINT('', (131.5, -20., -5.4));
#562 = VERTEX_POINT('', #561);
#563 = CARTESIAN_POINT('', (131.5, -24., -7.2));
#564 = VERTEX_POINT('', #563);
#565 = CARTESIAN_POINT('', (131.5, -24., -5.4));
#566 = VERTEX_POINT('', #565);
#567 = CARTESIAN_POINT('', (139.5, -24., -7.2));
#568 = VERTEX_POINT('', #567);
#569 = CARTESIAN_POINT('', (139.5, -20., -7.2));
#570 = VERTEX_POINT('', #569);
#571 = CARTESIAN_POINT('', (139.5, -20., -5.4));
#572 = VERTEX_POINT('', #571);
#573 = CARTESIAN_POINT('', (139.5, -24., -5.4));
#574 = VERTEX_POINT('', #573);
#575 = CARTESIAN_POINT('', (136.5, -20., -7.2));
#576 = VERTEX_POINT('', #575);
#577 = CARTESIAN_POINT('', (136.5, -20., -5.4));
#578 = VERTEX_POINT('', #577);
#579 = CARTESIAN_POINT('', (136.5, -24., -7.2));
#580 = VERTEX_POINT('', #579);
#581 = CARTESIAN_POINT('', (136.5, -24., -5.4));
#582 = VERTEX_POINT('', #581);
#583 = CARTESIAN_POINT('', (144.5, -24., -7.2));
#584 = VERTEX_POINT('', #583);
#585 = CARTESIAN_POINT('', (144.5, -20., -7.2));
#586 = VERTEX_POINT('', #585);
#587 = CARTESIAN_POINT('', (144.5, -20., -5.4));
#588 = VERTEX_POINT('', #587);
#589 = CARTESIAN_POINT('', (144.5, -24., -5.4));
#590 = VERTEX_POINT('', #589);
#591 = CARTESIAN_POINT('', (141.5, -20., -7.2));
#592 = VERTEX_POINT('', #591);
#593 = CARTESIAN_POINT('', (141.5, -20., -5.4));
#594 = VERTEX_POINT('', #593);
#595 = CARTESIAN_POINT('', (141.5, -24., -7.2));
#596 = VERTEX_POINT('', #595);
#597 = CARTESIAN_POINT('', (141.5, -24., -5.4));
#598 = VERTEX_POINT('', #597);
#599 = CARTESIAN_POINT('', (165.99999999, -4., -7.2));
#600 = VERTEX_POINT('', #599);
#601 = CARTESIAN_POINT('', (165.99999998, 19.99999998, -7.2));
#602 = VERTEX_POINT('', #601);
#603 = CARTESIAN_POINT('', (165.99999998, 19.99999998, -2.2));
#604 = VERTEX_POINT('', #603);
#605 = CARTESIAN_POINT('', (165.99999999, -4., -2.2));
#606 = VERTEX_POINT('', #605);
#607 = CARTESIAN_POINT('', (142.00000001, 19.99999997, -7.2));
#608 = VERTEX_POINT('', #607);
#609 = CARTESIAN_POINT('', (142.00000001, 19.99999997, -2.2));
#610 = VERTEX_POINT('', #609);
#611 = CARTESIAN_POINT('', (142., -4., -7.2));
#612 = VERTEX_POINT('', #611);
#613 = CARTESIAN_POINT('', (142., -4., -2.2));
#614 = VERTEX_POINT('', #613);
#615 = CARTESIAN_POINT('', (175., -30., -10.8));
#616 = VERTEX_POINT('', #615);
#617 = CARTESIAN_POINT('', (175., 30., -10.8));
#618 = VERTEX_POINT('', #617);
#619 = CARTESIAN_POINT('', (175., 30., -8.8));
#620 = VERTEX_POINT('', #619);
#621 = CARTESIAN_POINT('', (175., -30., -8.8));
#622 = VERTEX_POINT('', #621);
#623 = CARTESIAN_POINT('', (95., 30., -10.8));
#624 = VERTEX_POINT('', #623);
#625 = CARTESIAN_POINT('', (95., 30., -8.8));
#626 = VERTEX_POINT('', #625);
#627 = CARTESIAN_POINT('', (95., -30., -10.8));
#628 = VERTEX_POINT('', #627);
#629 = CARTESIAN_POINT('', (95., -30., -8.8));
#630 = VERTEX_POINT('', #629);
#631 = CARTESIAN_POINT('', (171., -26., -8.8));
#632 = VERTEX_POINT('', #631);
#633 = CARTESIAN_POINT('', (171., 26., -8.8));
#634 = VERTEX_POINT('', #633);
#635 = CARTESIAN_POINT('', (171., 26., -7.2));
#636 = VERTEX_POINT('', #635);
#637 = CARTESIAN_POINT('', (171., -26., -7.2));
#638 = VERTEX_POINT('', #637);
#639 = CARTESIAN_POINT('', (99., 26., -8.8));
#640 = VERTEX_POINT('', #639);
#641 = CARTESIAN_POINT('', (99., 26., -7.2));
#642 = VERTEX_POINT('', #641);
#643 = CARTESIAN_POINT('', (99., -26., -8.8));
#644 = VERTEX_POINT('', #643);
#645 = CARTESIAN_POINT('', (99., -26., -7.2));
#646 = VERTEX_POINT('', #645);
#647 = CARTESIAN_POINT('', (127., -22., -7.2));
#648 = VERTEX_POINT('', #647);
#649 = CARTESIAN_POINT('', (126.99999999, -0.00000001, -7.2));
#650 = VERTEX_POINT('', #649);
#651 = CARTESIAN_POINT('', (126.99999999, -0.00000001, -4.2));
#652 = VERTEX_POINT('', #651);
#653 = CARTESIAN_POINT('', (127., -22., -4.2));
#654 = VERTEX_POINT('', #653);
#655 = CARTESIAN_POINT('', (105.00000001, -0.00000001, -7.2));
#656 = VERTEX_POINT('', #655);
#657 = CARTESIAN_POINT('', (105.00000001, -0.00000001, -4.2));
#658 = VERTEX_POINT('', #657);
#659 = CARTESIAN_POINT('', (105., -22., -7.2));
#660 = VERTEX_POINT('', #659);
#661 = CARTESIAN_POINT('', (105., -22., -4.2));
#662 = VERTEX_POINT('', #661);
#663 = CARTESIAN_POINT('', (138., -10., -4.2));
#664 = VERTEX_POINT('', #663);
#665 = CARTESIAN_POINT('', (138., -10., -7.2));
#666 = VERTEX_POINT('', #665);
#667 = CARTESIAN_POINT('', (105.5, 8., -7.2));
#668 = VERTEX_POINT('', #667);
#669 = CARTESIAN_POINT('', (105.5, 20., -7.2));
#670 = VERTEX_POINT('', #669);
#671 = CARTESIAN_POINT('', (105.5, 20., -3.2));
#672 = VERTEX_POINT('', #671);
#673 = CARTESIAN_POINT('', (105.5, 8., -3.2));
#674 = VERTEX_POINT('', #673);
#675 = CARTESIAN_POINT('', (100.5, 20., -7.2));
#676 = VERTEX_POINT('', #675);
#677 = CARTESIAN_POINT('', (100.5, 20., -3.2));
#678 = VERTEX_POINT('', #677);
#679 = CARTESIAN_POINT('', (100.5, 8., -7.2));
#680 = VERTEX_POINT('', #679);
#681 = CARTESIAN_POINT('', (100.5, 8., -3.2));
#682 = VERTEX_POINT('', #681);
#683 = CARTESIAN_POINT('', (104.5, 9.5, -5.2));
#684 = VERTEX_POINT('', #683);
#685 = CARTESIAN_POINT('', (104.5, 18.5, -5.2));
#686 = VERTEX_POINT('', #685);
#687 = CARTESIAN_POINT('', (101.5, 18.5, -5.2));
#688 = VERTEX_POINT('', #687);
#689 = CARTESIAN_POINT('', (101.5, 9.5, -5.2));
#690 = VERTEX_POINT('', #689);
#691 = CARTESIAN_POINT('', (104.5, 9.5, -3.2));
#692 = VERTEX_POINT('', #691);
#693 = CARTESIAN_POINT('', (104.5, 18.5, -3.2));
#694 = VERTEX_POINT('', #693);
#695 = CARTESIAN_POINT('', (101.5, 18.5, -3.2));
#696 = VERTEX_POINT('', #695);
#697 = CARTESIAN_POINT('', (101.5, 9.5, -3.2));
#698 = VERTEX_POINT('', #697);
#699 = CARTESIAN_POINT('', (93., 47., 0.));
#700 = VERTEX_POINT('', #699);
#701 = CARTESIAN_POINT('', (95., 47., 0.));
#702 = VERTEX_POINT('', #701);
#703 = CARTESIAN_POINT('', (95., 38.5939239, 26.82366563));
#704 = VERTEX_POINT('', #703);
#705 = CARTESIAN_POINT('', (93., 38.5939239, 26.82366563));
#706 = VERTEX_POINT('', #705);
#707 = CARTESIAN_POINT('', (93., -45.35581609, -12.32274103));
#708 = VERTEX_POINT('', #707);
#709 = CARTESIAN_POINT('', (95., -45.35581609, -12.32274103));
#710 = VERTEX_POINT('', #709);
#711 = CARTESIAN_POINT('', (174., -29., -8.8));
#712 = VERTEX_POINT('', #711);
#713 = CARTESIAN_POINT('', (174., 29., -8.8));
#714 = VERTEX_POINT('', #713);
#715 = CARTESIAN_POINT('', (174., 29., 5.2));
#716 = VERTEX_POINT('', #715);
#717 = CARTESIAN_POINT('', (174., -29., 5.2));
#718 = VERTEX_POINT('', #717);
#719 = CARTESIAN_POINT('', (96., 29., -8.8));
#720 = VERTEX_POINT('', #719);
#721 = CARTESIAN_POINT('', (96., 29., 5.2));
#722 = VERTEX_POINT('', #721);
#723 = CARTESIAN_POINT('', (96., -29., -8.8));
#724 = VERTEX_POINT('', #723);
#725 = CARTESIAN_POINT('', (96., -29., 5.2));
#726 = VERTEX_POINT('', #725);
#727 = CARTESIAN_POINT('', (172., -27., -8.8));
#728 = VERTEX_POINT('', #727);
#729 = CARTESIAN_POINT('', (172., 27., -8.8));
#730 = VERTEX_POINT('', #729);
#731 = CARTESIAN_POINT('', (98., 27., -8.8));
#732 = VERTEX_POINT('', #731);
#733 = CARTESIAN_POINT('', (98., -27., -8.8));
#734 = VERTEX_POINT('', #733);
#735 = CARTESIAN_POINT('', (172., -27., 5.2));
#736 = VERTEX_POINT('', #735);
#737 = CARTESIAN_POINT('', (172., 27., 5.2));
#738 = VERTEX_POINT('', #737);
#739 = CARTESIAN_POINT('', (98., 27., 5.2));
#740 = VERTEX_POINT('', #739);
#741 = CARTESIAN_POINT('', (98., -27., 5.2));
#742 = VERTEX_POINT('', #741);
#743 = CARTESIAN_POINT('', (171., -29., -3.8));
#744 = VERTEX_POINT('', #743);
#745 = CARTESIAN_POINT('', (171., -29., 5.2));
#746 = VERTEX_POINT('', #745);
#747 = CARTESIAN_POINT('', (99., -29., 5.2));
#748 = VERTEX_POINT('', #747);
#749 = CARTESIAN_POINT('', (99., -29., -3.8));
#750 = VERTEX_POINT('', #749);
#751 = CARTESIAN_POINT('', (171., -27., 5.2));
#752 = VERTEX_POINT('', #751);
#753 = CARTESIAN_POINT('', (99., -27., 5.2));
#754 = VERTEX_POINT('', #753);
#755 = CARTESIAN_POINT('', (171., -27., -3.8));
#756 = VERTEX_POINT('', #755);
#757 = CARTESIAN_POINT('', (99., -27., -3.8));
#758 = VERTEX_POINT('', #757);
#759 = CARTESIAN_POINT('', (-119., -21., -15.8));
#760 = VERTEX_POINT('', #759);
#761 = CARTESIAN_POINT('', (-119., 21., -15.8));
#762 = VERTEX_POINT('', #761);
#763 = CARTESIAN_POINT('', (-119., 21., -3.8));
#764 = VERTEX_POINT('', #763);
#765 = CARTESIAN_POINT('', (-119., -21., -3.8));
#766 = VERTEX_POINT('', #765);
#767 = CARTESIAN_POINT('', (-151., 21., -15.8));
#768 = VERTEX_POINT('', #767);
#769 = CARTESIAN_POINT('', (-151., 21., -3.8));
#770 = VERTEX_POINT('', #769);
#771 = CARTESIAN_POINT('', (-151., -21., -15.8));
#772 = VERTEX_POINT('', #771);
#773 = CARTESIAN_POINT('', (-151., -21., -3.8));
#774 = VERTEX_POINT('', #773);
#775 = CARTESIAN_POINT('', (-121., -19., -15.8));
#776 = VERTEX_POINT('', #775);
#777 = CARTESIAN_POINT('', (-121., 19., -15.8));
#778 = VERTEX_POINT('', #777);
#779 = CARTESIAN_POINT('', (-149., 19., -15.8));
#780 = VERTEX_POINT('', #779);
#781 = CARTESIAN_POINT('', (-149., -19., -15.8));
#782 = VERTEX_POINT('', #781);
#783 = CARTESIAN_POINT('', (-121., -19., -3.8));
#784 = VERTEX_POINT('', #783);
#785 = CARTESIAN_POINT('', (-121., 19., -3.8));
#786 = VERTEX_POINT('', #785);
#787 = CARTESIAN_POINT('', (-149., 19., -3.8));
#788 = VERTEX_POINT('', #787);
#789 = CARTESIAN_POINT('', (-149., -19., -3.8));
#790 = VERTEX_POINT('', #789);
#791 = CARTESIAN_POINT('', (-122., -21., -10.8));
#792 = VERTEX_POINT('', #791);
#793 = CARTESIAN_POINT('', (-122., -21., -3.8));
#794 = VERTEX_POINT('', #793);
#795 = CARTESIAN_POINT('', (-148., -21., -3.8));
#796 = VERTEX_POINT('', #795);
#797 = CARTESIAN_POINT('', (-148., -21., -10.8));
#798 = VERTEX_POINT('', #797);
#799 = CARTESIAN_POINT('', (-122., -19., -3.8));
#800 = VERTEX_POINT('', #799);
#801 = CARTESIAN_POINT('', (-148., -19., -3.8));
#802 = VERTEX_POINT('', #801);
#803 = CARTESIAN_POINT('', (-122., -19., -10.8));
#804 = VERTEX_POINT('', #803);
#805 = CARTESIAN_POINT('', (-148., -19., -10.8));
#806 = VERTEX_POINT('', #805);
#807 = CARTESIAN_POINT('', (-179., 50., 0.));
#808 = VERTEX_POINT('', #807);
#809 = CARTESIAN_POINT('', (-91., 50., 0.));
#810 = VERTEX_POINT('', #809);
#811 = CARTESIAN_POINT('', (-179., 47., -0.));
#812 = VERTEX_POINT('', #811);
#813 = CARTESIAN_POINT('', (-91., 47., -0.));
#814 = VERTEX_POINT('', #813);
#815 = CARTESIAN_POINT('', (-179., 0.00000083, -47.));
#816 = VERTEX_POINT('', #815);
#817 = CARTESIAN_POINT('', (-91., 0.00000083, -47.));
#818 = VERTEX_POINT('', #817);
#819 = CARTESIAN_POINT('', (-91., 41.35064575, 28.10914613));
#820 = VERTEX_POINT('', #819);
#821 = CARTESIAN_POINT('', (-179., 41.35064575, 28.10914613));
#822 = VERTEX_POINT('', #821);
#823 = CARTESIAN_POINT('', (-179., 38.5939239, 26.82366563));
#824 = VERTEX_POINT('', #823);
#825 = CARTESIAN_POINT('', (-179., -45.35581609, -12.32274103));
#826 = VERTEX_POINT('', #825);
#827 = CARTESIAN_POINT('', (-179., -48.11253793, -13.60822154));
#828 = VERTEX_POINT('', #827);
#829 = CARTESIAN_POINT('', (-91., 38.5939239, 26.82366563));
#830 = VERTEX_POINT('', #829);
#831 = CARTESIAN_POINT('', (-91., -45.35581609, -12.32274103));
#832 = VERTEX_POINT('', #831);
#833 = CARTESIAN_POINT('', (-91., -48.11253793, -13.60822154));
#834 = VERTEX_POINT('', #833);
#835 = CARTESIAN_POINT('', (-91., 50., 0.));
#836 = VERTEX_POINT('', #835);
#837 = CARTESIAN_POINT('', (-89., 50., 0.));
#838 = VERTEX_POINT('', #837);
#839 = CARTESIAN_POINT('', (-91., 47., 0.));
#840 = VERTEX_POINT('', #839);
#841 = CARTESIAN_POINT('', (-89., 47., 0.));
#842 = VERTEX_POINT('', #841);
#843 = CARTESIAN_POINT('', (-91., -0., -47.));
#844 = VERTEX_POINT('', #843);
#845 = CARTESIAN_POINT('', (-89., -0., -47.));
#846 = VERTEX_POINT('', #845);
#847 = CARTESIAN_POINT('', (-89., 41.35064575, 28.10914613));
#848 = VERTEX_POINT('', #847);
#849 = CARTESIAN_POINT('', (-91., 41.35064575, 28.10914613));
#850 = VERTEX_POINT('', #849);
#851 = CARTESIAN_POINT('', (-91., 38.5939239, 26.82366563));
#852 = VERTEX_POINT('', #851);
#853 = CARTESIAN_POINT('', (-91., -45.35581609, -12.32274103));
#854 = VERTEX_POINT('', #853);
#855 = CARTESIAN_POINT('', (-91., -48.11253794, -13.60822154));
#856 = VERTEX_POINT('', #855);
#857 = CARTESIAN_POINT('', (-89., 38.5939239, 26.82366563));
#858 = VERTEX_POINT('', #857);
#859 = CARTESIAN_POINT('', (-89., -45.35581609, -12.32274103));
#860 = VERTEX_POINT('', #859);
#861 = CARTESIAN_POINT('', (-89., -48.11253794, -13.60822154));
#862 = VERTEX_POINT('', #861);
#863 = CARTESIAN_POINT('', (195., 50.27706933, -0.));
#864 = CARTESIAN_POINT('', (229.74920659, 47.15456004, -0.));
#865 = CARTESIAN_POINT('', (254.95749409, 27.41730994, 0.));
#866 = CARTESIAN_POINT('', (277., 5., 0.));
#867 = (
  BOUNDED_CURVE()
  B_SPLINE_CURVE(3, (#863, #864, #865, #866), .UNSPECIFIED., .F., .F.)
  B_SPLINE_CURVE_WITH_KNOTS((4, 4), (0., 1.), .UNSPECIFIED.)
  CURVE()
  GEOMETRIC_REPRESENTATION_ITEM()
  RATIONAL_B_SPLINE_CURVE((1., 1., 1., 1.))
  REPRESENTATION_ITEM('')
);
#868 = DIRECTION('', (0., 1., 0.));
#869 = DIRECTION('', (1., -0., -0.));
#870 = CARTESIAN_POINT('', (277., 0., -0.));
#871 = AXIS2_PLACEMENT_3D('', #870, #869, #868);
#872 = CIRCLE('', #871, 5.);
#873 = DIRECTION('', (0., 1., -0.));
#874 = DIRECTION('', (-1., -0., -0.));
#875 = CARTESIAN_POINT('', (195., 0., 0.));
#876 = AXIS2_PLACEMENT_3D('', #875, #874, #873);
#877 = CIRCLE('', #876, 50.27706933);
#878 = DIRECTION('', (0., 1., 0.));
#879 = VECTOR('', #878, 1.);
#880 = CARTESIAN_POINT('', (-133., -18., -45.));
#881 = LINE('', #880, #879);
#882 = DIRECTION('', (0., -0., 1.));
#883 = VECTOR('', #882, 1.);
#884 = CARTESIAN_POINT('', (-133., -14., -45.));
#885 = LINE('', #884, #883);
#886 = DIRECTION('', (0., 1., 0.));
#887 = VECTOR('', #886, 1.);
#888 = CARTESIAN_POINT('', (-133., -18., -17.8));
#889 = LINE('', #888, #887);
#890 = DIRECTION('', (0., -0., 1.));
#891 = VECTOR('', #890, 1.);
#892 = CARTESIAN_POINT('', (-133., -18., -45.));
#893 = LINE('', #892, #891);
#894 = DIRECTION('', (-1., -0., 0.));
#895 = VECTOR('', #894, 1.);
#896 = CARTESIAN_POINT('', (-133., -14., -45.));
#897 = LINE('', #896, #895);
#898 = DIRECTION('', (0., -0., 1.));
#899 = VECTOR('', #898, 1.);
#900 = CARTESIAN_POINT('', (-137., -14., -45.));
#901 = LINE('', #900, #899);
#902 = DIRECTION('', (-1., -0., 0.));
#903 = VECTOR('', #902, 1.);
#904 = CARTESIAN_POINT('', (-133., -14., -17.8));
#905 = LINE('', #904, #903);
#906 = DIRECTION('', (0., -1., 0.));
#907 = VECTOR('', #906, 1.);
#908 = CARTESIAN_POINT('', (-137., -14., -45.));
#909 = LINE('', #908, #907);
#910 = DIRECTION('', (0., -0., 1.));
#911 = VECTOR('', #910, 1.);
#912 = CARTESIAN_POINT('', (-137., -18., -45.));
#913 = LINE('', #912, #911);
#914 = DIRECTION('', (0., -1., 0.));
#915 = VECTOR('', #914, 1.);
#916 = CARTESIAN_POINT('', (-137., -14., -17.8));
#917 = LINE('', #916, #915);
#918 = DIRECTION('', (1., -0., 0.));
#919 = VECTOR('', #918, 1.);
#920 = CARTESIAN_POINT('', (-137., -18., -45.));
#921 = LINE('', #920, #919);
#922 = DIRECTION('', (1., -0., 0.));
#923 = VECTOR('', #922, 1.);
#924 = CARTESIAN_POINT('', (-137., -18., -17.8));
#925 = LINE('', #924, #923);
#926 = DIRECTION('', (0., 1., 0.));
#927 = VECTOR('', #926, 1.);
#928 = CARTESIAN_POINT('', (-133., 14., -45.));
#929 = LINE('', #928, #927);
#930 = DIRECTION('', (0., -0., 1.));
#931 = VECTOR('', #930, 1.);
#932 = CARTESIAN_POINT('', (-133., 18., -45.));
#933 = LINE('', #932, #931);
#934 = DIRECTION('', (0., 1., 0.));
#935 = VECTOR('', #934, 1.);
#936 = CARTESIAN_POINT('', (-133., 14., -17.8));
#937 = LINE('', #936, #935);
#938 = DIRECTION('', (0., -0., 1.));
#939 = VECTOR('', #938, 1.);
#940 = CARTESIAN_POINT('', (-133., 14., -45.));
#941 = LINE('', #940, #939);
#942 = DIRECTION('', (-1., -0., 0.));
#943 = VECTOR('', #942, 1.);
#944 = CARTESIAN_POINT('', (-133., 18., -45.));
#945 = LINE('', #944, #943);
#946 = DIRECTION('', (0., -0., 1.));
#947 = VECTOR('', #946, 1.);
#948 = CARTESIAN_POINT('', (-137., 18., -45.));
#949 = LINE('', #948, #947);
#950 = DIRECTION('', (-1., -0., 0.));
#951 = VECTOR('', #950, 1.);
#952 = CARTESIAN_POINT('', (-133., 18., -17.8));
#953 = LINE('', #952, #951);
#954 = DIRECTION('', (0., -1., 0.));
#955 = VECTOR('', #954, 1.);
#956 = CARTESIAN_POINT('', (-137., 18., -45.));
#957 = LINE('', #956, #955);
#958 = DIRECTION('', (0., -0., 1.));
#959 = VECTOR('', #958, 1.);
#960 = CARTESIAN_POINT('', (-137., 14., -45.));
#961 = LINE('', #960, #959);
#962 = DIRECTION('', (0., -1., 0.));
#963 = VECTOR('', #962, 1.);
#964 = CARTESIAN_POINT('', (-137., 18., -17.8));
#965 = LINE('', #964, #963);
#966 = DIRECTION('', (1., -0., 0.));
#967 = VECTOR('', #966, 1.);
#968 = CARTESIAN_POINT('', (-137., 14., -45.));
#969 = LINE('', #968, #967);
#970 = DIRECTION('', (1., -0., 0.));
#971 = VECTOR('', #970, 1.);
#972 = CARTESIAN_POINT('', (-137., 14., -17.8));
#973 = LINE('', #972, #971);
#974 = DIRECTION('', (0., 1., 0.));
#975 = VECTOR('', #974, 1.);
#976 = CARTESIAN_POINT('', (-133.5, 11., -14.2));
#977 = LINE('', #976, #975);
#978 = DIRECTION('', (0., -0., 1.));
#979 = VECTOR('', #978, 1.);
#980 = CARTESIAN_POINT('', (-133.5, 15., -14.2));
#981 = LINE('', #980, #979);
#982 = DIRECTION('', (0., 1., 0.));
#983 = VECTOR('', #982, 1.);
#984 = CARTESIAN_POINT('', (-133.5, 11., -12.4));
#985 = LINE('', #984, #983);
#986 = DIRECTION('', (0., -0., 1.));
#987 = VECTOR('', #986, 1.);
#988 = CARTESIAN_POINT('', (-133.5, 11., -14.2));
#989 = LINE('', #988, #987);
#990 = DIRECTION('', (-1., -0., 0.));
#991 = VECTOR('', #990, 1.);
#992 = CARTESIAN_POINT('', (-133.5, 15., -14.2));
#993 = LINE('', #992, #991);
#994 = DIRECTION('', (0., -0., 1.));
#995 = VECTOR('', #994, 1.);
#996 = CARTESIAN_POINT('', (-136.5, 15., -14.2));
#997 = LINE('', #996, #995);
#998 = DIRECTION('', (-1., -0., 0.));
#999 = VECTOR('', #998, 1.);
#1000 = CARTESIAN_POINT('', (-133.5, 15., -12.4));
#1001 = LINE('', #1000, #999);
#1002 = DIRECTION('', (0., -1., 0.));
#1003 = VECTOR('', #1002, 1.);
#1004 = CARTESIAN_POINT('', (-136.5, 15., -14.2));
#1005 = LINE('', #1004, #1003);
#1006 = DIRECTION('', (0., -0., 1.));
#1007 = VECTOR('', #1006, 1.);
#1008 = CARTESIAN_POINT('', (-136.5, 11., -14.2));
#1009 = LINE('', #1008, #1007);
#1010 = DIRECTION('', (0., -1., 0.));
#1011 = VECTOR('', #1010, 1.);
#1012 = CARTESIAN_POINT('', (-136.5, 15., -12.4));
#1013 = LINE('', #1012, #1011);
#1014 = DIRECTION('', (1., -0., 0.));
#1015 = VECTOR('', #1014, 1.);
#1016 = CARTESIAN_POINT('', (-136.5, 11., -14.2));
#1017 = LINE('', #1016, #1015);
#1018 = DIRECTION('', (1., -0., 0.));
#1019 = VECTOR('', #1018, 1.);
#1020 = CARTESIAN_POINT('', (-136.5, 11., -12.4));
#1021 = LINE('', #1020, #1019);
#1022 = DIRECTION('', (0., 1., 0.));
#1023 = VECTOR('', #1022, 1.);
#1024 = CARTESIAN_POINT('', (-128.5, 11., -14.2));
#1025 = LINE('', #1024, #1023);
#1026 = DIRECTION('', (0., -0., 1.));
#1027 = VECTOR('', #1026, 1.);
#1028 = CARTESIAN_POINT('', (-128.5, 15., -14.2));
#1029 = LINE('', #1028, #1027);
#1030 = DIRECTION('', (0., 1., 0.));
#1031 = VECTOR('', #1030, 1.);
#1032 = CARTESIAN_POINT('', (-128.5, 11., -12.4));
#1033 = LINE('', #1032, #1031);
#1034 = DIRECTION('', (0., -0., 1.));
#1035 = VECTOR('', #1034, 1.);
#1036 = CARTESIAN_POINT('', (-128.5, 11., -14.2));
#1037 = LINE('', #1036, #1035);
#1038 = DIRECTION('', (-1., -0., 0.));
#1039 = VECTOR('', #1038, 1.);
#1040 = CARTESIAN_POINT('', (-128.5, 15., -14.2));
#1041 = LINE('', #1040, #1039);
#1042 = DIRECTION('', (0., -0., 1.));
#1043 = VECTOR('', #1042, 1.);
#1044 = CARTESIAN_POINT('', (-131.5, 15., -14.2));
#1045 = LINE('', #1044, #1043);
#1046 = DIRECTION('', (-1., -0., 0.));
#1047 = VECTOR('', #1046, 1.);
#1048 = CARTESIAN_POINT('', (-128.5, 15., -12.4));
#1049 = LINE('', #1048, #1047);
#1050 = DIRECTION('', (0., -1., 0.));
#1051 = VECTOR('', #1050, 1.);
#1052 = CARTESIAN_POINT('', (-131.5, 15., -14.2));
#1053 = LINE('', #1052, #1051);
#1054 = DIRECTION('', (0., -0., 1.));
#1055 = VECTOR('', #1054, 1.);
#1056 = CARTESIAN_POINT('', (-131.5, 11., -14.2));
#1057 = LINE('', #1056, #1055);
#1058 = DIRECTION('', (0., -1., 0.));
#1059 = VECTOR('', #1058, 1.);
#1060 = CARTESIAN_POINT('', (-131.5, 15., -12.4));
#1061 = LINE('', #1060, #1059);
#1062 = DIRECTION('', (1., -0., 0.));
#1063 = VECTOR('', #1062, 1.);
#1064 = CARTESIAN_POINT('', (-131.5, 11., -14.2));
#1065 = LINE('', #1064, #1063);
#1066 = DIRECTION('', (1., -0., 0.));
#1067 = VECTOR('', #1066, 1.);
#1068 = CARTESIAN_POINT('', (-131.5, 11., -12.4));
#1069 = LINE('', #1068, #1067);
#1070 = DIRECTION('', (0., 1., 0.));
#1071 = VECTOR('', #1070, 1.);
#1072 = CARTESIAN_POINT('', (-141.5, -6., -14.2));
#1073 = LINE('', #1072, #1071);
#1074 = DIRECTION('', (0., -0., 1.));
#1075 = VECTOR('', #1074, 1.);
#1076 = CARTESIAN_POINT('', (-141.5, 6., -14.2));
#1077 = LINE('', #1076, #1075);
#1078 = DIRECTION('', (0., 1., 0.));
#1079 = VECTOR('', #1078, 1.);
#1080 = CARTESIAN_POINT('', (-141.5, -6., -10.2));
#1081 = LINE('', #1080, #1079);
#1082 = DIRECTION('', (0., -0., 1.));
#1083 = VECTOR('', #1082, 1.);
#1084 = CARTESIAN_POINT('', (-141.5, -6., -14.2));
#1085 = LINE('', #1084, #1083);
#1086 = DIRECTION('', (-1., -0., 0.));
#1087 = VECTOR('', #1086, 1.);
#1088 = CARTESIAN_POINT('', (-141.5, 6., -14.2));
#1089 = LINE('', #1088, #1087);
#1090 = DIRECTION('', (0., -0., 1.));
#1091 = VECTOR('', #1090, 1.);
#1092 = CARTESIAN_POINT('', (-146.5, 6., -14.2));
#1093 = LINE('', #1092, #1091);
#1094 = DIRECTION('', (-1., -0., 0.));
#1095 = VECTOR('', #1094, 1.);
#1096 = CARTESIAN_POINT('', (-141.5, 6., -10.2));
#1097 = LINE('', #1096, #1095);
#1098 = DIRECTION('', (0., -1., 0.));
#1099 = VECTOR('', #1098, 1.);
#1100 = CARTESIAN_POINT('', (-146.5, 6., -14.2));
#1101 = LINE('', #1100, #1099);
#1102 = DIRECTION('', (0., -0., 1.));
#1103 = VECTOR('', #1102, 1.);
#1104 = CARTESIAN_POINT('', (-146.5, -6., -14.2));
#1105 = LINE('', #1104, #1103);
#1106 = DIRECTION('', (0., -1., 0.));
#1107 = VECTOR('', #1106, 1.);
#1108 = CARTESIAN_POINT('', (-146.5, 6., -10.2));
#1109 = LINE('', #1108, #1107);
#1110 = DIRECTION('', (1., -0., 0.));
#1111 = VECTOR('', #1110, 1.);
#1112 = CARTESIAN_POINT('', (-146.5, -6., -14.2));
#1113 = LINE('', #1112, #1111);
#1114 = DIRECTION('', (1., -0., 0.));
#1115 = VECTOR('', #1114, 1.);
#1116 = CARTESIAN_POINT('', (-146.5, -6., -10.2));
#1117 = LINE('', #1116, #1115);
#1118 = DIRECTION('', (0., 1., 0.));
#1119 = VECTOR('', #1118, 1.);
#1120 = CARTESIAN_POINT('', (-142.5, -4.5, -12.2));
#1121 = LINE('', #1120, #1119);
#1122 = DIRECTION('', (0., -0., 1.));
#1123 = VECTOR('', #1122, 1.);
#1124 = CARTESIAN_POINT('', (-142.5, 4.5, -12.2));
#1125 = LINE('', #1124, #1123);
#1126 = DIRECTION('', (0., -0., 1.));
#1127 = VECTOR('', #1126, 1.);
#1128 = CARTESIAN_POINT('', (-142.5, -4.5, -12.2));
#1129 = LINE('', #1128, #1127);
#1130 = DIRECTION('', (-1., -0., 0.));
#1131 = VECTOR('', #1130, 1.);
#1132 = CARTESIAN_POINT('', (-142.5, 4.5, -12.2));
#1133 = LINE('', #1132, #1131);
#1134 = DIRECTION('', (0., -0., 1.));
#1135 = VECTOR('', #1134, 1.);
#1136 = CARTESIAN_POINT('', (-145.5, 4.5, -12.2));
#1137 = LINE('', #1136, #1135);
#1138 = DIRECTION('', (0., -1., 0.));
#1139 = VECTOR('', #1138, 1.);
#1140 = CARTESIAN_POINT('', (-145.5, 4.5, -12.2));
#1141 = LINE('', #1140, #1139);
#1142 = DIRECTION('', (0., -0., 1.));
#1143 = VECTOR('', #1142, 1.);
#1144 = CARTESIAN_POINT('', (-145.5, -4.5, -12.2));
#1145 = LINE('', #1144, #1143);
#1146 = DIRECTION('', (1., -0., 0.));
#1147 = VECTOR('', #1146, 1.);
#1148 = CARTESIAN_POINT('', (-145.5, -4.5, -12.2));
#1149 = LINE('', #1148, #1147);
#1150 = DIRECTION('', (0., 1., 0.));
#1151 = VECTOR('', #1150, 1.);
#1152 = CARTESIAN_POINT('', (-142.5, -4.5, -10.2));
#1153 = LINE('', #1152, #1151);
#1154 = DIRECTION('', (-1., -0., 0.));
#1155 = VECTOR('', #1154, 1.);
#1156 = CARTESIAN_POINT('', (-142.5, 4.5, -10.2));
#1157 = LINE('', #1156, #1155);
#1158 = DIRECTION('', (0., -1., 0.));
#1159 = VECTOR('', #1158, 1.);
#1160 = CARTESIAN_POINT('', (-145.5, 4.5, -10.2));
#1161 = LINE('', #1160, #1159);
#1162 = DIRECTION('', (1., -0., 0.));
#1163 = VECTOR('', #1162, 1.);
#1164 = CARTESIAN_POINT('', (-145.5, -4.5, -10.2));
#1165 = LINE('', #1164, #1163);
#1166 = DIRECTION('', (0., 1., 0.));
#1167 = VECTOR('', #1166, 1.);
#1168 = CARTESIAN_POINT('', (166.5, -9., -5.7));
#1169 = LINE('', #1168, #1167);
#1170 = DIRECTION('', (0., -0., 1.));
#1171 = VECTOR('', #1170, 1.);
#1172 = CARTESIAN_POINT('', (166.5, -4., -5.7));
#1173 = LINE('', #1172, #1171);
#1174 = DIRECTION('', (0., 1., 0.));
#1175 = VECTOR('', #1174, 1.);
#1176 = CARTESIAN_POINT('', (166.5, -9., -4.7));
#1177 = LINE('', #1176, #1175);
#1178 = DIRECTION('', (0., -0., 1.));
#1179 = VECTOR('', #1178, 1.);
#1180 = CARTESIAN_POINT('', (166.5, -9., -5.7));
#1181 = LINE('', #1180, #1179);
#1182 = DIRECTION('', (-1., -0., 0.));
#1183 = VECTOR('', #1182, 1.);
#1184 = CARTESIAN_POINT('', (166.5, -4., -5.7));
#1185 = LINE('', #1184, #1183);
#1186 = DIRECTION('', (0., -0., 1.));
#1187 = VECTOR('', #1186, 1.);
#1188 = CARTESIAN_POINT('', (165.5, -4., -5.7));
#1189 = LINE('', #1188, #1187);
#1190 = DIRECTION('', (-1., -0., 0.));
#1191 = VECTOR('', #1190, 1.);
#1192 = CARTESIAN_POINT('', (166.5, -4., -4.7));
#1193 = LINE('', #1192, #1191);
#1194 = DIRECTION('', (0., -1., 0.));
#1195 = VECTOR('', #1194, 1.);
#1196 = CARTESIAN_POINT('', (165.5, -4., -5.7));
#1197 = LINE('', #1196, #1195);
#1198 = DIRECTION('', (0., -0., 1.));
#1199 = VECTOR('', #1198, 1.);
#1200 = CARTESIAN_POINT('', (165.5, -9., -5.7));
#1201 = LINE('', #1200, #1199);
#1202 = DIRECTION('', (0., -1., 0.));
#1203 = VECTOR('', #1202, 1.);
#1204 = CARTESIAN_POINT('', (165.5, -4., -4.7));
#1205 = LINE('', #1204, #1203);
#1206 = DIRECTION('', (1., -0., 0.));
#1207 = VECTOR('', #1206, 1.);
#1208 = CARTESIAN_POINT('', (165.5, -9., -5.7));
#1209 = LINE('', #1208, #1207);
#1210 = DIRECTION('', (1., -0., 0.));
#1211 = VECTOR('', #1210, 1.);
#1212 = CARTESIAN_POINT('', (165.5, -9., -4.7));
#1213 = LINE('', #1212, #1211);
#1214 = DIRECTION('', (0., 1., 0.));
#1215 = VECTOR('', #1214, 1.);
#1216 = CARTESIAN_POINT('', (110.5, 13.5, -5.7));
#1217 = LINE('', #1216, #1215);
#1218 = DIRECTION('', (0., -0., 1.));
#1219 = VECTOR('', #1218, 1.);
#1220 = CARTESIAN_POINT('', (110.5, 14.5, -5.7));
#1221 = LINE('', #1220, #1219);
#1222 = DIRECTION('', (0., 1., 0.));
#1223 = VECTOR('', #1222, 1.);
#1224 = CARTESIAN_POINT('', (110.5, 13.5, -4.7));
#1225 = LINE('', #1224, #1223);
#1226 = DIRECTION('', (0., -0., 1.));
#1227 = VECTOR('', #1226, 1.);
#1228 = CARTESIAN_POINT('', (110.5, 13.5, -5.7));
#1229 = LINE('', #1228, #1227);
#1230 = DIRECTION('', (-1., -0., 0.));
#1231 = VECTOR('', #1230, 1.);
#1232 = CARTESIAN_POINT('', (110.5, 14.5, -5.7));
#1233 = LINE('', #1232, #1231);
#1234 = DIRECTION('', (0., -0., 1.));
#1235 = VECTOR('', #1234, 1.);
#1236 = CARTESIAN_POINT('', (105.5, 14.5, -5.7));
#1237 = LINE('', #1236, #1235);
#1238 = DIRECTION('', (-1., -0., 0.));
#1239 = VECTOR('', #1238, 1.);
#1240 = CARTESIAN_POINT('', (110.5, 14.5, -4.7));
#1241 = LINE('', #1240, #1239);
#1242 = DIRECTION('', (0., -1., 0.));
#1243 = VECTOR('', #1242, 1.);
#1244 = CARTESIAN_POINT('', (105.5, 14.5, -5.7));
#1245 = LINE('', #1244, #1243);
#1246 = DIRECTION('', (0., -0., 1.));
#1247 = VECTOR('', #1246, 1.);
#1248 = CARTESIAN_POINT('', (105.5, 13.5, -5.7));
#1249 = LINE('', #1248, #1247);
#1250 = DIRECTION('', (0., -1., 0.));
#1251 = VECTOR('', #1250, 1.);
#1252 = CARTESIAN_POINT('', (105.5, 14.5, -4.7));
#1253 = LINE('', #1252, #1251);
#1254 = DIRECTION('', (1., -0., 0.));
#1255 = VECTOR('', #1254, 1.);
#1256 = CARTESIAN_POINT('', (105.5, 13.5, -5.7));
#1257 = LINE('', #1256, #1255);
#1258 = DIRECTION('', (1., -0., 0.));
#1259 = VECTOR('', #1258, 1.);
#1260 = CARTESIAN_POINT('', (105.5, 13.5, -4.7));
#1261 = LINE('', #1260, #1259);
#1262 = DIRECTION('', (0., 1., 0.));
#1263 = DIRECTION('', (0., -0., -1.));
#1264 = CARTESIAN_POINT('', (138., -14., -2.2));
#1265 = AXIS2_PLACEMENT_3D('', #1264, #1263, #1262);
#1266 = CIRCLE('', #1265, 3.5);
#1267 = DIRECTION('', (0., -0., -1.));
#1268 = VECTOR('', #1267, 1.);
#1269 = CARTESIAN_POINT('', (138., -10.5, -2.2));
#1270 = LINE('', #1269, #1268);
#1271 = DIRECTION('', (0., 1., 0.));
#1272 = DIRECTION('', (0., -0., -1.));
#1273 = CARTESIAN_POINT('', (138., -14., -4.2));
#1274 = AXIS2_PLACEMENT_3D('', #1273, #1272, #1271);
#1275 = CIRCLE('', #1274, 3.5);
#1276 = DIRECTION('', (-0., 1., 0.));
#1277 = VECTOR('', #1276, 1.);
#1278 = CARTESIAN_POINT('', (165., -3., -2.2));
#1279 = LINE('', #1278, #1277);
#1280 = DIRECTION('', (0., -0., 1.));
#1281 = VECTOR('', #1280, 1.);
#1282 = CARTESIAN_POINT('', (164.99999999, 18.99999999, -2.2));
#1283 = LINE('', #1282, #1281);
#1284 = DIRECTION('', (-0., 1., 0.));
#1285 = VECTOR('', #1284, 1.);
#1286 = CARTESIAN_POINT('', (165., -3., 0.8));
#1287 = LINE('', #1286, #1285);
#1288 = DIRECTION('', (0., -0., 1.));
#1289 = VECTOR('', #1288, 1.);
#1290 = CARTESIAN_POINT('', (165., -3., -2.2));
#1291 = LINE('', #1290, #1289);
#1292 = DIRECTION('', (-1., -0., 0.));
#1293 = VECTOR('', #1292, 1.);
#1294 = CARTESIAN_POINT('', (164.99999999, 18.99999999, -2.2));
#1295 = LINE('', #1294, #1293);
#1296 = DIRECTION('', (0., -0., 1.));
#1297 = VECTOR('', #1296, 1.);
#1298 = CARTESIAN_POINT('', (143.00000001, 18.99999999, -2.2));
#1299 = LINE('', #1298, #1297);
#1300 = DIRECTION('', (-1., -0., 0.));
#1301 = VECTOR('', #1300, 1.);
#1302 = CARTESIAN_POINT('', (164.99999999, 18.99999999, 0.8));
#1303 = LINE('', #1302, #1301);
#1304 = DIRECTION('', (-0., -1., 0.));
#1305 = VECTOR('', #1304, 1.);
#1306 = CARTESIAN_POINT('', (143.00000001, 18.99999999, -2.2));
#1307 = LINE('', #1306, #1305);
#1308 = DIRECTION('', (0., -0., 1.));
#1309 = VECTOR('', #1308, 1.);
#1310 = CARTESIAN_POINT('', (143., -3., -2.2));
#1311 = LINE('', #1310, #1309);
#1312 = DIRECTION('', (-0., -1., 0.));
#1313 = VECTOR('', #1312, 1.);
#1314 = CARTESIAN_POINT('', (143.00000001, 18.99999999, 0.8));
#1315 = LINE('', #1314, #1313);
#1316 = DIRECTION('', (1., -0., 0.));
#1317 = VECTOR('', #1316, 1.);
#1318 = CARTESIAN_POINT('', (143., -3., -2.2));
#1319 = LINE('', #1318, #1317);
#1320 = DIRECTION('', (1., -0., 0.));
#1321 = VECTOR('', #1320, 1.);
#1322 = CARTESIAN_POINT('', (143., -3., 0.8));
#1323 = LINE('', #1322, #1321);
#1324 = DIRECTION('', (0., 1., 0.));
#1325 = VECTOR('', #1324, 1.);
#1326 = CARTESIAN_POINT('', (126., -21., -4.2));
#1327 = LINE('', #1326, #1325);
#1328 = DIRECTION('', (0., -0., 1.));
#1329 = VECTOR('', #1328, 1.);
#1330 = CARTESIAN_POINT('', (126., -1., -4.2));
#1331 = LINE('', #1330, #1329);
#1332 = DIRECTION('', (0., 1., 0.));
#1333 = VECTOR('', #1332, 1.);
#1334 = CARTESIAN_POINT('', (126., -21., 0.8));
#1335 = LINE('', #1334, #1333);
#1336 = DIRECTION('', (0., -0., 1.));
#1337 = VECTOR('', #1336, 1.);
#1338 = CARTESIAN_POINT('', (126., -21., -4.2));
#1339 = LINE('', #1338, #1337);
#1340 = DIRECTION('', (-1., -0., 0.));
#1341 = VECTOR('', #1340, 1.);
#1342 = CARTESIAN_POINT('', (126., -1., -4.2));
#1343 = LINE('', #1342, #1341);
#1344 = DIRECTION('', (0., -0., 1.));
#1345 = VECTOR('', #1344, 1.);
#1346 = CARTESIAN_POINT('', (106., -1., -4.2));
#1347 = LINE('', #1346, #1345);
#1348 = DIRECTION('', (-1., -0., 0.));
#1349 = VECTOR('', #1348, 1.);
#1350 = CARTESIAN_POINT('', (126., -1., 0.8));
#1351 = LINE('', #1350, #1349);
#1352 = DIRECTION('', (0., -1., 0.));
#1353 = VECTOR('', #1352, 1.);
#1354 = CARTESIAN_POINT('', (106., -1., -4.2));
#1355 = LINE('', #1354, #1353);
#1356 = DIRECTION('', (0., -0., 1.));
#1357 = VECTOR('', #1356, 1.);
#1358 = CARTESIAN_POINT('', (106., -21., -4.2));
#1359 = LINE('', #1358, #1357);
#1360 = DIRECTION('', (0., -1., 0.));
#1361 = VECTOR('', #1360, 1.);
#1362 = CARTESIAN_POINT('', (106., -1., 0.8));
#1363 = LINE('', #1362, #1361);
#1364 = DIRECTION('', (1., -0., 0.));
#1365 = VECTOR('', #1364, 1.);
#1366 = CARTESIAN_POINT('', (106., -21., -4.2));
#1367 = LINE('', #1366, #1365);
#1368 = DIRECTION('', (1., -0., 0.));
#1369 = VECTOR('', #1368, 1.);
#1370 = CARTESIAN_POINT('', (106., -21., 0.8));
#1371 = LINE('', #1370, #1369);
#1372 = DIRECTION('', (0., 1., 0.));
#1373 = VECTOR('', #1372, 1.);
#1374 = CARTESIAN_POINT('', (120.5, 10.5, -3.2));
#1375 = LINE('', #1374, #1373);
#1376 = DIRECTION('', (0., -0., 1.));
#1377 = VECTOR('', #1376, 1.);
#1378 = CARTESIAN_POINT('', (120.5, 19.5, -3.2));
#1379 = LINE('', #1378, #1377);
#1380 = DIRECTION('', (0., 1., 0.));
#1381 = VECTOR('', #1380, 1.);
#1382 = CARTESIAN_POINT('', (120.5, 10.5, -0.2));
#1383 = LINE('', #1382, #1381);
#1384 = DIRECTION('', (0., -0., 1.));
#1385 = VECTOR('', #1384, 1.);
#1386 = CARTESIAN_POINT('', (120.5, 10.5, -3.2));
#1387 = LINE('', #1386, #1385);
#1388 = DIRECTION('', (-1., -0., 0.));
#1389 = VECTOR('', #1388, 1.);
#1390 = CARTESIAN_POINT('', (120.5, 19.5, -3.2));
#1391 = LINE('', #1390, #1389);
#1392 = DIRECTION('', (0., -0., 1.));
#1393 = VECTOR('', #1392, 1.);
#1394 = CARTESIAN_POINT('', (111.5, 19.5, -3.2));
#1395 = LINE('', #1394, #1393);
#1396 = DIRECTION('', (-1., -0., 0.));
#1397 = VECTOR('', #1396, 1.);
#1398 = CARTESIAN_POINT('', (120.5, 19.5, -0.2));
#1399 = LINE('', #1398, #1397);
#1400 = DIRECTION('', (0., -1., 0.));
#1401 = VECTOR('', #1400, 1.);
#1402 = CARTESIAN_POINT('', (111.5, 19.5, -3.2));
#1403 = LINE('', #1402, #1401);
#1404 = DIRECTION('', (0., -0., 1.));
#1405 = VECTOR('', #1404, 1.);
#1406 = CARTESIAN_POINT('', (111.5, 10.5, -3.2));
#1407 = LINE('', #1406, #1405);
#1408 = DIRECTION('', (0., -1., 0.));
#1409 = VECTOR('', #1408, 1.);
#1410 = CARTESIAN_POINT('', (111.5, 19.5, -0.2));
#1411 = LINE('', #1410, #1409);
#1412 = DIRECTION('', (1., -0., 0.));
#1413 = VECTOR('', #1412, 1.);
#1414 = CARTESIAN_POINT('', (111.5, 10.5, -3.2));
#1415 = LINE('', #1414, #1413);
#1416 = DIRECTION('', (1., -0., 0.));
#1417 = VECTOR('', #1416, 1.);
#1418 = CARTESIAN_POINT('', (111.5, 10.5, -0.2));
#1419 = LINE('', #1418, #1417);
#1420 = DIRECTION('', (0., 1., 0.));
#1421 = VECTOR('', #1420, 1.);
#1422 = CARTESIAN_POINT('', (113., -27., -12.8));
#1423 = LINE('', #1422, #1421);
#1424 = DIRECTION('', (0., -0., 1.));
#1425 = VECTOR('', #1424, 1.);
#1426 = CARTESIAN_POINT('', (113., 27., -12.8));
#1427 = LINE('', #1426, #1425);
#1428 = DIRECTION('', (0., 1., 0.));
#1429 = VECTOR('', #1428, 1.);
#1430 = CARTESIAN_POINT('', (113., -27., -10.8));
#1431 = LINE('', #1430, #1429);
#1432 = DIRECTION('', (0., -0., 1.));
#1433 = VECTOR('', #1432, 1.);
#1434 = CARTESIAN_POINT('', (113., -27., -12.8));
#1435 = LINE('', #1434, #1433);
#1436 = DIRECTION('', (-1., -0., 0.));
#1437 = VECTOR('', #1436, 1.);
#1438 = CARTESIAN_POINT('', (113., 27., -12.8));
#1439 = LINE('', #1438, #1437);
#1440 = DIRECTION('', (0., -0., 1.));
#1441 = VECTOR('', #1440, 1.);
#1442 = CARTESIAN_POINT('', (107., 27., -12.8));
#1443 = LINE('', #1442, #1441);
#1444 = DIRECTION('', (-1., -0., 0.));
#1445 = VECTOR('', #1444, 1.);
#1446 = CARTESIAN_POINT('', (113., 27., -10.8));
#1447 = LINE('', #1446, #1445);
#1448 = DIRECTION('', (0., -1., 0.));
#1449 = VECTOR('', #1448, 1.);
#1450 = CARTESIAN_POINT('', (107., 27., -12.8));
#1451 = LINE('', #1450, #1449);
#1452 = DIRECTION('', (0., -0., 1.));
#1453 = VECTOR('', #1452, 1.);
#1454 = CARTESIAN_POINT('', (107., -27., -12.8));
#1455 = LINE('', #1454, #1453);
#1456 = DIRECTION('', (0., -1., 0.));
#1457 = VECTOR('', #1456, 1.);
#1458 = CARTESIAN_POINT('', (107., 27., -10.8));
#1459 = LINE('', #1458, #1457);
#1460 = DIRECTION('', (1., -0., 0.));
#1461 = VECTOR('', #1460, 1.);
#1462 = CARTESIAN_POINT('', (107., -27., -12.8));
#1463 = LINE('', #1462, #1461);
#1464 = DIRECTION('', (1., -0., 0.));
#1465 = VECTOR('', #1464, 1.);
#1466 = CARTESIAN_POINT('', (107., -27., -10.8));
#1467 = LINE('', #1466, #1465);
#1468 = DIRECTION('', (0., 1., 0.));
#1469 = VECTOR('', #1468, 1.);
#1470 = CARTESIAN_POINT('', (163., -27., -12.8));
#1471 = LINE('', #1470, #1469);
#1472 = DIRECTION('', (0., -0., 1.));
#1473 = VECTOR('', #1472, 1.);
#1474 = CARTESIAN_POINT('', (163., 27., -12.8));
#1475 = LINE('', #1474, #1473);
#1476 = DIRECTION('', (0., 1., 0.));
#1477 = VECTOR('', #1476, 1.);
#1478 = CARTESIAN_POINT('', (163., -27., -10.8));
#1479 = LINE('', #1478, #1477);
#1480 = DIRECTION('', (0., -0., 1.));
#1481 = VECTOR('', #1480, 1.);
#1482 = CARTESIAN_POINT('', (163., -27., -12.8));
#1483 = LINE('', #1482, #1481);
#1484 = DIRECTION('', (-1., -0., 0.));
#1485 = VECTOR('', #1484, 1.);
#1486 = CARTESIAN_POINT('', (163., 27., -12.8));
#1487 = LINE('', #1486, #1485);
#1488 = DIRECTION('', (0., -0., 1.));
#1489 = VECTOR('', #1488, 1.);
#1490 = CARTESIAN_POINT('', (157., 27., -12.8));
#1491 = LINE('', #1490, #1489);
#1492 = DIRECTION('', (-1., -0., 0.));
#1493 = VECTOR('', #1492, 1.);
#1494 = CARTESIAN_POINT('', (163., 27., -10.8));
#1495 = LINE('', #1494, #1493);
#1496 = DIRECTION('', (0., -1., 0.));
#1497 = VECTOR('', #1496, 1.);
#1498 = CARTESIAN_POINT('', (157., 27., -12.8));
#1499 = LINE('', #1498, #1497);
#1500 = DIRECTION('', (0., -0., 1.));
#1501 = VECTOR('', #1500, 1.);
#1502 = CARTESIAN_POINT('', (157., -27., -12.8));
#1503 = LINE('', #1502, #1501);
#1504 = DIRECTION('', (0., -1., 0.));
#1505 = VECTOR('', #1504, 1.);
#1506 = CARTESIAN_POINT('', (157., 27., -10.8));
#1507 = LINE('', #1506, #1505);
#1508 = DIRECTION('', (1., -0., 0.));
#1509 = VECTOR('', #1508, 1.);
#1510 = CARTESIAN_POINT('', (157., -27., -12.8));
#1511 = LINE('', #1510, #1509);
#1512 = DIRECTION('', (1., -0., 0.));
#1513 = VECTOR('', #1512, 1.);
#1514 = CARTESIAN_POINT('', (157., -27., -10.8));
#1515 = LINE('', #1514, #1513);
#1516 = DIRECTION('', (0., 1., 0.));
#1517 = VECTOR('', #1516, 1.);
#1518 = CARTESIAN_POINT('', (112., -22., -43.8));
#1519 = LINE('', #1518, #1517);
#1520 = DIRECTION('', (0., -0., 1.));
#1521 = VECTOR('', #1520, 1.);
#1522 = CARTESIAN_POINT('', (112., -18., -43.8));
#1523 = LINE('', #1522, #1521);
#1524 = DIRECTION('', (0., 1., 0.));
#1525 = VECTOR('', #1524, 1.);
#1526 = CARTESIAN_POINT('', (112., -22., -12.8));
#1527 = LINE('', #1526, #1525);
#1528 = DIRECTION('', (0., -0., 1.));
#1529 = VECTOR('', #1528, 1.);
#1530 = CARTESIAN_POINT('', (112., -22., -43.8));
#1531 = LINE('', #1530, #1529);
#1532 = DIRECTION('', (-1., -0., 0.));
#1533 = VECTOR('', #1532, 1.);
#1534 = CARTESIAN_POINT('', (112., -18., -43.8));
#1535 = LINE('', #1534, #1533);
#1536 = DIRECTION('', (0., -0., 1.));
#1537 = VECTOR('', #1536, 1.);
#1538 = CARTESIAN_POINT('', (108., -18., -43.8));
#1539 = LINE('', #1538, #1537);
#1540 = DIRECTION('', (-1., -0., 0.));
#1541 = VECTOR('', #1540, 1.);
#1542 = CARTESIAN_POINT('', (112., -18., -12.8));
#1543 = LINE('', #1542, #1541);
#1544 = DIRECTION('', (0., -1., 0.));
#1545 = VECTOR('', #1544, 1.);
#1546 = CARTESIAN_POINT('', (108., -18., -43.8));
#1547 = LINE('', #1546, #1545);
#1548 = DIRECTION('', (0., -0., 1.));
#1549 = VECTOR('', #1548, 1.);
#1550 = CARTESIAN_POINT('', (108., -22., -43.8));
#1551 = LINE('', #1550, #1549);
#1552 = DIRECTION('', (0., -1., 0.));
#1553 = VECTOR('', #1552, 1.);
#1554 = CARTESIAN_POINT('', (108., -18., -12.8));
#1555 = LINE('', #1554, #1553);
#1556 = DIRECTION('', (1., -0., 0.));
#1557 = VECTOR('', #1556, 1.);
#1558 = CARTESIAN_POINT('', (108., -22., -43.8));
#1559 = LINE('', #1558, #1557);
#1560 = DIRECTION('', (1., -0., 0.));
#1561 = VECTOR('', #1560, 1.);
#1562 = CARTESIAN_POINT('', (108., -22., -12.8));
#1563 = LINE('', #1562, #1561);
#1564 = DIRECTION('', (0., 1., 0.));
#1565 = VECTOR('', #1564, 1.);
#1566 = CARTESIAN_POINT('', (162., -22., -43.8));
#1567 = LINE('', #1566, #1565);
#1568 = DIRECTION('', (0., -0., 1.));
#1569 = VECTOR('', #1568, 1.);
#1570 = CARTESIAN_POINT('', (162., -18., -43.8));
#1571 = LINE('', #1570, #1569);
#1572 = DIRECTION('', (0., 1., 0.));
#1573 = VECTOR('', #1572, 1.);
#1574 = CARTESIAN_POINT('', (162., -22., -12.8));
#1575 = LINE('', #1574, #1573);
#1576 = DIRECTION('', (0., -0., 1.));
#1577 = VECTOR('', #1576, 1.);
#1578 = CARTESIAN_POINT('', (162., -22., -43.8));
#1579 = LINE('', #1578, #1577);
#1580 = DIRECTION('', (-1., -0., 0.));
#1581 = VECTOR('', #1580, 1.);
#1582 = CARTESIAN_POINT('', (162., -18., -43.8));
#1583 = LINE('', #1582, #1581);
#1584 = DIRECTION('', (0., -0., 1.));
#1585 = VECTOR('', #1584, 1.);
#1586 = CARTESIAN_POINT('', (158., -18., -43.8));
#1587 = LINE('', #1586, #1585);
#1588 = DIRECTION('', (-1., -0., 0.));
#1589 = VECTOR('', #1588, 1.);
#1590 = CARTESIAN_POINT('', (162., -18., -12.8));
#1591 = LINE('', #1590, #1589);
#1592 = DIRECTION('', (0., -1., 0.));
#1593 = VECTOR('', #1592, 1.);
#1594 = CARTESIAN_POINT('', (158., -18., -43.8));
#1595 = LINE('', #1594, #1593);
#1596 = DIRECTION('', (0., -0., 1.));
#1597 = VECTOR('', #1596, 1.);
#1598 = CARTESIAN_POINT('', (158., -22., -43.8));
#1599 = LINE('', #1598, #1597);
#1600 = DIRECTION('', (0., -1., 0.));
#1601 = VECTOR('', #1600, 1.);
#1602 = CARTESIAN_POINT('', (158., -18., -12.8));
#1603 = LINE('', #1602, #1601);
#1604 = DIRECTION('', (1., -0., 0.));
#1605 = VECTOR('', #1604, 1.);
#1606 = CARTESIAN_POINT('', (158., -22., -43.8));
#1607 = LINE('', #1606, #1605);
#1608 = DIRECTION('', (1., -0., 0.));
#1609 = VECTOR('', #1608, 1.);
#1610 = CARTESIAN_POINT('', (158., -22., -12.8));
#1611 = LINE('', #1610, #1609);
#1612 = DIRECTION('', (0., 1., 0.));
#1613 = VECTOR('', #1612, 1.);
#1614 = CARTESIAN_POINT('', (112., 18., -43.8));
#1615 = LINE('', #1614, #1613);
#1616 = DIRECTION('', (0., -0., 1.));
#1617 = VECTOR('', #1616, 1.);
#1618 = CARTESIAN_POINT('', (112., 22., -43.8));
#1619 = LINE('', #1618, #1617);
#1620 = DIRECTION('', (0., 1., 0.));
#1621 = VECTOR('', #1620, 1.);
#1622 = CARTESIAN_POINT('', (112., 18., -12.8));
#1623 = LINE('', #1622, #1621);
#1624 = DIRECTION('', (0., -0., 1.));
#1625 = VECTOR('', #1624, 1.);
#1626 = CARTESIAN_POINT('', (112., 18., -43.8));
#1627 = LINE('', #1626, #1625);
#1628 = DIRECTION('', (-1., -0., 0.));
#1629 = VECTOR('', #1628, 1.);
#1630 = CARTESIAN_POINT('', (112., 22., -43.8));
#1631 = LINE('', #1630, #1629);
#1632 = DIRECTION('', (0., -0., 1.));
#1633 = VECTOR('', #1632, 1.);
#1634 = CARTESIAN_POINT('', (108., 22., -43.8));
#1635 = LINE('', #1634, #1633);
#1636 = DIRECTION('', (-1., -0., 0.));
#1637 = VECTOR('', #1636, 1.);
#1638 = CARTESIAN_POINT('', (112., 22., -12.8));
#1639 = LINE('', #1638, #1637);
#1640 = DIRECTION('', (0., -1., 0.));
#1641 = VECTOR('', #1640, 1.);
#1642 = CARTESIAN_POINT('', (108., 22., -43.8));
#1643 = LINE('', #1642, #1641);
#1644 = DIRECTION('', (0., -0., 1.));
#1645 = VECTOR('', #1644, 1.);
#1646 = CARTESIAN_POINT('', (108., 18., -43.8));
#1647 = LINE('', #1646, #1645);
#1648 = DIRECTION('', (0., -1., 0.));
#1649 = VECTOR('', #1648, 1.);
#1650 = CARTESIAN_POINT('', (108., 22., -12.8));
#1651 = LINE('', #1650, #1649);
#1652 = DIRECTION('', (1., -0., 0.));
#1653 = VECTOR('', #1652, 1.);
#1654 = CARTESIAN_POINT('', (108., 18., -43.8));
#1655 = LINE('', #1654, #1653);
#1656 = DIRECTION('', (1., -0., 0.));
#1657 = VECTOR('', #1656, 1.);
#1658 = CARTESIAN_POINT('', (108., 18., -12.8));
#1659 = LINE('', #1658, #1657);
#1660 = DIRECTION('', (0., 1., 0.));
#1661 = VECTOR('', #1660, 1.);
#1662 = CARTESIAN_POINT('', (162., 18., -43.8));
#1663 = LINE('', #1662, #1661);
#1664 = DIRECTION('', (0., -0., 1.));
#1665 = VECTOR('', #1664, 1.);
#1666 = CARTESIAN_POINT('', (162., 22., -43.8));
#1667 = LINE('', #1666, #1665);
#1668 = DIRECTION('', (0., 1., 0.));
#1669 = VECTOR('', #1668, 1.);
#1670 = CARTESIAN_POINT('', (162., 18., -12.8));
#1671 = LINE('', #1670, #1669);
#1672 = DIRECTION('', (0., -0., 1.));
#1673 = VECTOR('', #1672, 1.);
#1674 = CARTESIAN_POINT('', (162., 18., -43.8));
#1675 = LINE('', #1674, #1673);
#1676 = DIRECTION('', (-1., -0., 0.));
#1677 = VECTOR('', #1676, 1.);
#1678 = CARTESIAN_POINT('', (162., 22., -43.8));
#1679 = LINE('', #1678, #1677);
#1680 = DIRECTION('', (0., -0., 1.));
#1681 = VECTOR('', #1680, 1.);
#1682 = CARTESIAN_POINT('', (158., 22., -43.8));
#1683 = LINE('', #1682, #1681);
#1684 = DIRECTION('', (-1., -0., 0.));
#1685 = VECTOR('', #1684, 1.);
#1686 = CARTESIAN_POINT('', (162., 22., -12.8));
#1687 = LINE('', #1686, #1685);
#1688 = DIRECTION('', (0., -1., 0.));
#1689 = VECTOR('', #1688, 1.);
#1690 = CARTESIAN_POINT('', (158., 22., -43.8));
#1691 = LINE('', #1690, #1689);
#1692 = DIRECTION('', (0., -0., 1.));
#1693 = VECTOR('', #1692, 1.);
#1694 = CARTESIAN_POINT('', (158., 18., -43.8));
#1695 = LINE('', #1694, #1693);
#1696 = DIRECTION('', (0., -1., 0.));
#1697 = VECTOR('', #1696, 1.);
#1698 = CARTESIAN_POINT('', (158., 22., -12.8));
#1699 = LINE('', #1698, #1697);
#1700 = DIRECTION('', (1., -0., 0.));
#1701 = VECTOR('', #1700, 1.);
#1702 = CARTESIAN_POINT('', (158., 18., -43.8));
#1703 = LINE('', #1702, #1701);
#1704 = DIRECTION('', (1., -0., 0.));
#1705 = VECTOR('', #1704, 1.);
#1706 = CARTESIAN_POINT('', (158., 18., -12.8));
#1707 = LINE('', #1706, #1705);
#1708 = DIRECTION('', (0., 1., 0.));
#1709 = VECTOR('', #1708, 1.);
#1710 = CARTESIAN_POINT('', (131.5, 19., -7.2));
#1711 = LINE('', #1710, #1709);
#1712 = DIRECTION('', (0., -0., 1.));
#1713 = VECTOR('', #1712, 1.);
#1714 = CARTESIAN_POINT('', (131.5, 23., -7.2));
#1715 = LINE('', #1714, #1713);
#1716 = DIRECTION('', (0., 1., 0.));
#1717 = VECTOR('', #1716, 1.);
#1718 = CARTESIAN_POINT('', (131.5, 19., -5.4));
#1719 = LINE('', #1718, #1717);
#1720 = DIRECTION('', (0., -0., 1.));
#1721 = VECTOR('', #1720, 1.);
#1722 = CARTESIAN_POINT('', (131.5, 19., -7.2));
#1723 = LINE('', #1722, #1721);
#1724 = DIRECTION('', (-1., -0., 0.));
#1725 = VECTOR('', #1724, 1.);
#1726 = CARTESIAN_POINT('', (131.5, 23., -7.2));
#1727 = LINE('', #1726, #1725);
#1728 = DIRECTION('', (0., -0., 1.));
#1729 = VECTOR('', #1728, 1.);
#1730 = CARTESIAN_POINT('', (128.5, 23., -7.2));
#1731 = LINE('', #1730, #1729);
#1732 = DIRECTION('', (-1., -0., 0.));
#1733 = VECTOR('', #1732, 1.);
#1734 = CARTESIAN_POINT('', (131.5, 23., -5.4));
#1735 = LINE('', #1734, #1733);
#1736 = DIRECTION('', (0., -1., 0.));
#1737 = VECTOR('', #1736, 1.);
#1738 = CARTESIAN_POINT('', (128.5, 23., -7.2));
#1739 = LINE('', #1738, #1737);
#1740 = DIRECTION('', (0., -0., 1.));
#1741 = VECTOR('', #1740, 1.);
#1742 = CARTESIAN_POINT('', (128.5, 19., -7.2));
#1743 = LINE('', #1742, #1741);
#1744 = DIRECTION('', (0., -1., 0.));
#1745 = VECTOR('', #1744, 1.);
#1746 = CARTESIAN_POINT('', (128.5, 23., -5.4));
#1747 = LINE('', #1746, #1745);
#1748 = DIRECTION('', (1., -0., 0.));
#1749 = VECTOR('', #1748, 1.);
#1750 = CARTESIAN_POINT('', (128.5, 19., -7.2));
#1751 = LINE('', #1750, #1749);
#1752 = DIRECTION('', (1., -0., 0.));
#1753 = VECTOR('', #1752, 1.);
#1754 = CARTESIAN_POINT('', (128.5, 19., -5.4));
#1755 = LINE('', #1754, #1753);
#1756 = DIRECTION('', (0., 1., 0.));
#1757 = VECTOR('', #1756, 1.);
#1758 = CARTESIAN_POINT('', (169.5, -21., -7.2));
#1759 = LINE('', #1758, #1757);
#1760 = DIRECTION('', (0., -0., 1.));
#1761 = VECTOR('', #1760, 1.);
#1762 = CARTESIAN_POINT('', (169.5, -9., -7.2));
#1763 = LINE('', #1762, #1761);
#1764 = DIRECTION('', (0., 1., 0.));
#1765 = VECTOR('', #1764, 1.);
#1766 = CARTESIAN_POINT('', (169.5, -21., -3.2));
#1767 = LINE('', #1766, #1765);
#1768 = DIRECTION('', (0., -0., 1.));
#1769 = VECTOR('', #1768, 1.);
#1770 = CARTESIAN_POINT('', (169.5, -21., -7.2));
#1771 = LINE('', #1770, #1769);
#1772 = DIRECTION('', (-1., -0., 0.));
#1773 = VECTOR('', #1772, 1.);
#1774 = CARTESIAN_POINT('', (169.5, -9., -7.2));
#1775 = LINE('', #1774, #1773);
#1776 = DIRECTION('', (0., -0., 1.));
#1777 = VECTOR('', #1776, 1.);
#1778 = CARTESIAN_POINT('', (164.5, -9., -7.2));
#1779 = LINE('', #1778, #1777);
#1780 = DIRECTION('', (-1., -0., 0.));
#1781 = VECTOR('', #1780, 1.);
#1782 = CARTESIAN_POINT('', (169.5, -9., -3.2));
#1783 = LINE('', #1782, #1781);
#1784 = DIRECTION('', (0., -1., 0.));
#1785 = VECTOR('', #1784, 1.);
#1786 = CARTESIAN_POINT('', (164.5, -9., -7.2));
#1787 = LINE('', #1786, #1785);
#1788 = DIRECTION('', (0., -0., 1.));
#1789 = VECTOR('', #1788, 1.);
#1790 = CARTESIAN_POINT('', (164.5, -21., -7.2));
#1791 = LINE('', #1790, #1789);
#1792 = DIRECTION('', (0., -1., 0.));
#1793 = VECTOR('', #1792, 1.);
#1794 = CARTESIAN_POINT('', (164.5, -9., -3.2));
#1795 = LINE('', #1794, #1793);
#1796 = DIRECTION('', (1., -0., 0.));
#1797 = VECTOR('', #1796, 1.);
#1798 = CARTESIAN_POINT('', (164.5, -21., -7.2));
#1799 = LINE('', #1798, #1797);
#1800 = DIRECTION('', (1., -0., 0.));
#1801 = VECTOR('', #1800, 1.);
#1802 = CARTESIAN_POINT('', (164.5, -21., -3.2));
#1803 = LINE('', #1802, #1801);
#1804 = DIRECTION('', (0., 1., 0.));
#1805 = VECTOR('', #1804, 1.);
#1806 = CARTESIAN_POINT('', (168.5, -19.5, -5.2));
#1807 = LINE('', #1806, #1805);
#1808 = DIRECTION('', (0., -0., 1.));
#1809 = VECTOR('', #1808, 1.);
#1810 = CARTESIAN_POINT('', (168.5, -10.5, -5.2));
#1811 = LINE('', #1810, #1809);
#1812 = DIRECTION('', (0., -0., 1.));
#1813 = VECTOR('', #1812, 1.);
#1814 = CARTESIAN_POINT('', (168.5, -19.5, -5.2));
#1815 = LINE('', #1814, #1813);
#1816 = DIRECTION('', (-1., -0., 0.));
#1817 = VECTOR('', #1816, 1.);
#1818 = CARTESIAN_POINT('', (168.5, -10.5, -5.2));
#1819 = LINE('', #1818, #1817);
#1820 = DIRECTION('', (0., -0., 1.));
#1821 = VECTOR('', #1820, 1.);
#1822 = CARTESIAN_POINT('', (165.5, -10.5, -5.2));
#1823 = LINE('', #1822, #1821);
#1824 = DIRECTION('', (0., -1., 0.));
#1825 = VECTOR('', #1824, 1.);
#1826 = CARTESIAN_POINT('', (165.5, -10.5, -5.2));
#1827 = LINE('', #1826, #1825);
#1828 = DIRECTION('', (0., -0., 1.));
#1829 = VECTOR('', #1828, 1.);
#1830 = CARTESIAN_POINT('', (165.5, -19.5, -5.2));
#1831 = LINE('', #1830, #1829);
#1832 = DIRECTION('', (1., -0., 0.));
#1833 = VECTOR('', #1832, 1.);
#1834 = CARTESIAN_POINT('', (165.5, -19.5, -5.2));
#1835 = LINE('', #1834, #1833);
#1836 = DIRECTION('', (0., 1., 0.));
#1837 = VECTOR('', #1836, 1.);
#1838 = CARTESIAN_POINT('', (168.5, -19.5, -3.2));
#1839 = LINE('', #1838, #1837);
#1840 = DIRECTION('', (-1., -0., 0.));
#1841 = VECTOR('', #1840, 1.);
#1842 = CARTESIAN_POINT('', (168.5, -10.5, -3.2));
#1843 = LINE('', #1842, #1841);
#1844 = DIRECTION('', (0., -1., 0.));
#1845 = VECTOR('', #1844, 1.);
#1846 = CARTESIAN_POINT('', (165.5, -10.5, -3.2));
#1847 = LINE('', #1846, #1845);
#1848 = DIRECTION('', (1., -0., 0.));
#1849 = VECTOR('', #1848, 1.);
#1850 = CARTESIAN_POINT('', (165.5, -19.5, -3.2));
#1851 = LINE('', #1850, #1849);
#1852 = DIRECTION('', (0., 1., 0.));
#1853 = DIRECTION('', (1., -0., -0.));
#1854 = CARTESIAN_POINT('', (179., 0., -0.));
#1855 = AXIS2_PLACEMENT_3D('', #1854, #1853, #1852);
#1856 = CIRCLE('', #1855, 50.5);
#1857 = DIRECTION('', (1., -0., 0.));
#1858 = VECTOR('', #1857, 1.);
#1859 = CARTESIAN_POINT('', (179., 50.5, 0.));
#1860 = LINE('', #1859, #1858);
#1861 = DIRECTION('', (0., 1., 0.));
#1862 = DIRECTION('', (1., -0., -0.));
#1863 = CARTESIAN_POINT('', (185., 0., -0.));
#1864 = AXIS2_PLACEMENT_3D('', #1863, #1862, #1861);
#1865 = CIRCLE('', #1864, 50.5);
#1866 = DIRECTION('', (0., 1., 0.));
#1867 = DIRECTION('', (1., -0., -0.));
#1868 = CARTESIAN_POINT('', (185., 0., -0.));
#1869 = AXIS2_PLACEMENT_3D('', #1868, #1867, #1866);
#1870 = CIRCLE('', #1869, 49.92802119);
#1871 = DIRECTION('', (0., 1., -0.));
#1872 = DIRECTION('', (1., -0., 0.));
#1873 = CARTESIAN_POINT('', (192., -0., -0.));
#1874 = AXIS2_PLACEMENT_3D('', #1873, #1872, #1871);
#1875 = CIRCLE('', #1874, 49.92802119);
#1876 = DIRECTION('', (-0., 1., -0.));
#1877 = DIRECTION('', (0., -0., -1.));
#1878 = CARTESIAN_POINT('', (192., 46.92802119, -0.));
#1879 = AXIS2_PLACEMENT_3D('', #1878, #1877, #1876);
#1880 = CIRCLE('', #1879, 3.);
#1881 = DIRECTION('', (0., 1., 0.));
#1882 = DIRECTION('', (-1., 0., 0.));
#1883 = CARTESIAN_POINT('', (195., 0., 0.));
#1884 = AXIS2_PLACEMENT_3D('', #1883, #1882, #1881);
#1885 = CIRCLE('', #1884, 46.92802119);
#1886 = DIRECTION('', (1., 0., 0.));
#1887 = VECTOR('', #1886, 1.);
#1888 = CARTESIAN_POINT('', (185., 49.92802119, 0.));
#1889 = LINE('', #1888, #1887);
#1890 = DIRECTION('', (0., 1., 0.));
#1891 = DIRECTION('', (1., -0., -0.));
#1892 = CARTESIAN_POINT('', (-185., 0., -0.));
#1893 = AXIS2_PLACEMENT_3D('', #1892, #1891, #1890);
#1894 = CIRCLE('', #1893, 50.5);
#1895 = DIRECTION('', (1., -0., 0.));
#1896 = VECTOR('', #1895, 1.);
#1897 = CARTESIAN_POINT('', (-185., 50.5, 0.));
#1898 = LINE('', #1897, #1896);
#1899 = DIRECTION('', (0., 1., 0.));
#1900 = DIRECTION('', (1., -0., -0.));
#1901 = CARTESIAN_POINT('', (-179., 0., -0.));
#1902 = AXIS2_PLACEMENT_3D('', #1901, #1900, #1899);
#1903 = CIRCLE('', #1902, 50.5);
#1904 = DIRECTION('', (0., 1., 0.));
#1905 = DIRECTION('', (1., -0., -0.));
#1906 = CARTESIAN_POINT('', (89., 0., -0.));
#1907 = AXIS2_PLACEMENT_3D('', #1906, #1905, #1904);
#1908 = CIRCLE('', #1907, 50.);
#1909 = DIRECTION('', (1., -0., 0.));
#1910 = VECTOR('', #1909, 1.);
#1911 = CARTESIAN_POINT('', (89., 50., 0.));
#1912 = LINE('', #1911, #1910);
#1913 = DIRECTION('', (-0., 1., -0.));
#1914 = DIRECTION('', (1., 0., 0.));
#1915 = CARTESIAN_POINT('', (91., 0., 0.));
#1916 = AXIS2_PLACEMENT_3D('', #1915, #1914, #1913);
#1917 = CIRCLE('', #1916, 50.);
#1918 = DIRECTION('', (0., 1., -0.));
#1919 = DIRECTION('', (1., -0., 0.));
#1920 = CARTESIAN_POINT('', (89., 0., 0.));
#1921 = AXIS2_PLACEMENT_3D('', #1920, #1919, #1918);
#1922 = CIRCLE('', #1921, 47.);
#1923 = DIRECTION('', (0., 1., -0.));
#1924 = DIRECTION('', (-1., -0., -0.));
#1925 = CARTESIAN_POINT('', (89., -0., 0.));
#1926 = AXIS2_PLACEMENT_3D('', #1925, #1924, #1923);
#1927 = CIRCLE('', #1926, 47.);
#1928 = DIRECTION('', (0., 1., 0.));
#1929 = DIRECTION('', (1., -0., -0.));
#1930 = CARTESIAN_POINT('', (91., -0., -0.));
#1931 = AXIS2_PLACEMENT_3D('', #1930, #1929, #1928);
#1932 = CIRCLE('', #1931, 47.);
#1933 = DIRECTION('', (0., 1., -0.));
#1934 = DIRECTION('', (-1., -0., -0.));
#1935 = CARTESIAN_POINT('', (91., -0., 0.));
#1936 = AXIS2_PLACEMENT_3D('', #1935, #1934, #1933);
#1937 = CIRCLE('', #1936, 47.);
#1938 = DIRECTION('', (-0., -0., -1.));
#1939 = DIRECTION('', (-1., 0., 0.));
#1940 = CARTESIAN_POINT('', (89., -0., -0.));
#1941 = AXIS2_PLACEMENT_3D('', #1940, #1939, #1938);
#1942 = CIRCLE('', #1941, 47.);
#1943 = DIRECTION('', (0., -0., -1.));
#1944 = DIRECTION('', (-1., -0., -0.));
#1945 = CARTESIAN_POINT('', (91., 0., 0.));
#1946 = AXIS2_PLACEMENT_3D('', #1945, #1944, #1943);
#1947 = CIRCLE('', #1946, 47.);
#1948 = DIRECTION('', (1., -0., 0.));
#1949 = VECTOR('', #1948, 1.);
#1950 = CARTESIAN_POINT('', (89., 47., 0.));
#1951 = LINE('', #1950, #1949);
#1952 = DIRECTION('', (-1., -0., -0.));
#1953 = VECTOR('', #1952, 1.);
#1954 = CARTESIAN_POINT('', (91., 41.35064575, 28.10914613));
#1955 = LINE('', #1954, #1953);
#1956 = DIRECTION('', (0., -0.90630779, -0.42261826));
#1957 = VECTOR('', #1956, 1.);
#1958 = CARTESIAN_POINT('', (89., 41.35064575, 28.10914613));
#1959 = LINE('', #1958, #1957);
#1960 = DIRECTION('', (0., -0.90630779, -0.42261826));
#1961 = VECTOR('', #1960, 1.);
#1962 = CARTESIAN_POINT('', (89., -45.35581609, -12.32274103));
#1963 = LINE('', #1962, #1961);
#1964 = DIRECTION('', (0., -0.90630779, -0.42261826));
#1965 = VECTOR('', #1964, 1.);
#1966 = CARTESIAN_POINT('', (91., 41.35064575, 28.10914613));
#1967 = LINE('', #1966, #1965);
#1968 = DIRECTION('', (0., -0.90630779, -0.42261826));
#1969 = VECTOR('', #1968, 1.);
#1970 = CARTESIAN_POINT('', (91., -45.35581609, -12.32274103));
#1971 = LINE('', #1970, #1969);
#1972 = DIRECTION('', (-1., 0., -0.));
#1973 = VECTOR('', #1972, 1.);
#1974 = CARTESIAN_POINT('', (91., -48.11253794, -13.60822154));
#1975 = LINE('', #1974, #1973);
#1976 = DIRECTION('', (-1., 0., 0.));
#1977 = VECTOR('', #1976, 1.);
#1978 = CARTESIAN_POINT('', (91., 38.5939239, 26.82366563));
#1979 = LINE('', #1978, #1977);
#1980 = DIRECTION('', (-1., -0., 0.));
#1981 = VECTOR('', #1980, 1.);
#1982 = CARTESIAN_POINT('', (91., -45.35581609, -12.32274103));
#1983 = LINE('', #1982, #1981);
#1984 = DIRECTION('', (0., -0.96225076, -0.27216443));
#1985 = DIRECTION('', (1., 0., -0.));
#1986 = CARTESIAN_POINT('', (91., 0., -0.));
#1987 = AXIS2_PLACEMENT_3D('', #1986, #1985, #1984);
#1988 = CIRCLE('', #1987, 50.);
#1989 = DIRECTION('', (-0., -0.96225076, -0.27216443));
#1990 = DIRECTION('', (1., -0., 0.));
#1991 = CARTESIAN_POINT('', (89., 0., -0.));
#1992 = AXIS2_PLACEMENT_3D('', #1991, #1990, #1989);
#1993 = CIRCLE('', #1992, 50.);
#1994 = DIRECTION('', (0., 1., 0.));
#1995 = DIRECTION('', (1., -0., -0.));
#1996 = CARTESIAN_POINT('', (-1., 0., -0.));
#1997 = AXIS2_PLACEMENT_3D('', #1996, #1995, #1994);
#1998 = CIRCLE('', #1997, 50.);
#1999 = DIRECTION('', (1., -0., 0.));
#2000 = VECTOR('', #1999, 1.);
#2001 = CARTESIAN_POINT('', (-1., 50., 0.));
#2002 = LINE('', #2001, #2000);
#2003 = DIRECTION('', (-0., 1., -0.));
#2004 = DIRECTION('', (1., 0., 0.));
#2005 = CARTESIAN_POINT('', (1., 0., 0.));
#2006 = AXIS2_PLACEMENT_3D('', #2005, #2004, #2003);
#2007 = CIRCLE('', #2006, 50.);
#2008 = DIRECTION('', (0., 1., -0.));
#2009 = DIRECTION('', (1., -0., 0.));
#2010 = CARTESIAN_POINT('', (-1., 0., 0.));
#2011 = AXIS2_PLACEMENT_3D('', #2010, #2009, #2008);
#2012 = CIRCLE('', #2011, 47.);
#2013 = DIRECTION('', (0., 1., -0.));
#2014 = DIRECTION('', (-1., 0., -0.));
#2015 = CARTESIAN_POINT('', (-1., -0., 0.));
#2016 = AXIS2_PLACEMENT_3D('', #2015, #2014, #2013);
#2017 = CIRCLE('', #2016, 47.);
#2018 = DIRECTION('', (0., 1., 0.));
#2019 = DIRECTION('', (1., -0., -0.));
#2020 = CARTESIAN_POINT('', (1., -0., -0.));
#2021 = AXIS2_PLACEMENT_3D('', #2020, #2019, #2018);
#2022 = CIRCLE('', #2021, 47.);
#2023 = DIRECTION('', (0., 1., -0.));
#2024 = DIRECTION('', (-1., -0., -0.));
#2025 = CARTESIAN_POINT('', (1., -0., 0.));
#2026 = AXIS2_PLACEMENT_3D('', #2025, #2024, #2023);
#2027 = CIRCLE('', #2026, 47.);
#2028 = DIRECTION('', (0., -0., -1.));
#2029 = DIRECTION('', (-1., -0., -0.));
#2030 = CARTESIAN_POINT('', (-1., -0., -0.));
#2031 = AXIS2_PLACEMENT_3D('', #2030, #2029, #2028);
#2032 = CIRCLE('', #2031, 47.);
#2033 = DIRECTION('', (0., -0., -1.));
#2034 = DIRECTION('', (-1., -0., -0.));
#2035 = CARTESIAN_POINT('', (1., 0., 0.));
#2036 = AXIS2_PLACEMENT_3D('', #2035, #2034, #2033);
#2037 = CIRCLE('', #2036, 47.);
#2038 = DIRECTION('', (1., -0., 0.));
#2039 = VECTOR('', #2038, 1.);
#2040 = CARTESIAN_POINT('', (-1., 47., 0.));
#2041 = LINE('', #2040, #2039);
#2042 = DIRECTION('', (-1., -0., -0.));
#2043 = VECTOR('', #2042, 1.);
#2044 = CARTESIAN_POINT('', (1., 41.35064575, 28.10914613));
#2045 = LINE('', #2044, #2043);
#2046 = DIRECTION('', (0., -0.90630779, -0.42261826));
#2047 = VECTOR('', #2046, 1.);
#2048 = CARTESIAN_POINT('', (-1., 41.35064575, 28.10914613));
#2049 = LINE('', #2048, #2047);
#2050 = DIRECTION('', (0., -0.90630779, -0.42261826));
#2051 = VECTOR('', #2050, 1.);
#2052 = CARTESIAN_POINT('', (-1., -45.35581609, -12.32274103));
#2053 = LINE('', #2052, #2051);
#2054 = DIRECTION('', (0., -0.90630779, -0.42261826));
#2055 = VECTOR('', #2054, 1.);
#2056 = CARTESIAN_POINT('', (1., 41.35064575, 28.10914613));
#2057 = LINE('', #2056, #2055);
#2058 = DIRECTION('', (0., -0.90630779, -0.42261826));
#2059 = VECTOR('', #2058, 1.);
#2060 = CARTESIAN_POINT('', (1., -45.35581609, -12.32274103));
#2061 = LINE('', #2060, #2059);
#2062 = DIRECTION('', (-1., 0., -0.));
#2063 = VECTOR('', #2062, 1.);
#2064 = CARTESIAN_POINT('', (1., -48.11253794, -13.60822154));
#2065 = LINE('', #2064, #2063);
#2066 = DIRECTION('', (-1., 0., 0.));
#2067 = VECTOR('', #2066, 1.);
#2068 = CARTESIAN_POINT('', (1., 38.5939239, 26.82366563));
#2069 = LINE('', #2068, #2067);
#2070 = DIRECTION('', (-1., -0., 0.));
#2071 = VECTOR('', #2070, 1.);
#2072 = CARTESIAN_POINT('', (1., -45.35581609, -12.32274103));
#2073 = LINE('', #2072, #2071);
#2074 = DIRECTION('', (0., -0.96225076, -0.27216443));
#2075 = DIRECTION('', (1., 0., -0.));
#2076 = CARTESIAN_POINT('', (1., 0., -0.));
#2077 = AXIS2_PLACEMENT_3D('', #2076, #2075, #2074);
#2078 = CIRCLE('', #2077, 50.);
#2079 = DIRECTION('', (-0., -0.96225076, -0.27216443));
#2080 = DIRECTION('', (1., -0., 0.));
#2081 = CARTESIAN_POINT('', (-1., 0., -0.));
#2082 = AXIS2_PLACEMENT_3D('', #2081, #2080, #2079);
#2083 = CIRCLE('', #2082, 50.);
#2084 = DIRECTION('', (0., 1., -0.));
#2085 = DIRECTION('', (1., -0., -0.));
#2086 = CARTESIAN_POINT('', (91., 0., 0.));
#2087 = AXIS2_PLACEMENT_3D('', #2086, #2085, #2084);
#2088 = CIRCLE('', #2087, 50.);
#2089 = DIRECTION('', (1., -0., 0.));
#2090 = VECTOR('', #2089, 1.);
#2091 = CARTESIAN_POINT('', (91., 50., 0.));
#2092 = LINE('', #2091, #2090);
#2093 = DIRECTION('', (0., 1., -0.));
#2094 = DIRECTION('', (1., -0., -0.));
#2095 = CARTESIAN_POINT('', (179., 0., 0.));
#2096 = AXIS2_PLACEMENT_3D('', #2095, #2094, #2093);
#2097 = CIRCLE('', #2096, 50.);
#2098 = DIRECTION('', (0., 1., -0.));
#2099 = DIRECTION('', (1., -0., 0.));
#2100 = CARTESIAN_POINT('', (91., 0.00000001, 0.));
#2101 = AXIS2_PLACEMENT_3D('', #2100, #2099, #2098);
#2102 = CIRCLE('', #2101, 46.99999999);
#2103 = DIRECTION('', (0., 1., 0.));
#2104 = DIRECTION('', (-1., 0., -0.));
#2105 = CARTESIAN_POINT('', (91., -0., -0.));
#2106 = AXIS2_PLACEMENT_3D('', #2105, #2104, #2103);
#2107 = CIRCLE('', #2106, 47.);
#2108 = DIRECTION('', (0., 1., -0.));
#2109 = DIRECTION('', (1., -0., -0.));
#2110 = CARTESIAN_POINT('', (179., 0.00000003, 0.00000001));
#2111 = AXIS2_PLACEMENT_3D('', #2110, #2109, #2108);
#2112 = CIRCLE('', #2111, 46.99999997);
#2113 = DIRECTION('', (0., 1., -0.));
#2114 = DIRECTION('', (-1., -0., -0.));
#2115 = CARTESIAN_POINT('', (179., -0., 0.));
#2116 = AXIS2_PLACEMENT_3D('', #2115, #2114, #2113);
#2117 = CIRCLE('', #2116, 47.);
#2118 = DIRECTION('', (0., 0.00000002, -1.));
#2119 = DIRECTION('', (-1., -0., -0.));
#2120 = CARTESIAN_POINT('', (91., 0., 0.));
#2121 = AXIS2_PLACEMENT_3D('', #2120, #2119, #2118);
#2122 = CIRCLE('', #2121, 47.);
#2123 = DIRECTION('', (0., 0.00000002, -1.));
#2124 = DIRECTION('', (-1., -0., -0.));
#2125 = CARTESIAN_POINT('', (179., 0., 0.));
#2126 = AXIS2_PLACEMENT_3D('', #2125, #2124, #2123);
#2127 = CIRCLE('', #2126, 47.);
#2128 = DIRECTION('', (1., -0., 0.));
#2129 = VECTOR('', #2128, 1.);
#2130 = CARTESIAN_POINT('', (91., 47., 0.));
#2131 = LINE('', #2130, #2129);
#2132 = DIRECTION('', (-1., -0., 0.));
#2133 = VECTOR('', #2132, 1.);
#2134 = CARTESIAN_POINT('', (179., 41.35064575, 28.10914613));
#2135 = LINE('', #2134, #2133);
#2136 = DIRECTION('', (0., -0.90630779, -0.42261826));
#2137 = VECTOR('', #2136, 1.);
#2138 = CARTESIAN_POINT('', (91., 41.35064575, 28.10914613));
#2139 = LINE('', #2138, #2137);
#2140 = DIRECTION('', (0., -0.90630779, -0.42261826));
#2141 = VECTOR('', #2140, 1.);
#2142 = CARTESIAN_POINT('', (91., -45.35581609, -12.32274103));
#2143 = LINE('', #2142, #2141);
#2144 = DIRECTION('', (0., -0.90630779, -0.42261826));
#2145 = VECTOR('', #2144, 1.);
#2146 = CARTESIAN_POINT('', (179., 41.35064575, 28.10914613));
#2147 = LINE('', #2146, #2145);
#2148 = DIRECTION('', (0., -0.90630779, -0.42261826));
#2149 = VECTOR('', #2148, 1.);
#2150 = CARTESIAN_POINT('', (179., -45.35581609, -12.32274103));
#2151 = LINE('', #2150, #2149);
#2152 = DIRECTION('', (-1., -0., -0.));
#2153 = VECTOR('', #2152, 1.);
#2154 = CARTESIAN_POINT('', (179., -48.11253793, -13.60822154));
#2155 = LINE('', #2154, #2153);
#2156 = DIRECTION('', (-1., -0., -0.));
#2157 = VECTOR('', #2156, 1.);
#2158 = CARTESIAN_POINT('', (179., 38.5939239, 26.82366563));
#2159 = LINE('', #2158, #2157);
#2160 = DIRECTION('', (-1., -0., -0.));
#2161 = VECTOR('', #2160, 1.);
#2162 = CARTESIAN_POINT('', (179., -45.35581609, -12.32274103));
#2163 = LINE('', #2162, #2161);
#2164 = DIRECTION('', (0., -0.96225076, -0.27216443));
#2165 = DIRECTION('', (1., 0., -0.));
#2166 = CARTESIAN_POINT('', (179., -0., -0.));
#2167 = AXIS2_PLACEMENT_3D('', #2166, #2165, #2164);
#2168 = CIRCLE('', #2167, 50.);
#2169 = DIRECTION('', (0., -0.96225076, -0.27216443));
#2170 = DIRECTION('', (1., 0., -0.));
#2171 = CARTESIAN_POINT('', (91., -0., -0.));
#2172 = AXIS2_PLACEMENT_3D('', #2171, #2170, #2169);
#2173 = CIRCLE('', #2172, 50.);
#2174 = DIRECTION('', (0., 1., -0.));
#2175 = DIRECTION('', (1., -0., -0.));
#2176 = CARTESIAN_POINT('', (1., 0., 0.));
#2177 = AXIS2_PLACEMENT_3D('', #2176, #2175, #2174);
#2178 = CIRCLE('', #2177, 50.);
#2179 = DIRECTION('', (1., -0., 0.));
#2180 = VECTOR('', #2179, 1.);
#2181 = CARTESIAN_POINT('', (1., 50., 0.));
#2182 = LINE('', #2181, #2180);
#2183 = DIRECTION('', (0., 1., -0.));
#2184 = DIRECTION('', (1., -0., -0.));
#2185 = CARTESIAN_POINT('', (89., 0., 0.));
#2186 = AXIS2_PLACEMENT_3D('', #2185, #2184, #2183);
#2187 = CIRCLE('', #2186, 50.);
#2188 = DIRECTION('', (0., 1., -0.));
#2189 = DIRECTION('', (1., -0., 0.));
#2190 = CARTESIAN_POINT('', (1., 0.00000001, 0.));
#2191 = AXIS2_PLACEMENT_3D('', #2190, #2189, #2188);
#2192 = CIRCLE('', #2191, 46.99999999);
#2193 = DIRECTION('', (0., 1., 0.));
#2194 = DIRECTION('', (-1., 0., 0.));
#2195 = CARTESIAN_POINT('', (1., -0., -0.));
#2196 = AXIS2_PLACEMENT_3D('', #2195, #2194, #2193);
#2197 = CIRCLE('', #2196, 47.);
#2198 = DIRECTION('', (0., 1., -0.));
#2199 = DIRECTION('', (1., -0., 0.));
#2200 = CARTESIAN_POINT('', (89., 0.00000003, 0.00000001));
#2201 = AXIS2_PLACEMENT_3D('', #2200, #2199, #2198);
#2202 = CIRCLE('', #2201, 46.99999997);
#2203 = DIRECTION('', (-0., 1., -0.));
#2204 = DIRECTION('', (-1., -0., 0.));
#2205 = CARTESIAN_POINT('', (89., -0., 0.));
#2206 = AXIS2_PLACEMENT_3D('', #2205, #2204, #2203);
#2207 = CIRCLE('', #2206, 47.);
#2208 = DIRECTION('', (0., 0.00000002, -1.));
#2209 = DIRECTION('', (-1., -0., -0.));
#2210 = CARTESIAN_POINT('', (1., 0., 0.));
#2211 = AXIS2_PLACEMENT_3D('', #2210, #2209, #2208);
#2212 = CIRCLE('', #2211, 47.);
#2213 = DIRECTION('', (-0., 0.00000002, -1.));
#2214 = DIRECTION('', (-1., 0., 0.));
#2215 = CARTESIAN_POINT('', (89., 0., 0.));
#2216 = AXIS2_PLACEMENT_3D('', #2215, #2214, #2213);
#2217 = CIRCLE('', #2216, 47.);
#2218 = DIRECTION('', (1., -0., 0.));
#2219 = VECTOR('', #2218, 1.);
#2220 = CARTESIAN_POINT('', (1., 47., 0.));
#2221 = LINE('', #2220, #2219);
#2222 = DIRECTION('', (-1., -0., 0.));
#2223 = VECTOR('', #2222, 1.);
#2224 = CARTESIAN_POINT('', (89., 41.35064575, 28.10914613));
#2225 = LINE('', #2224, #2223);
#2226 = DIRECTION('', (0., -0.90630779, -0.42261826));
#2227 = VECTOR('', #2226, 1.);
#2228 = CARTESIAN_POINT('', (1., 41.35064575, 28.10914613));
#2229 = LINE('', #2228, #2227);
#2230 = DIRECTION('', (0., -0.90630779, -0.42261826));
#2231 = VECTOR('', #2230, 1.);
#2232 = CARTESIAN_POINT('', (1., -45.35581609, -12.32274103));
#2233 = LINE('', #2232, #2231);
#2234 = DIRECTION('', (0., -0.90630779, -0.42261826));
#2235 = VECTOR('', #2234, 1.);
#2236 = CARTESIAN_POINT('', (89., 41.35064575, 28.10914613));
#2237 = LINE('', #2236, #2235);
#2238 = DIRECTION('', (0., -0.90630779, -0.42261826));
#2239 = VECTOR('', #2238, 1.);
#2240 = CARTESIAN_POINT('', (89., -45.35581609, -12.32274103));
#2241 = LINE('', #2240, #2239);
#2242 = DIRECTION('', (-1., -0., -0.));
#2243 = VECTOR('', #2242, 1.);
#2244 = CARTESIAN_POINT('', (89., -48.11253793, -13.60822154));
#2245 = LINE('', #2244, #2243);
#2246 = DIRECTION('', (-1., -0., -0.));
#2247 = VECTOR('', #2246, 1.);
#2248 = CARTESIAN_POINT('', (89., 38.5939239, 26.82366563));
#2249 = LINE('', #2248, #2247);
#2250 = DIRECTION('', (-1., -0., -0.));
#2251 = VECTOR('', #2250, 1.);
#2252 = CARTESIAN_POINT('', (89., -45.35581609, -12.32274103));
#2253 = LINE('', #2252, #2251);
#2254 = DIRECTION('', (0., -0.96225076, -0.27216443));
#2255 = DIRECTION('', (1., -0., 0.));
#2256 = CARTESIAN_POINT('', (89., -0., -0.));
#2257 = AXIS2_PLACEMENT_3D('', #2256, #2255, #2254);
#2258 = CIRCLE('', #2257, 50.);
#2259 = DIRECTION('', (-0., -0.96225076, -0.27216443));
#2260 = DIRECTION('', (1., -0., 0.));
#2261 = CARTESIAN_POINT('', (1., -0., -0.));
#2262 = AXIS2_PLACEMENT_3D('', #2261, #2260, #2259);
#2263 = CIRCLE('', #2262, 50.);
#2264 = DIRECTION('', (0., 1., -0.));
#2265 = DIRECTION('', (1., -0., 0.));
#2266 = CARTESIAN_POINT('', (-89., 0., 0.));
#2267 = AXIS2_PLACEMENT_3D('', #2266, #2265, #2264);
#2268 = CIRCLE('', #2267, 50.);
#2269 = DIRECTION('', (1., -0., 0.));
#2270 = VECTOR('', #2269, 1.);
#2271 = CARTESIAN_POINT('', (-89., 50., 0.));
#2272 = LINE('', #2271, #2270);
#2273 = DIRECTION('', (0., 1., -0.));
#2274 = DIRECTION('', (1., -0., -0.));
#2275 = CARTESIAN_POINT('', (-1., 0., 0.));
#2276 = AXIS2_PLACEMENT_3D('', #2275, #2274, #2273);
#2277 = CIRCLE('', #2276, 50.);
#2278 = DIRECTION('', (0., 1., -0.));
#2279 = DIRECTION('', (1., -0., 0.));
#2280 = CARTESIAN_POINT('', (-89., 0.00000001, 0.));
#2281 = AXIS2_PLACEMENT_3D('', #2280, #2279, #2278);
#2282 = CIRCLE('', #2281, 46.99999999);
#2283 = DIRECTION('', (-0., 1., 0.));
#2284 = DIRECTION('', (-1., -0., 0.));
#2285 = CARTESIAN_POINT('', (-89., -0., -0.));
#2286 = AXIS2_PLACEMENT_3D('', #2285, #2284, #2283);
#2287 = CIRCLE('', #2286, 47.);
#2288 = DIRECTION('', (-0., 1., -0.));
#2289 = DIRECTION('', (1., 0., 0.));
#2290 = CARTESIAN_POINT('', (-1., 0.00000003, 0.00000001));
#2291 = AXIS2_PLACEMENT_3D('', #2290, #2289, #2288);
#2292 = CIRCLE('', #2291, 46.99999997);
#2293 = DIRECTION('', (-0., 1., -0.));
#2294 = DIRECTION('', (-1., -0., 0.));
#2295 = CARTESIAN_POINT('', (-1., -0., 0.));
#2296 = AXIS2_PLACEMENT_3D('', #2295, #2294, #2293);
#2297 = CIRCLE('', #2296, 47.);
#2298 = DIRECTION('', (-0., 0.00000002, -1.));
#2299 = DIRECTION('', (-1., 0., 0.));
#2300 = CARTESIAN_POINT('', (-89., 0., 0.));
#2301 = AXIS2_PLACEMENT_3D('', #2300, #2299, #2298);
#2302 = CIRCLE('', #2301, 47.);
#2303 = DIRECTION('', (-0., 0.00000002, -1.));
#2304 = DIRECTION('', (-1., 0., 0.));
#2305 = CARTESIAN_POINT('', (-1., 0., 0.));
#2306 = AXIS2_PLACEMENT_3D('', #2305, #2304, #2303);
#2307 = CIRCLE('', #2306, 47.);
#2308 = DIRECTION('', (1., -0., 0.));
#2309 = VECTOR('', #2308, 1.);
#2310 = CARTESIAN_POINT('', (-89., 47., 0.));
#2311 = LINE('', #2310, #2309);
#2312 = DIRECTION('', (-1., -0., 0.));
#2313 = VECTOR('', #2312, 1.);
#2314 = CARTESIAN_POINT('', (-1., 41.35064575, 28.10914613));
#2315 = LINE('', #2314, #2313);
#2316 = DIRECTION('', (0., -0.90630779, -0.42261826));
#2317 = VECTOR('', #2316, 1.);
#2318 = CARTESIAN_POINT('', (-89., 41.35064575, 28.10914613));
#2319 = LINE('', #2318, #2317);
#2320 = DIRECTION('', (0., -0.90630779, -0.42261826));
#2321 = VECTOR('', #2320, 1.);
#2322 = CARTESIAN_POINT('', (-89., -45.35581609, -12.32274103));
#2323 = LINE('', #2322, #2321);
#2324 = DIRECTION('', (0., -0.90630779, -0.42261826));
#2325 = VECTOR('', #2324, 1.);
#2326 = CARTESIAN_POINT('', (-1., 41.35064575, 28.10914613));
#2327 = LINE('', #2326, #2325);
#2328 = DIRECTION('', (0., -0.90630779, -0.42261826));
#2329 = VECTOR('', #2328, 1.);
#2330 = CARTESIAN_POINT('', (-1., -45.35581609, -12.32274103));
#2331 = LINE('', #2330, #2329);
#2332 = DIRECTION('', (-1., -0., -0.));
#2333 = VECTOR('', #2332, 1.);
#2334 = CARTESIAN_POINT('', (-1., -48.11253793, -13.60822154));
#2335 = LINE('', #2334, #2333);
#2336 = DIRECTION('', (-1., -0., -0.));
#2337 = VECTOR('', #2336, 1.);
#2338 = CARTESIAN_POINT('', (-1., 38.5939239, 26.82366563));
#2339 = LINE('', #2338, #2337);
#2340 = DIRECTION('', (-1., -0., -0.));
#2341 = VECTOR('', #2340, 1.);
#2342 = CARTESIAN_POINT('', (-1., -45.35581609, -12.32274103));
#2343 = LINE('', #2342, #2341);
#2344 = DIRECTION('', (0., -0.96225076, -0.27216443));
#2345 = DIRECTION('', (1., 0., -0.));
#2346 = CARTESIAN_POINT('', (-1., -0., -0.));
#2347 = AXIS2_PLACEMENT_3D('', #2346, #2345, #2344);
#2348 = CIRCLE('', #2347, 50.);
#2349 = DIRECTION('', (-0., -0.96225076, -0.27216443));
#2350 = DIRECTION('', (1., -0., 0.));
#2351 = CARTESIAN_POINT('', (-89., -0., -0.));
#2352 = AXIS2_PLACEMENT_3D('', #2351, #2350, #2349);
#2353 = CIRCLE('', #2352, 50.);
#2354 = DIRECTION('', (0., 1., 0.));
#2355 = VECTOR('', #2354, 1.);
#2356 = CARTESIAN_POINT('', (-119., -24., -17.8));
#2357 = LINE('', #2356, #2355);
#2358 = DIRECTION('', (0., -0., 1.));
#2359 = VECTOR('', #2358, 1.);
#2360 = CARTESIAN_POINT('', (-119., 24., -17.8));
#2361 = LINE('', #2360, #2359);
#2362 = DIRECTION('', (0., 1., 0.));
#2363 = VECTOR('', #2362, 1.);
#2364 = CARTESIAN_POINT('', (-119., -24., -15.8));
#2365 = LINE('', #2364, #2363);
#2366 = DIRECTION('', (0., -0., 1.));
#2367 = VECTOR('', #2366, 1.);
#2368 = CARTESIAN_POINT('', (-119., -24., -17.8));
#2369 = LINE('', #2368, #2367);
#2370 = DIRECTION('', (-1., -0., 0.));
#2371 = VECTOR('', #2370, 1.);
#2372 = CARTESIAN_POINT('', (-119., 24., -17.8));
#2373 = LINE('', #2372, #2371);
#2374 = DIRECTION('', (0., -0., 1.));
#2375 = VECTOR('', #2374, 1.);
#2376 = CARTESIAN_POINT('', (-151., 24., -17.8));
#2377 = LINE('', #2376, #2375);
#2378 = DIRECTION('', (-1., -0., 0.));
#2379 = VECTOR('', #2378, 1.);
#2380 = CARTESIAN_POINT('', (-119., 24., -15.8));
#2381 = LINE('', #2380, #2379);
#2382 = DIRECTION('', (0., -1., 0.));
#2383 = VECTOR('', #2382, 1.);
#2384 = CARTESIAN_POINT('', (-151., 24., -17.8));
#2385 = LINE('', #2384, #2383);
#2386 = DIRECTION('', (0., -0., 1.));
#2387 = VECTOR('', #2386, 1.);
#2388 = CARTESIAN_POINT('', (-151., -24., -17.8));
#2389 = LINE('', #2388, #2387);
#2390 = DIRECTION('', (0., -1., 0.));
#2391 = VECTOR('', #2390, 1.);
#2392 = CARTESIAN_POINT('', (-151., 24., -15.8));
#2393 = LINE('', #2392, #2391);
#2394 = DIRECTION('', (1., -0., 0.));
#2395 = VECTOR('', #2394, 1.);
#2396 = CARTESIAN_POINT('', (-151., -24., -17.8));
#2397 = LINE('', #2396, #2395);
#2398 = DIRECTION('', (1., -0., 0.));
#2399 = VECTOR('', #2398, 1.);
#2400 = CARTESIAN_POINT('', (-151., -24., -15.8));
#2401 = LINE('', #2400, #2399);
#2402 = DIRECTION('', (0., 1., 0.));
#2403 = VECTOR('', #2402, 1.);
#2404 = CARTESIAN_POINT('', (121., 10., -7.2));
#2405 = LINE('', #2404, #2403);
#2406 = DIRECTION('', (0., -0., 1.));
#2407 = VECTOR('', #2406, 1.);
#2408 = CARTESIAN_POINT('', (121., 20., -7.2));
#2409 = LINE('', #2408, #2407);
#2410 = DIRECTION('', (0., 1., 0.));
#2411 = VECTOR('', #2410, 1.);
#2412 = CARTESIAN_POINT('', (121., 10., -3.2));
#2413 = LINE('', #2412, #2411);
#2414 = DIRECTION('', (0., -0., 1.));
#2415 = VECTOR('', #2414, 1.);
#2416 = CARTESIAN_POINT('', (121., 10., -7.2));
#2417 = LINE('', #2416, #2415);
#2418 = DIRECTION('', (-1., -0., 0.));
#2419 = VECTOR('', #2418, 1.);
#2420 = CARTESIAN_POINT('', (121., 20., -7.2));
#2421 = LINE('', #2420, #2419);
#2422 = DIRECTION('', (0., -0., 1.));
#2423 = VECTOR('', #2422, 1.);
#2424 = CARTESIAN_POINT('', (111., 20., -7.2));
#2425 = LINE('', #2424, #2423);
#2426 = DIRECTION('', (-1., -0., 0.));
#2427 = VECTOR('', #2426, 1.);
#2428 = CARTESIAN_POINT('', (121., 20., -3.2));
#2429 = LINE('', #2428, #2427);
#2430 = DIRECTION('', (0., -1., 0.));
#2431 = VECTOR('', #2430, 1.);
#2432 = CARTESIAN_POINT('', (111., 20., -7.2));
#2433 = LINE('', #2432, #2431);
#2434 = DIRECTION('', (0., -0., 1.));
#2435 = VECTOR('', #2434, 1.);
#2436 = CARTESIAN_POINT('', (111., 10., -7.2));
#2437 = LINE('', #2436, #2435);
#2438 = DIRECTION('', (0., -1., 0.));
#2439 = VECTOR('', #2438, 1.);
#2440 = CARTESIAN_POINT('', (111., 20., -3.2));
#2441 = LINE('', #2440, #2439);
#2442 = DIRECTION('', (1., -0., 0.));
#2443 = VECTOR('', #2442, 1.);
#2444 = CARTESIAN_POINT('', (111., 10., -7.2));
#2445 = LINE('', #2444, #2443);
#2446 = DIRECTION('', (1., -0., 0.));
#2447 = VECTOR('', #2446, 1.);
#2448 = CARTESIAN_POINT('', (111., 10., -3.2));
#2449 = LINE('', #2448, #2447);
#2450 = DIRECTION('', (0., 1., 0.));
#2451 = VECTOR('', #2450, 1.);
#2452 = CARTESIAN_POINT('', (-122., -18., -15.8));
#2453 = LINE('', #2452, #2451);
#2454 = DIRECTION('', (0., -0., 1.));
#2455 = VECTOR('', #2454, 1.);
#2456 = CARTESIAN_POINT('', (-122., 18., -15.8));
#2457 = LINE('', #2456, #2455);
#2458 = DIRECTION('', (0., 1., 0.));
#2459 = VECTOR('', #2458, 1.);
#2460 = CARTESIAN_POINT('', (-122., -18., -14.2));
#2461 = LINE('', #2460, #2459);
#2462 = DIRECTION('', (0., -0., 1.));
#2463 = VECTOR('', #2462, 1.);
#2464 = CARTESIAN_POINT('', (-122., -18., -15.8));
#2465 = LINE('', #2464, #2463);
#2466 = DIRECTION('', (-1., -0., 0.));
#2467 = VECTOR('', #2466, 1.);
#2468 = CARTESIAN_POINT('', (-122., 18., -15.8));
#2469 = LINE('', #2468, #2467);
#2470 = DIRECTION('', (0., -0., 1.));
#2471 = VECTOR('', #2470, 1.);
#2472 = CARTESIAN_POINT('', (-148., 18., -15.8));
#2473 = LINE('', #2472, #2471);
#2474 = DIRECTION('', (-1., -0., 0.));
#2475 = VECTOR('', #2474, 1.);
#2476 = CARTESIAN_POINT('', (-122., 18., -14.2));
#2477 = LINE('', #2476, #2475);
#2478 = DIRECTION('', (0., -1., 0.));
#2479 = VECTOR('', #2478, 1.);
#2480 = CARTESIAN_POINT('', (-148., 18., -15.8));
#2481 = LINE('', #2480, #2479);
#2482 = DIRECTION('', (0., -0., 1.));
#2483 = VECTOR('', #2482, 1.);
#2484 = CARTESIAN_POINT('', (-148., -18., -15.8));
#2485 = LINE('', #2484, #2483);
#2486 = DIRECTION('', (0., -1., 0.));
#2487 = VECTOR('', #2486, 1.);
#2488 = CARTESIAN_POINT('', (-148., 18., -14.2));
#2489 = LINE('', #2488, #2487);
#2490 = DIRECTION('', (1., -0., 0.));
#2491 = VECTOR('', #2490, 1.);
#2492 = CARTESIAN_POINT('', (-148., -18., -15.8));
#2493 = LINE('', #2492, #2491);
#2494 = DIRECTION('', (1., -0., 0.));
#2495 = VECTOR('', #2494, 1.);
#2496 = CARTESIAN_POINT('', (-148., -18., -14.2));
#2497 = LINE('', #2496, #2495);
#2498 = DIRECTION('', (0., 1., 0.));
#2499 = VECTOR('', #2498, 1.);
#2500 = CARTESIAN_POINT('', (-126., -8., -14.2));
#2501 = LINE('', #2500, #2499);
#2502 = DIRECTION('', (0., -0., 1.));
#2503 = VECTOR('', #2502, 1.);
#2504 = CARTESIAN_POINT('', (-126., 8., -14.2));
#2505 = LINE('', #2504, #2503);
#2506 = DIRECTION('', (0., 1., 0.));
#2507 = VECTOR('', #2506, 1.);
#2508 = CARTESIAN_POINT('', (-126., -8., -7.2));
#2509 = LINE('', #2508, #2507);
#2510 = DIRECTION('', (0., -0., 1.));
#2511 = VECTOR('', #2510, 1.);
#2512 = CARTESIAN_POINT('', (-126., -8., -14.2));
#2513 = LINE('', #2512, #2511);
#2514 = DIRECTION('', (-1., -0., 0.));
#2515 = VECTOR('', #2514, 1.);
#2516 = CARTESIAN_POINT('', (-126., 8., -14.2));
#2517 = LINE('', #2516, #2515);
#2518 = DIRECTION('', (0., -0., 1.));
#2519 = VECTOR('', #2518, 1.);
#2520 = CARTESIAN_POINT('', (-138., 8., -14.2));
#2521 = LINE('', #2520, #2519);
#2522 = DIRECTION('', (-1., -0., 0.));
#2523 = VECTOR('', #2522, 1.);
#2524 = CARTESIAN_POINT('', (-126., 8., -7.2));
#2525 = LINE('', #2524, #2523);
#2526 = DIRECTION('', (0., -1., 0.));
#2527 = VECTOR('', #2526, 1.);
#2528 = CARTESIAN_POINT('', (-138., 8., -14.2));
#2529 = LINE('', #2528, #2527);
#2530 = DIRECTION('', (0., -0., 1.));
#2531 = VECTOR('', #2530, 1.);
#2532 = CARTESIAN_POINT('', (-138., -8., -14.2));
#2533 = LINE('', #2532, #2531);
#2534 = DIRECTION('', (0., -1., 0.));
#2535 = VECTOR('', #2534, 1.);
#2536 = CARTESIAN_POINT('', (-138., 8., -7.2));
#2537 = LINE('', #2536, #2535);
#2538 = DIRECTION('', (1., -0., 0.));
#2539 = VECTOR('', #2538, 1.);
#2540 = CARTESIAN_POINT('', (-138., -8., -14.2));
#2541 = LINE('', #2540, #2539);
#2542 = DIRECTION('', (1., -0., 0.));
#2543 = VECTOR('', #2542, 1.);
#2544 = CARTESIAN_POINT('', (-138., -8., -7.2));
#2545 = LINE('', #2544, #2543);
#2546 = DIRECTION('', (0., 1., 0.));
#2547 = VECTOR('', #2546, 1.);
#2548 = CARTESIAN_POINT('', (134.5, -24., -7.2));
#2549 = LINE('', #2548, #2547);
#2550 = DIRECTION('', (0., -0., 1.));
#2551 = VECTOR('', #2550, 1.);
#2552 = CARTESIAN_POINT('', (134.5, -20., -7.2));
#2553 = LINE('', #2552, #2551);
#2554 = DIRECTION('', (0., 1., 0.));
#2555 = VECTOR('', #2554, 1.);
#2556 = CARTESIAN_POINT('', (134.5, -24., -5.4));
#2557 = LINE('', #2556, #2555);
#2558 = DIRECTION('', (0., -0., 1.));
#2559 = VECTOR('', #2558, 1.);
#2560 = CARTESIAN_POINT('', (134.5, -24., -7.2));
#2561 = LINE('', #2560, #2559);
#2562 = DIRECTION('', (-1., -0., 0.));
#2563 = VECTOR('', #2562, 1.);
#2564 = CARTESIAN_POINT('', (134.5, -20., -7.2));
#2565 = LINE('', #2564, #2563);
#2566 = DIRECTION('', (0., -0., 1.));
#2567 = VECTOR('', #2566, 1.);
#2568 = CARTESIAN_POINT('', (131.5, -20., -7.2));
#2569 = LINE('', #2568, #2567);
#2570 = DIRECTION('', (-1., -0., 0.));
#2571 = VECTOR('', #2570, 1.);
#2572 = CARTESIAN_POINT('', (134.5, -20., -5.4));
#2573 = LINE('', #2572, #2571);
#2574 = DIRECTION('', (0., -1., 0.));
#2575 = VECTOR('', #2574, 1.);
#2576 = CARTESIAN_POINT('', (131.5, -20., -7.2));
#2577 = LINE('', #2576, #2575);
#2578 = DIRECTION('', (0., -0., 1.));
#2579 = VECTOR('', #2578, 1.);
#2580 = CARTESIAN_POINT('', (131.5, -24., -7.2));
#2581 = LINE('', #2580, #2579);
#2582 = DIRECTION('', (0., -1., 0.));
#2583 = VECTOR('', #2582, 1.);
#2584 = CARTESIAN_POINT('', (131.5, -20., -5.4));
#2585 = LINE('', #2584, #2583);
#2586 = DIRECTION('', (1., -0., 0.));
#2587 = VECTOR('', #2586, 1.);
#2588 = CARTESIAN_POINT('', (131.5, -24., -7.2));
#2589 = LINE('', #2588, #2587);
#2590 = DIRECTION('', (1., -0., 0.));
#2591 = VECTOR('', #2590, 1.);
#2592 = CARTESIAN_POINT('', (131.5, -24., -5.4));
#2593 = LINE('', #2592, #2591);
#2594 = DIRECTION('', (0., 1., 0.));
#2595 = VECTOR('', #2594, 1.);
#2596 = CARTESIAN_POINT('', (139.5, -24., -7.2));
#2597 = LINE('', #2596, #2595);
#2598 = DIRECTION('', (0., -0., 1.));
#2599 = VECTOR('', #2598, 1.);
#2600 = CARTESIAN_POINT('', (139.5, -20., -7.2));
#2601 = LINE('', #2600, #2599);
#2602 = DIRECTION('', (0., 1., 0.));
#2603 = VECTOR('', #2602, 1.);
#2604 = CARTESIAN_POINT('', (139.5, -24., -5.4));
#2605 = LINE('', #2604, #2603);
#2606 = DIRECTION('', (0., -0., 1.));
#2607 = VECTOR('', #2606, 1.);
#2608 = CARTESIAN_POINT('', (139.5, -24., -7.2));
#2609 = LINE('', #2608, #2607);
#2610 = DIRECTION('', (-1., -0., 0.));
#2611 = VECTOR('', #2610, 1.);
#2612 = CARTESIAN_POINT('', (139.5, -20., -7.2));
#2613 = LINE('', #2612, #2611);
#2614 = DIRECTION('', (0., -0., 1.));
#2615 = VECTOR('', #2614, 1.);
#2616 = CARTESIAN_POINT('', (136.5, -20., -7.2));
#2617 = LINE('', #2616, #2615);
#2618 = DIRECTION('', (-1., -0., 0.));
#2619 = VECTOR('', #2618, 1.);
#2620 = CARTESIAN_POINT('', (139.5, -20., -5.4));
#2621 = LINE('', #2620, #2619);
#2622 = DIRECTION('', (0., -1., 0.));
#2623 = VECTOR('', #2622, 1.);
#2624 = CARTESIAN_POINT('', (136.5, -20., -7.2));
#2625 = LINE('', #2624, #2623);
#2626 = DIRECTION('', (0., -0., 1.));
#2627 = VECTOR('', #2626, 1.);
#2628 = CARTESIAN_POINT('', (136.5, -24., -7.2));
#2629 = LINE('', #2628, #2627);
#2630 = DIRECTION('', (0., -1., 0.));
#2631 = VECTOR('', #2630, 1.);
#2632 = CARTESIAN_POINT('', (136.5, -20., -5.4));
#2633 = LINE('', #2632, #2631);
#2634 = DIRECTION('', (1., -0., 0.));
#2635 = VECTOR('', #2634, 1.);
#2636 = CARTESIAN_POINT('', (136.5, -24., -7.2));
#2637 = LINE('', #2636, #2635);
#2638 = DIRECTION('', (1., -0., 0.));
#2639 = VECTOR('', #2638, 1.);
#2640 = CARTESIAN_POINT('', (136.5, -24., -5.4));
#2641 = LINE('', #2640, #2639);
#2642 = DIRECTION('', (0., 1., 0.));
#2643 = VECTOR('', #2642, 1.);
#2644 = CARTESIAN_POINT('', (144.5, -24., -7.2));
#2645 = LINE('', #2644, #2643);
#2646 = DIRECTION('', (0., -0., 1.));
#2647 = VECTOR('', #2646, 1.);
#2648 = CARTESIAN_POINT('', (144.5, -20., -7.2));
#2649 = LINE('', #2648, #2647);
#2650 = DIRECTION('', (0., 1., 0.));
#2651 = VECTOR('', #2650, 1.);
#2652 = CARTESIAN_POINT('', (144.5, -24., -5.4));
#2653 = LINE('', #2652, #2651);
#2654 = DIRECTION('', (0., -0., 1.));
#2655 = VECTOR('', #2654, 1.);
#2656 = CARTESIAN_POINT('', (144.5, -24., -7.2));
#2657 = LINE('', #2656, #2655);
#2658 = DIRECTION('', (-1., -0., 0.));
#2659 = VECTOR('', #2658, 1.);
#2660 = CARTESIAN_POINT('', (144.5, -20., -7.2));
#2661 = LINE('', #2660, #2659);
#2662 = DIRECTION('', (0., -0., 1.));
#2663 = VECTOR('', #2662, 1.);
#2664 = CARTESIAN_POINT('', (141.5, -20., -7.2));
#2665 = LINE('', #2664, #2663);
#2666 = DIRECTION('', (-1., -0., 0.));
#2667 = VECTOR('', #2666, 1.);
#2668 = CARTESIAN_POINT('', (144.5, -20., -5.4));
#2669 = LINE('', #2668, #2667);
#2670 = DIRECTION('', (0., -1., 0.));
#2671 = VECTOR('', #2670, 1.);
#2672 = CARTESIAN_POINT('', (141.5, -20., -7.2));
#2673 = LINE('', #2672, #2671);
#2674 = DIRECTION('', (0., -0., 1.));
#2675 = VECTOR('', #2674, 1.);
#2676 = CARTESIAN_POINT('', (141.5, -24., -7.2));
#2677 = LINE('', #2676, #2675);
#2678 = DIRECTION('', (0., -1., 0.));
#2679 = VECTOR('', #2678, 1.);
#2680 = CARTESIAN_POINT('', (141.5, -20., -5.4));
#2681 = LINE('', #2680, #2679);
#2682 = DIRECTION('', (1., -0., 0.));
#2683 = VECTOR('', #2682, 1.);
#2684 = CARTESIAN_POINT('', (141.5, -24., -7.2));
#2685 = LINE('', #2684, #2683);
#2686 = DIRECTION('', (1., -0., 0.));
#2687 = VECTOR('', #2686, 1.);
#2688 = CARTESIAN_POINT('', (141.5, -24., -5.4));
#2689 = LINE('', #2688, #2687);
#2690 = DIRECTION('', (-0., 1., 0.));
#2691 = VECTOR('', #2690, 1.);
#2692 = CARTESIAN_POINT('', (165.99999999, -4., -7.2));
#2693 = LINE('', #2692, #2691);
#2694 = DIRECTION('', (0., -0., 1.));
#2695 = VECTOR('', #2694, 1.);
#2696 = CARTESIAN_POINT('', (165.99999998, 19.99999998, -7.2));
#2697 = LINE('', #2696, #2695);
#2698 = DIRECTION('', (-0., 1., 0.));
#2699 = VECTOR('', #2698, 1.);
#2700 = CARTESIAN_POINT('', (165.99999999, -4., -2.2));
#2701 = LINE('', #2700, #2699);
#2702 = DIRECTION('', (0., -0., 1.));
#2703 = VECTOR('', #2702, 1.);
#2704 = CARTESIAN_POINT('', (165.99999999, -4., -7.2));
#2705 = LINE('', #2704, #2703);
#2706 = DIRECTION('', (-1., -0., 0.));
#2707 = VECTOR('', #2706, 1.);
#2708 = CARTESIAN_POINT('', (165.99999998, 19.99999998, -7.2));
#2709 = LINE('', #2708, #2707);
#2710 = DIRECTION('', (0., -0., 1.));
#2711 = VECTOR('', #2710, 1.);
#2712 = CARTESIAN_POINT('', (142.00000001, 19.99999997, -7.2));
#2713 = LINE('', #2712, #2711);
#2714 = DIRECTION('', (-1., -0., 0.));
#2715 = VECTOR('', #2714, 1.);
#2716 = CARTESIAN_POINT('', (165.99999998, 19.99999998, -2.2));
#2717 = LINE('', #2716, #2715);
#2718 = DIRECTION('', (-0., -1., 0.));
#2719 = VECTOR('', #2718, 1.);
#2720 = CARTESIAN_POINT('', (142.00000001, 19.99999997, -7.2));
#2721 = LINE('', #2720, #2719);
#2722 = DIRECTION('', (0., -0., 1.));
#2723 = VECTOR('', #2722, 1.);
#2724 = CARTESIAN_POINT('', (142., -4., -7.2));
#2725 = LINE('', #2724, #2723);
#2726 = DIRECTION('', (-0., -1., 0.));
#2727 = VECTOR('', #2726, 1.);
#2728 = CARTESIAN_POINT('', (142.00000001, 19.99999997, -2.2));
#2729 = LINE('', #2728, #2727);
#2730 = DIRECTION('', (1., -0., 0.));
#2731 = VECTOR('', #2730, 1.);
#2732 = CARTESIAN_POINT('', (142., -4., -7.2));
#2733 = LINE('', #2732, #2731);
#2734 = DIRECTION('', (1., -0., 0.));
#2735 = VECTOR('', #2734, 1.);
#2736 = CARTESIAN_POINT('', (142., -4., -2.2));
#2737 = LINE('', #2736, #2735);
#2738 = DIRECTION('', (0., 1., 0.));
#2739 = VECTOR('', #2738, 1.);
#2740 = CARTESIAN_POINT('', (175., -30., -10.8));
#2741 = LINE('', #2740, #2739);
#2742 = DIRECTION('', (0., -0., 1.));
#2743 = VECTOR('', #2742, 1.);
#2744 = CARTESIAN_POINT('', (175., 30., -10.8));
#2745 = LINE('', #2744, #2743);
#2746 = DIRECTION('', (0., 1., 0.));
#2747 = VECTOR('', #2746, 1.);
#2748 = CARTESIAN_POINT('', (175., -30., -8.8));
#2749 = LINE('', #2748, #2747);
#2750 = DIRECTION('', (0., -0., 1.));
#2751 = VECTOR('', #2750, 1.);
#2752 = CARTESIAN_POINT('', (175., -30., -10.8));
#2753 = LINE('', #2752, #2751);
#2754 = DIRECTION('', (-1., -0., 0.));
#2755 = VECTOR('', #2754, 1.);
#2756 = CARTESIAN_POINT('', (175., 30., -10.8));
#2757 = LINE('', #2756, #2755);
#2758 = DIRECTION('', (0., -0., 1.));
#2759 = VECTOR('', #2758, 1.);
#2760 = CARTESIAN_POINT('', (95., 30., -10.8));
#2761 = LINE('', #2760, #2759);
#2762 = DIRECTION('', (-1., -0., 0.));
#2763 = VECTOR('', #2762, 1.);
#2764 = CARTESIAN_POINT('', (175., 30., -8.8));
#2765 = LINE('', #2764, #2763);
#2766 = DIRECTION('', (0., -1., 0.));
#2767 = VECTOR('', #2766, 1.);
#2768 = CARTESIAN_POINT('', (95., 30., -10.8));
#2769 = LINE('', #2768, #2767);
#2770 = DIRECTION('', (0., -0., 1.));
#2771 = VECTOR('', #2770, 1.);
#2772 = CARTESIAN_POINT('', (95., -30., -10.8));
#2773 = LINE('', #2772, #2771);
#2774 = DIRECTION('', (0., -1., 0.));
#2775 = VECTOR('', #2774, 1.);
#2776 = CARTESIAN_POINT('', (95., 30., -8.8));
#2777 = LINE('', #2776, #2775);
#2778 = DIRECTION('', (1., -0., 0.));
#2779 = VECTOR('', #2778, 1.);
#2780 = CARTESIAN_POINT('', (95., -30., -10.8));
#2781 = LINE('', #2780, #2779);
#2782 = DIRECTION('', (1., -0., 0.));
#2783 = VECTOR('', #2782, 1.);
#2784 = CARTESIAN_POINT('', (95., -30., -8.8));
#2785 = LINE('', #2784, #2783);
#2786 = DIRECTION('', (0., 1., 0.));
#2787 = VECTOR('', #2786, 1.);
#2788 = CARTESIAN_POINT('', (171., -26., -8.8));
#2789 = LINE('', #2788, #2787);
#2790 = DIRECTION('', (0., -0., 1.));
#2791 = VECTOR('', #2790, 1.);
#2792 = CARTESIAN_POINT('', (171., 26., -8.8));
#2793 = LINE('', #2792, #2791);
#2794 = DIRECTION('', (0., 1., 0.));
#2795 = VECTOR('', #2794, 1.);
#2796 = CARTESIAN_POINT('', (171., -26., -7.2));
#2797 = LINE('', #2796, #2795);
#2798 = DIRECTION('', (0., -0., 1.));
#2799 = VECTOR('', #2798, 1.);
#2800 = CARTESIAN_POINT('', (171., -26., -8.8));
#2801 = LINE('', #2800, #2799);
#2802 = DIRECTION('', (-1., -0., 0.));
#2803 = VECTOR('', #2802, 1.);
#2804 = CARTESIAN_POINT('', (171., 26., -8.8));
#2805 = LINE('', #2804, #2803);
#2806 = DIRECTION('', (0., -0., 1.));
#2807 = VECTOR('', #2806, 1.);
#2808 = CARTESIAN_POINT('', (99., 26., -8.8));
#2809 = LINE('', #2808, #2807);
#2810 = DIRECTION('', (-1., -0., 0.));
#2811 = VECTOR('', #2810, 1.);
#2812 = CARTESIAN_POINT('', (171., 26., -7.2));
#2813 = LINE('', #2812, #2811);
#2814 = DIRECTION('', (0., -1., 0.));
#2815 = VECTOR('', #2814, 1.);
#2816 = CARTESIAN_POINT('', (99., 26., -8.8));
#2817 = LINE('', #2816, #2815);
#2818 = DIRECTION('', (0., -0., 1.));
#2819 = VECTOR('', #2818, 1.);
#2820 = CARTESIAN_POINT('', (99., -26., -8.8));
#2821 = LINE('', #2820, #2819);
#2822 = DIRECTION('', (0., -1., 0.));
#2823 = VECTOR('', #2822, 1.);
#2824 = CARTESIAN_POINT('', (99., 26., -7.2));
#2825 = LINE('', #2824, #2823);
#2826 = DIRECTION('', (1., -0., 0.));
#2827 = VECTOR('', #2826, 1.);
#2828 = CARTESIAN_POINT('', (99., -26., -8.8));
#2829 = LINE('', #2828, #2827);
#2830 = DIRECTION('', (1., -0., 0.));
#2831 = VECTOR('', #2830, 1.);
#2832 = CARTESIAN_POINT('', (99., -26., -7.2));
#2833 = LINE('', #2832, #2831);
#2834 = DIRECTION('', (-0., 1., 0.));
#2835 = VECTOR('', #2834, 1.);
#2836 = CARTESIAN_POINT('', (127., -22., -7.2));
#2837 = LINE('', #2836, #2835);
#2838 = DIRECTION('', (0., -0., 1.));
#2839 = VECTOR('', #2838, 1.);
#2840 = CARTESIAN_POINT('', (126.99999999, -0.00000001, -7.2));
#2841 = LINE('', #2840, #2839);
#2842 = DIRECTION('', (-0., 1., 0.));
#2843 = VECTOR('', #2842, 1.);
#2844 = CARTESIAN_POINT('', (127., -22., -4.2));
#2845 = LINE('', #2844, #2843);
#2846 = DIRECTION('', (0., -0., 1.));
#2847 = VECTOR('', #2846, 1.);
#2848 = CARTESIAN_POINT('', (127., -22., -7.2));
#2849 = LINE('', #2848, #2847);
#2850 = DIRECTION('', (-1., -0., 0.));
#2851 = VECTOR('', #2850, 1.);
#2852 = CARTESIAN_POINT('', (126.99999999, -0.00000001, -7.2));
#2853 = LINE('', #2852, #2851);
#2854 = DIRECTION('', (0., -0., 1.));
#2855 = VECTOR('', #2854, 1.);
#2856 = CARTESIAN_POINT('', (105.00000001, -0.00000001, -7.2));
#2857 = LINE('', #2856, #2855);
#2858 = DIRECTION('', (-1., -0., 0.));
#2859 = VECTOR('', #2858, 1.);
#2860 = CARTESIAN_POINT('', (126.99999999, -0.00000001, -4.2));
#2861 = LINE('', #2860, #2859);
#2862 = DIRECTION('', (-0., -1., 0.));
#2863 = VECTOR('', #2862, 1.);
#2864 = CARTESIAN_POINT('', (105.00000001, -0.00000001, -7.2));
#2865 = LINE('', #2864, #2863);
#2866 = DIRECTION('', (0., -0., 1.));
#2867 = VECTOR('', #2866, 1.);
#2868 = CARTESIAN_POINT('', (105., -22., -7.2));
#2869 = LINE('', #2868, #2867);
#2870 = DIRECTION('', (-0., -1., 0.));
#2871 = VECTOR('', #2870, 1.);
#2872 = CARTESIAN_POINT('', (105.00000001, -0.00000001, -4.2));
#2873 = LINE('', #2872, #2871);
#2874 = DIRECTION('', (1., -0., 0.));
#2875 = VECTOR('', #2874, 1.);
#2876 = CARTESIAN_POINT('', (105., -22., -7.2));
#2877 = LINE('', #2876, #2875);
#2878 = DIRECTION('', (1., -0., 0.));
#2879 = VECTOR('', #2878, 1.);
#2880 = CARTESIAN_POINT('', (105., -22., -4.2));
#2881 = LINE('', #2880, #2879);
#2882 = DIRECTION('', (0., 1., 0.));
#2883 = DIRECTION('', (0., 0., -1.));
#2884 = CARTESIAN_POINT('', (138., -14., -4.2));
#2885 = AXIS2_PLACEMENT_3D('', #2884, #2883, #2882);
#2886 = CIRCLE('', #2885, 4.);
#2887 = DIRECTION('', (0., -0., -1.));
#2888 = VECTOR('', #2887, 1.);
#2889 = CARTESIAN_POINT('', (138., -10., -4.2));
#2890 = LINE('', #2889, #2888);
#2891 = DIRECTION('', (0., 1., 0.));
#2892 = DIRECTION('', (0., 0., -1.));
#2893 = CARTESIAN_POINT('', (138., -14., -7.2));
#2894 = AXIS2_PLACEMENT_3D('', #2893, #2892, #2891);
#2895 = CIRCLE('', #2894, 4.);
#2896 = DIRECTION('', (0., 1., 0.));
#2897 = VECTOR('', #2896, 1.);
#2898 = CARTESIAN_POINT('', (105.5, 8., -7.2));
#2899 = LINE('', #2898, #2897);
#2900 = DIRECTION('', (0., -0., 1.));
#2901 = VECTOR('', #2900, 1.);
#2902 = CARTESIAN_POINT('', (105.5, 20., -7.2));
#2903 = LINE('', #2902, #2901);
#2904 = DIRECTION('', (0., 1., 0.));
#2905 = VECTOR('', #2904, 1.);
#2906 = CARTESIAN_POINT('', (105.5, 8., -3.2));
#2907 = LINE('', #2906, #2905);
#2908 = DIRECTION('', (0., -0., 1.));
#2909 = VECTOR('', #2908, 1.);
#2910 = CARTESIAN_POINT('', (105.5, 8., -7.2));
#2911 = LINE('', #2910, #2909);
#2912 = DIRECTION('', (-1., -0., 0.));
#2913 = VECTOR('', #2912, 1.);
#2914 = CARTESIAN_POINT('', (105.5, 20., -7.2));
#2915 = LINE('', #2914, #2913);
#2916 = DIRECTION('', (0., -0., 1.));
#2917 = VECTOR('', #2916, 1.);
#2918 = CARTESIAN_POINT('', (100.5, 20., -7.2));
#2919 = LINE('', #2918, #2917);
#2920 = DIRECTION('', (-1., -0., 0.));
#2921 = VECTOR('', #2920, 1.);
#2922 = CARTESIAN_POINT('', (105.5, 20., -3.2));
#2923 = LINE('', #2922, #2921);
#2924 = DIRECTION('', (0., -1., 0.));
#2925 = VECTOR('', #2924, 1.);
#2926 = CARTESIAN_POINT('', (100.5, 20., -7.2));
#2927 = LINE('', #2926, #2925);
#2928 = DIRECTION('', (0., -0., 1.));
#2929 = VECTOR('', #2928, 1.);
#2930 = CARTESIAN_POINT('', (100.5, 8., -7.2));
#2931 = LINE('', #2930, #2929);
#2932 = DIRECTION('', (0., -1., 0.));
#2933 = VECTOR('', #2932, 1.);
#2934 = CARTESIAN_POINT('', (100.5, 20., -3.2));
#2935 = LINE('', #2934, #2933);
#2936 = DIRECTION('', (1., -0., 0.));
#2937 = VECTOR('', #2936, 1.);
#2938 = CARTESIAN_POINT('', (100.5, 8., -7.2));
#2939 = LINE('', #2938, #2937);
#2940 = DIRECTION('', (1., -0., 0.));
#2941 = VECTOR('', #2940, 1.);
#2942 = CARTESIAN_POINT('', (100.5, 8., -3.2));
#2943 = LINE('', #2942, #2941);
#2944 = DIRECTION('', (0., 1., 0.));
#2945 = VECTOR('', #2944, 1.);
#2946 = CARTESIAN_POINT('', (104.5, 9.5, -5.2));
#2947 = LINE('', #2946, #2945);
#2948 = DIRECTION('', (0., -0., 1.));
#2949 = VECTOR('', #2948, 1.);
#2950 = CARTESIAN_POINT('', (104.5, 18.5, -5.2));
#2951 = LINE('', #2950, #2949);
#2952 = DIRECTION('', (0., -0., 1.));
#2953 = VECTOR('', #2952, 1.);
#2954 = CARTESIAN_POINT('', (104.5, 9.5, -5.2));
#2955 = LINE('', #2954, #2953);
#2956 = DIRECTION('', (-1., -0., 0.));
#2957 = VECTOR('', #2956, 1.);
#2958 = CARTESIAN_POINT('', (104.5, 18.5, -5.2));
#2959 = LINE('', #2958, #2957);
#2960 = DIRECTION('', (0., -0., 1.));
#2961 = VECTOR('', #2960, 1.);
#2962 = CARTESIAN_POINT('', (101.5, 18.5, -5.2));
#2963 = LINE('', #2962, #2961);
#2964 = DIRECTION('', (0., -1., 0.));
#2965 = VECTOR('', #2964, 1.);
#2966 = CARTESIAN_POINT('', (101.5, 18.5, -5.2));
#2967 = LINE('', #2966, #2965);
#2968 = DIRECTION('', (0., -0., 1.));
#2969 = VECTOR('', #2968, 1.);
#2970 = CARTESIAN_POINT('', (101.5, 9.5, -5.2));
#2971 = LINE('', #2970, #2969);
#2972 = DIRECTION('', (1., -0., 0.));
#2973 = VECTOR('', #2972, 1.);
#2974 = CARTESIAN_POINT('', (101.5, 9.5, -5.2));
#2975 = LINE('', #2974, #2973);
#2976 = DIRECTION('', (0., 1., 0.));
#2977 = VECTOR('', #2976, 1.);
#2978 = CARTESIAN_POINT('', (104.5, 9.5, -3.2));
#2979 = LINE('', #2978, #2977);
#2980 = DIRECTION('', (-1., -0., 0.));
#2981 = VECTOR('', #2980, 1.);
#2982 = CARTESIAN_POINT('', (104.5, 18.5, -3.2));
#2983 = LINE('', #2982, #2981);
#2984 = DIRECTION('', (0., -1., 0.));
#2985 = VECTOR('', #2984, 1.);
#2986 = CARTESIAN_POINT('', (101.5, 18.5, -3.2));
#2987 = LINE('', #2986, #2985);
#2988 = DIRECTION('', (1., -0., 0.));
#2989 = VECTOR('', #2988, 1.);
#2990 = CARTESIAN_POINT('', (101.5, 9.5, -3.2));
#2991 = LINE('', #2990, #2989);
#2992 = DIRECTION('', (0., 1., -0.));
#2993 = DIRECTION('', (1., -0., -0.));
#2994 = CARTESIAN_POINT('', (93., 0., 0.));
#2995 = AXIS2_PLACEMENT_3D('', #2994, #2993, #2992);
#2996 = CIRCLE('', #2995, 47.);
#2997 = DIRECTION('', (1., -0., 0.));
#2998 = VECTOR('', #2997, 1.);
#2999 = CARTESIAN_POINT('', (93., 47., 0.));
#3000 = LINE('', #2999, #2998);
#3001 = DIRECTION('', (-0., 1., 0.));
#3002 = DIRECTION('', (1., 0., 0.));
#3003 = CARTESIAN_POINT('', (95., 0., -0.));
#3004 = AXIS2_PLACEMENT_3D('', #3003, #3002, #3001);
#3005 = CIRCLE('', #3004, 47.);
#3006 = DIRECTION('', (-1., -0., -0.));
#3007 = VECTOR('', #3006, 1.);
#3008 = CARTESIAN_POINT('', (95., 38.5939239, 26.82366563));
#3009 = LINE('', #3008, #3007);
#3010 = DIRECTION('', (0., -0.90630779, -0.42261826));
#3011 = VECTOR('', #3010, 1.);
#3012 = CARTESIAN_POINT('', (93., 38.5939239, 26.82366563));
#3013 = LINE('', #3012, #3011);
#3014 = DIRECTION('', (0., -0.90630779, -0.42261826));
#3015 = VECTOR('', #3014, 1.);
#3016 = CARTESIAN_POINT('', (95., 38.5939239, 26.82366563));
#3017 = LINE('', #3016, #3015);
#3018 = DIRECTION('', (-1., -0., -0.));
#3019 = VECTOR('', #3018, 1.);
#3020 = CARTESIAN_POINT('', (95., -45.35581609, -12.32274103));
#3021 = LINE('', #3020, #3019);
#3022 = DIRECTION('', (-0., -0.96501736, -0.26218598));
#3023 = DIRECTION('', (1., -0., 0.));
#3024 = CARTESIAN_POINT('', (95., -0., -0.));
#3025 = AXIS2_PLACEMENT_3D('', #3024, #3023, #3022);
#3026 = CIRCLE('', #3025, 47.);
#3027 = DIRECTION('', (0., -0.96501736, -0.26218598));
#3028 = DIRECTION('', (1., -0., 0.));
#3029 = CARTESIAN_POINT('', (93., -0., -0.));
#3030 = AXIS2_PLACEMENT_3D('', #3029, #3028, #3027);
#3031 = CIRCLE('', #3030, 47.);
#3032 = DIRECTION('', (0., 1., 0.));
#3033 = VECTOR('', #3032, 1.);
#3034 = CARTESIAN_POINT('', (174., -29., -8.8));
#3035 = LINE('', #3034, #3033);
#3036 = DIRECTION('', (0., -0., 1.));
#3037 = VECTOR('', #3036, 1.);
#3038 = CARTESIAN_POINT('', (174., 29., -8.8));
#3039 = LINE('', #3038, #3037);
#3040 = DIRECTION('', (0., 1., 0.));
#3041 = VECTOR('', #3040, 1.);
#3042 = CARTESIAN_POINT('', (174., -29., 5.2));
#3043 = LINE('', #3042, #3041);
#3044 = DIRECTION('', (0., -0., 1.));
#3045 = VECTOR('', #3044, 1.);
#3046 = CARTESIAN_POINT('', (174., -29., -8.8));
#3047 = LINE('', #3046, #3045);
#3048 = DIRECTION('', (-1., -0., 0.));
#3049 = VECTOR('', #3048, 1.);
#3050 = CARTESIAN_POINT('', (174., 29., -8.8));
#3051 = LINE('', #3050, #3049);
#3052 = DIRECTION('', (0., -0., 1.));
#3053 = VECTOR('', #3052, 1.);
#3054 = CARTESIAN_POINT('', (96., 29., -8.8));
#3055 = LINE('', #3054, #3053);
#3056 = DIRECTION('', (-1., -0., 0.));
#3057 = VECTOR('', #3056, 1.);
#3058 = CARTESIAN_POINT('', (174., 29., 5.2));
#3059 = LINE('', #3058, #3057);
#3060 = DIRECTION('', (0., -1., 0.));
#3061 = VECTOR('', #3060, 1.);
#3062 = CARTESIAN_POINT('', (96., 29., -8.8));
#3063 = LINE('', #3062, #3061);
#3064 = DIRECTION('', (0., -0., 1.));
#3065 = VECTOR('', #3064, 1.);
#3066 = CARTESIAN_POINT('', (96., -29., -8.8));
#3067 = LINE('', #3066, #3065);
#3068 = DIRECTION('', (0., -1., 0.));
#3069 = VECTOR('', #3068, 1.);
#3070 = CARTESIAN_POINT('', (96., 29., 5.2));
#3071 = LINE('', #3070, #3069);
#3072 = DIRECTION('', (1., -0., 0.));
#3073 = VECTOR('', #3072, 1.);
#3074 = CARTESIAN_POINT('', (96., -29., -8.8));
#3075 = LINE('', #3074, #3073);
#3076 = DIRECTION('', (1., -0., 0.));
#3077 = VECTOR('', #3076, 1.);
#3078 = CARTESIAN_POINT('', (96., -29., 5.2));
#3079 = LINE('', #3078, #3077);
#3080 = DIRECTION('', (0., 1., 0.));
#3081 = VECTOR('', #3080, 1.);
#3082 = CARTESIAN_POINT('', (172., -27., -8.8));
#3083 = LINE('', #3082, #3081);
#3084 = DIRECTION('', (-1., -0., 0.));
#3085 = VECTOR('', #3084, 1.);
#3086 = CARTESIAN_POINT('', (172., 27., -8.8));
#3087 = LINE('', #3086, #3085);
#3088 = DIRECTION('', (0., -1., 0.));
#3089 = VECTOR('', #3088, 1.);
#3090 = CARTESIAN_POINT('', (98., 27., -8.8));
#3091 = LINE('', #3090, #3089);
#3092 = DIRECTION('', (1., -0., 0.));
#3093 = VECTOR('', #3092, 1.);
#3094 = CARTESIAN_POINT('', (98., -27., -8.8));
#3095 = LINE('', #3094, #3093);
#3096 = DIRECTION('', (0., 1., 0.));
#3097 = VECTOR('', #3096, 1.);
#3098 = CARTESIAN_POINT('', (172., -27., 5.2));
#3099 = LINE('', #3098, #3097);
#3100 = DIRECTION('', (-1., -0., 0.));
#3101 = VECTOR('', #3100, 1.);
#3102 = CARTESIAN_POINT('', (172., 27., 5.2));
#3103 = LINE('', #3102, #3101);
#3104 = DIRECTION('', (0., -1., 0.));
#3105 = VECTOR('', #3104, 1.);
#3106 = CARTESIAN_POINT('', (98., 27., 5.2));
#3107 = LINE('', #3106, #3105);
#3108 = DIRECTION('', (1., -0., 0.));
#3109 = VECTOR('', #3108, 1.);
#3110 = CARTESIAN_POINT('', (98., -27., 5.2));
#3111 = LINE('', #3110, #3109);
#3112 = DIRECTION('', (0., -0., 1.));
#3113 = VECTOR('', #3112, 1.);
#3114 = CARTESIAN_POINT('', (98., -27., -8.8));
#3115 = LINE('', #3114, #3113);
#3116 = DIRECTION('', (0., -0., 1.));
#3117 = VECTOR('', #3116, 1.);
#3118 = CARTESIAN_POINT('', (98., 27., -8.8));
#3119 = LINE('', #3118, #3117);
#3120 = DIRECTION('', (0., -0., 1.));
#3121 = VECTOR('', #3120, 1.);
#3122 = CARTESIAN_POINT('', (172., 27., -8.8));
#3123 = LINE('', #3122, #3121);
#3124 = DIRECTION('', (0., -0., 1.));
#3125 = VECTOR('', #3124, 1.);
#3126 = CARTESIAN_POINT('', (172., -27., -8.8));
#3127 = LINE('', #3126, #3125);
#3128 = DIRECTION('', (0., -0., 1.));
#3129 = VECTOR('', #3128, 1.);
#3130 = CARTESIAN_POINT('', (171., -29., -3.8));
#3131 = LINE('', #3130, #3129);
#3132 = DIRECTION('', (0., -0., -1.));
#3133 = VECTOR('', #3132, 1.);
#3134 = CARTESIAN_POINT('', (99., -29., 5.2));
#3135 = LINE('', #3134, #3133);
#3136 = DIRECTION('', (-1., -0., 0.));
#3137 = VECTOR('', #3136, 1.);
#3138 = CARTESIAN_POINT('', (171., -29., -3.8));
#3139 = LINE('', #3138, #3137);
#3140 = DIRECTION('', (0., 1., 0.));
#3141 = VECTOR('', #3140, 1.);
#3142 = CARTESIAN_POINT('', (171., -29., 5.2));
#3143 = LINE('', #3142, #3141);
#3144 = DIRECTION('', (0., -1., 0.));
#3145 = VECTOR('', #3144, 1.);
#3146 = CARTESIAN_POINT('', (99., -27., 5.2));
#3147 = LINE('', #3146, #3145);
#3148 = DIRECTION('', (0., -0., 1.));
#3149 = VECTOR('', #3148, 1.);
#3150 = CARTESIAN_POINT('', (171., -27., -3.8));
#3151 = LINE('', #3150, #3149);
#3152 = DIRECTION('', (0., -0., -1.));
#3153 = VECTOR('', #3152, 1.);
#3154 = CARTESIAN_POINT('', (99., -27., 5.2));
#3155 = LINE('', #3154, #3153);
#3156 = DIRECTION('', (-1., -0., 0.));
#3157 = VECTOR('', #3156, 1.);
#3158 = CARTESIAN_POINT('', (171., -27., -3.8));
#3159 = LINE('', #3158, #3157);
#3160 = DIRECTION('', (0., -1., 0.));
#3161 = VECTOR('', #3160, 1.);
#3162 = CARTESIAN_POINT('', (99., -27., -3.8));
#3163 = LINE('', #3162, #3161);
#3164 = DIRECTION('', (1., -0., 0.));
#3165 = VECTOR('', #3164, 1.);
#3166 = CARTESIAN_POINT('', (171., -27., 5.2));
#3167 = LINE('', #3166, #3165);
#3168 = DIRECTION('', (1., -0., 0.));
#3169 = VECTOR('', #3168, 1.);
#3170 = CARTESIAN_POINT('', (171., -29., 5.2));
#3171 = LINE('', #3170, #3169);
#3172 = DIRECTION('', (0., 1., 0.));
#3173 = VECTOR('', #3172, 1.);
#3174 = CARTESIAN_POINT('', (171., -29., -3.8));
#3175 = LINE('', #3174, #3173);
#3176 = DIRECTION('', (0., 1., 0.));
#3177 = VECTOR('', #3176, 1.);
#3178 = CARTESIAN_POINT('', (-119., -21., -15.8));
#3179 = LINE('', #3178, #3177);
#3180 = DIRECTION('', (0., -0., 1.));
#3181 = VECTOR('', #3180, 1.);
#3182 = CARTESIAN_POINT('', (-119., 21., -15.8));
#3183 = LINE('', #3182, #3181);
#3184 = DIRECTION('', (0., 1., 0.));
#3185 = VECTOR('', #3184, 1.);
#3186 = CARTESIAN_POINT('', (-119., -21., -3.8));
#3187 = LINE('', #3186, #3185);
#3188 = DIRECTION('', (0., -0., 1.));
#3189 = VECTOR('', #3188, 1.);
#3190 = CARTESIAN_POINT('', (-119., -21., -15.8));
#3191 = LINE('', #3190, #3189);
#3192 = DIRECTION('', (-1., -0., 0.));
#3193 = VECTOR('', #3192, 1.);
#3194 = CARTESIAN_POINT('', (-119., 21., -15.8));
#3195 = LINE('', #3194, #3193);
#3196 = DIRECTION('', (0., -0., 1.));
#3197 = VECTOR('', #3196, 1.);
#3198 = CARTESIAN_POINT('', (-151., 21., -15.8));
#3199 = LINE('', #3198, #3197);
#3200 = DIRECTION('', (-1., -0., 0.));
#3201 = VECTOR('', #3200, 1.);
#3202 = CARTESIAN_POINT('', (-119., 21., -3.8));
#3203 = LINE('', #3202, #3201);
#3204 = DIRECTION('', (0., -1., 0.));
#3205 = VECTOR('', #3204, 1.);
#3206 = CARTESIAN_POINT('', (-151., 21., -15.8));
#3207 = LINE('', #3206, #3205);
#3208 = DIRECTION('', (0., -0., 1.));
#3209 = VECTOR('', #3208, 1.);
#3210 = CARTESIAN_POINT('', (-151., -21., -15.8));
#3211 = LINE('', #3210, #3209);
#3212 = DIRECTION('', (0., -1., 0.));
#3213 = VECTOR('', #3212, 1.);
#3214 = CARTESIAN_POINT('', (-151., 21., -3.8));
#3215 = LINE('', #3214, #3213);
#3216 = DIRECTION('', (1., -0., 0.));
#3217 = VECTOR('', #3216, 1.);
#3218 = CARTESIAN_POINT('', (-151., -21., -15.8));
#3219 = LINE('', #3218, #3217);
#3220 = DIRECTION('', (1., -0., 0.));
#3221 = VECTOR('', #3220, 1.);
#3222 = CARTESIAN_POINT('', (-151., -21., -3.8));
#3223 = LINE('', #3222, #3221);
#3224 = DIRECTION('', (0., 1., 0.));
#3225 = VECTOR('', #3224, 1.);
#3226 = CARTESIAN_POINT('', (-121., -19., -15.8));
#3227 = LINE('', #3226, #3225);
#3228 = DIRECTION('', (-1., -0., 0.));
#3229 = VECTOR('', #3228, 1.);
#3230 = CARTESIAN_POINT('', (-121., 19., -15.8));
#3231 = LINE('', #3230, #3229);
#3232 = DIRECTION('', (0., -1., 0.));
#3233 = VECTOR('', #3232, 1.);
#3234 = CARTESIAN_POINT('', (-149., 19., -15.8));
#3235 = LINE('', #3234, #3233);
#3236 = DIRECTION('', (1., -0., 0.));
#3237 = VECTOR('', #3236, 1.);
#3238 = CARTESIAN_POINT('', (-149., -19., -15.8));
#3239 = LINE('', #3238, #3237);
#3240 = DIRECTION('', (0., 1., 0.));
#3241 = VECTOR('', #3240, 1.);
#3242 = CARTESIAN_POINT('', (-121., -19., -3.8));
#3243 = LINE('', #3242, #3241);
#3244 = DIRECTION('', (-1., -0., 0.));
#3245 = VECTOR('', #3244, 1.);
#3246 = CARTESIAN_POINT('', (-121., 19., -3.8));
#3247 = LINE('', #3246, #3245);
#3248 = DIRECTION('', (0., -1., 0.));
#3249 = VECTOR('', #3248, 1.);
#3250 = CARTESIAN_POINT('', (-149., 19., -3.8));
#3251 = LINE('', #3250, #3249);
#3252 = DIRECTION('', (1., -0., 0.));
#3253 = VECTOR('', #3252, 1.);
#3254 = CARTESIAN_POINT('', (-149., -19., -3.8));
#3255 = LINE('', #3254, #3253);
#3256 = DIRECTION('', (0., -0., 1.));
#3257 = VECTOR('', #3256, 1.);
#3258 = CARTESIAN_POINT('', (-149., -19., -15.8));
#3259 = LINE('', #3258, #3257);
#3260 = DIRECTION('', (0., -0., 1.));
#3261 = VECTOR('', #3260, 1.);
#3262 = CARTESIAN_POINT('', (-149., 19., -15.8));
#3263 = LINE('', #3262, #3261);
#3264 = DIRECTION('', (0., -0., 1.));
#3265 = VECTOR('', #3264, 1.);
#3266 = CARTESIAN_POINT('', (-121., 19., -15.8));
#3267 = LINE('', #3266, #3265);
#3268 = DIRECTION('', (0., -0., 1.));
#3269 = VECTOR('', #3268, 1.);
#3270 = CARTESIAN_POINT('', (-121., -19., -15.8));
#3271 = LINE('', #3270, #3269);
#3272 = DIRECTION('', (0., -0., 1.));
#3273 = VECTOR('', #3272, 1.);
#3274 = CARTESIAN_POINT('', (-122., -21., -10.8));
#3275 = LINE('', #3274, #3273);
#3276 = DIRECTION('', (0., -0., -1.));
#3277 = VECTOR('', #3276, 1.);
#3278 = CARTESIAN_POINT('', (-148., -21., -3.8));
#3279 = LINE('', #3278, #3277);
#3280 = DIRECTION('', (-1., -0., 0.));
#3281 = VECTOR('', #3280, 1.);
#3282 = CARTESIAN_POINT('', (-122., -21., -10.8));
#3283 = LINE('', #3282, #3281);
#3284 = DIRECTION('', (0., 1., 0.));
#3285 = VECTOR('', #3284, 1.);
#3286 = CARTESIAN_POINT('', (-122., -21., -3.8));
#3287 = LINE('', #3286, #3285);
#3288 = DIRECTION('', (0., -1., 0.));
#3289 = VECTOR('', #3288, 1.);
#3290 = CARTESIAN_POINT('', (-148., -19., -3.8));
#3291 = LINE('', #3290, #3289);
#3292 = DIRECTION('', (0., -0., 1.));
#3293 = VECTOR('', #3292, 1.);
#3294 = CARTESIAN_POINT('', (-122., -19., -10.8));
#3295 = LINE('', #3294, #3293);
#3296 = DIRECTION('', (0., 0., -1.));
#3297 = VECTOR('', #3296, 1.);
#3298 = CARTESIAN_POINT('', (-148., -19., -3.8));
#3299 = LINE('', #3298, #3297);
#3300 = DIRECTION('', (-1., -0., 0.));
#3301 = VECTOR('', #3300, 1.);
#3302 = CARTESIAN_POINT('', (-122., -19., -10.8));
#3303 = LINE('', #3302, #3301);
#3304 = DIRECTION('', (0., -1., 0.));
#3305 = VECTOR('', #3304, 1.);
#3306 = CARTESIAN_POINT('', (-148., -19., -10.8));
#3307 = LINE('', #3306, #3305);
#3308 = DIRECTION('', (1., -0., -0.));
#3309 = VECTOR('', #3308, 1.);
#3310 = CARTESIAN_POINT('', (-122., -19., -3.8));
#3311 = LINE('', #3310, #3309);
#3312 = DIRECTION('', (1., -0., 0.));
#3313 = VECTOR('', #3312, 1.);
#3314 = CARTESIAN_POINT('', (-122., -21., -3.8));
#3315 = LINE('', #3314, #3313);
#3316 = DIRECTION('', (0., 1., 0.));
#3317 = VECTOR('', #3316, 1.);
#3318 = CARTESIAN_POINT('', (-122., -21., -10.8));
#3319 = LINE('', #3318, #3317);
#3320 = DIRECTION('', (0., 1., -0.));
#3321 = DIRECTION('', (1., -0., -0.));
#3322 = CARTESIAN_POINT('', (-179., 0., 0.));
#3323 = AXIS2_PLACEMENT_3D('', #3322, #3321, #3320);
#3324 = CIRCLE('', #3323, 50.);
#3325 = DIRECTION('', (1., -0., 0.));
#3326 = VECTOR('', #3325, 1.);
#3327 = CARTESIAN_POINT('', (-179., 50., 0.));
#3328 = LINE('', #3327, #3326);
#3329 = DIRECTION('', (0., 1., -0.));
#3330 = DIRECTION('', (1., -0., -0.));
#3331 = CARTESIAN_POINT('', (-91., 0., 0.));
#3332 = AXIS2_PLACEMENT_3D('', #3331, #3330, #3329);
#3333 = CIRCLE('', #3332, 50.);
#3334 = DIRECTION('', (0., 1., -0.));
#3335 = DIRECTION('', (1., -0., 0.));
#3336 = CARTESIAN_POINT('', (-179., 0.00000001, 0.));
#3337 = AXIS2_PLACEMENT_3D('', #3336, #3335, #3334);
#3338 = CIRCLE('', #3337, 46.99999999);
#3339 = DIRECTION('', (0., 1., 0.));
#3340 = DIRECTION('', (-1., 0., 0.));
#3341 = CARTESIAN_POINT('', (-179., -0., -0.));
#3342 = AXIS2_PLACEMENT_3D('', #3341, #3340, #3339);
#3343 = CIRCLE('', #3342, 47.);
#3344 = DIRECTION('', (-0., 1., -0.));
#3345 = DIRECTION('', (1., 0., 0.));
#3346 = CARTESIAN_POINT('', (-91., 0.00000003, 0.00000001));
#3347 = AXIS2_PLACEMENT_3D('', #3346, #3345, #3344);
#3348 = CIRCLE('', #3347, 46.99999997);
#3349 = DIRECTION('', (-0., 1., -0.));
#3350 = DIRECTION('', (-1., -0., 0.));
#3351 = CARTESIAN_POINT('', (-91., -0., 0.));
#3352 = AXIS2_PLACEMENT_3D('', #3351, #3350, #3349);
#3353 = CIRCLE('', #3352, 47.);
#3354 = DIRECTION('', (0., 0.00000002, -1.));
#3355 = DIRECTION('', (-1., -0., -0.));
#3356 = CARTESIAN_POINT('', (-179., 0., 0.));
#3357 = AXIS2_PLACEMENT_3D('', #3356, #3355, #3354);
#3358 = CIRCLE('', #3357, 47.);
#3359 = DIRECTION('', (-0., 0.00000002, -1.));
#3360 = DIRECTION('', (-1., 0., 0.));
#3361 = CARTESIAN_POINT('', (-91., 0., 0.));
#3362 = AXIS2_PLACEMENT_3D('', #3361, #3360, #3359);
#3363 = CIRCLE('', #3362, 47.);
#3364 = DIRECTION('', (1., -0., 0.));
#3365 = VECTOR('', #3364, 1.);
#3366 = CARTESIAN_POINT('', (-179., 47., 0.));
#3367 = LINE('', #3366, #3365);
#3368 = DIRECTION('', (-1., -0., 0.));
#3369 = VECTOR('', #3368, 1.);
#3370 = CARTESIAN_POINT('', (-91., 41.35064575, 28.10914613));
#3371 = LINE('', #3370, #3369);
#3372 = DIRECTION('', (0., -0.90630779, -0.42261826));
#3373 = VECTOR('', #3372, 1.);
#3374 = CARTESIAN_POINT('', (-179., 41.35064575, 28.10914613));
#3375 = LINE('', #3374, #3373);
#3376 = DIRECTION('', (0., -0.90630779, -0.42261826));
#3377 = VECTOR('', #3376, 1.);
#3378 = CARTESIAN_POINT('', (-179., -45.35581609, -12.32274103));
#3379 = LINE('', #3378, #3377);
#3380 = DIRECTION('', (0., -0.90630779, -0.42261826));
#3381 = VECTOR('', #3380, 1.);
#3382 = CARTESIAN_POINT('', (-91., 41.35064575, 28.10914613));
#3383 = LINE('', #3382, #3381);
#3384 = DIRECTION('', (0., -0.90630779, -0.42261826));
#3385 = VECTOR('', #3384, 1.);
#3386 = CARTESIAN_POINT('', (-91., -45.35581609, -12.32274103));
#3387 = LINE('', #3386, #3385);
#3388 = DIRECTION('', (-1., -0., -0.));
#3389 = VECTOR('', #3388, 1.);
#3390 = CARTESIAN_POINT('', (-91., -48.11253793, -13.60822154));
#3391 = LINE('', #3390, #3389);
#3392 = DIRECTION('', (-1., -0., -0.));
#3393 = VECTOR('', #3392, 1.);
#3394 = CARTESIAN_POINT('', (-91., 38.5939239, 26.82366563));
#3395 = LINE('', #3394, #3393);
#3396 = DIRECTION('', (-1., -0., -0.));
#3397 = VECTOR('', #3396, 1.);
#3398 = CARTESIAN_POINT('', (-91., -45.35581609, -12.32274103));
#3399 = LINE('', #3398, #3397);
#3400 = DIRECTION('', (0., -0.96225076, -0.27216443));
#3401 = DIRECTION('', (1., -0., 0.));
#3402 = CARTESIAN_POINT('', (-91., -0., -0.));
#3403 = AXIS2_PLACEMENT_3D('', #3402, #3401, #3400);
#3404 = CIRCLE('', #3403, 50.);
#3405 = DIRECTION('', (-0., -0.96225076, -0.27216443));
#3406 = DIRECTION('', (1., -0., 0.));
#3407 = CARTESIAN_POINT('', (-179., -0., -0.));
#3408 = AXIS2_PLACEMENT_3D('', #3407, #3406, #3405);
#3409 = CIRCLE('', #3408, 50.);
#3410 = DIRECTION('', (0., 1., 0.));
#3411 = DIRECTION('', (1., -0., -0.));
#3412 = CARTESIAN_POINT('', (-91., 0., -0.));
#3413 = AXIS2_PLACEMENT_3D('', #3412, #3411, #3410);
#3414 = CIRCLE('', #3413, 50.);
#3415 = DIRECTION('', (1., -0., 0.));
#3416 = VECTOR('', #3415, 1.);
#3417 = CARTESIAN_POINT('', (-91., 50., 0.));
#3418 = LINE('', #3417, #3416);
#3419 = DIRECTION('', (-0., 1., -0.));
#3420 = DIRECTION('', (1., 0., 0.));
#3421 = CARTESIAN_POINT('', (-89., 0., 0.));
#3422 = AXIS2_PLACEMENT_3D('', #3421, #3420, #3419);
#3423 = CIRCLE('', #3422, 50.);
#3424 = DIRECTION('', (0., 1., -0.));
#3425 = DIRECTION('', (1., -0., 0.));
#3426 = CARTESIAN_POINT('', (-91., 0., 0.));
#3427 = AXIS2_PLACEMENT_3D('', #3426, #3425, #3424);
#3428 = CIRCLE('', #3427, 47.);
#3429 = DIRECTION('', (0., 1., -0.));
#3430 = DIRECTION('', (-1., -0., -0.));
#3431 = CARTESIAN_POINT('', (-91., -0., 0.));
#3432 = AXIS2_PLACEMENT_3D('', #3431, #3430, #3429);
#3433 = CIRCLE('', #3432, 47.);
#3434 = DIRECTION('', (0., 1., 0.));
#3435 = DIRECTION('', (1., -0., -0.));
#3436 = CARTESIAN_POINT('', (-89., -0., -0.));
#3437 = AXIS2_PLACEMENT_3D('', #3436, #3435, #3434);
#3438 = CIRCLE('', #3437, 47.);
#3439 = DIRECTION('', (0., 1., -0.));
#3440 = DIRECTION('', (-1., -0., -0.));
#3441 = CARTESIAN_POINT('', (-89., -0., 0.));
#3442 = AXIS2_PLACEMENT_3D('', #3441, #3440, #3439);
#3443 = CIRCLE('', #3442, 47.);
#3444 = DIRECTION('', (0., -0., -1.));
#3445 = DIRECTION('', (-1., -0., -0.));
#3446 = CARTESIAN_POINT('', (-91., -0., -0.));
#3447 = AXIS2_PLACEMENT_3D('', #3446, #3445, #3444);
#3448 = CIRCLE('', #3447, 47.);
#3449 = DIRECTION('', (0., -0., -1.));
#3450 = DIRECTION('', (-1., -0., 0.));
#3451 = CARTESIAN_POINT('', (-89., 0., 0.));
#3452 = AXIS2_PLACEMENT_3D('', #3451, #3450, #3449);
#3453 = CIRCLE('', #3452, 47.);
#3454 = DIRECTION('', (1., -0., 0.));
#3455 = VECTOR('', #3454, 1.);
#3456 = CARTESIAN_POINT('', (-91., 47., 0.));
#3457 = LINE('', #3456, #3455);
#3458 = DIRECTION('', (-1., -0., -0.));
#3459 = VECTOR('', #3458, 1.);
#3460 = CARTESIAN_POINT('', (-89., 41.35064575, 28.10914613));
#3461 = LINE('', #3460, #3459);
#3462 = DIRECTION('', (0., -0.90630779, -0.42261826));
#3463 = VECTOR('', #3462, 1.);
#3464 = CARTESIAN_POINT('', (-91., 41.35064575, 28.10914613));
#3465 = LINE('', #3464, #3463);
#3466 = DIRECTION('', (0., -0.90630779, -0.42261826));
#3467 = VECTOR('', #3466, 1.);
#3468 = CARTESIAN_POINT('', (-91., -45.35581609, -12.32274103));
#3469 = LINE('', #3468, #3467);
#3470 = DIRECTION('', (0., -0.90630779, -0.42261826));
#3471 = VECTOR('', #3470, 1.);
#3472 = CARTESIAN_POINT('', (-89., 41.35064575, 28.10914613));
#3473 = LINE('', #3472, #3471);
#3474 = DIRECTION('', (0., -0.90630779, -0.42261826));
#3475 = VECTOR('', #3474, 1.);
#3476 = CARTESIAN_POINT('', (-89., -45.35581609, -12.32274103));
#3477 = LINE('', #3476, #3475);
#3478 = DIRECTION('', (-1., 0., -0.));
#3479 = VECTOR('', #3478, 1.);
#3480 = CARTESIAN_POINT('', (-89., -48.11253794, -13.60822154));
#3481 = LINE('', #3480, #3479);
#3482 = DIRECTION('', (-1., 0., 0.));
#3483 = VECTOR('', #3482, 1.);
#3484 = CARTESIAN_POINT('', (-89., 38.5939239, 26.82366563));
#3485 = LINE('', #3484, #3483);
#3486 = DIRECTION('', (-1., -0., 0.));
#3487 = VECTOR('', #3486, 1.);
#3488 = CARTESIAN_POINT('', (-89., -45.35581609, -12.32274103));
#3489 = LINE('', #3488, #3487);
#3490 = DIRECTION('', (0., -0.96225076, -0.27216443));
#3491 = DIRECTION('', (1., 0., -0.));
#3492 = CARTESIAN_POINT('', (-89., 0., -0.));
#3493 = AXIS2_PLACEMENT_3D('', #3492, #3491, #3490);
#3494 = CIRCLE('', #3493, 50.);
#3495 = DIRECTION('', (0., -0.96225076, -0.27216443));
#3496 = DIRECTION('', (1., -0., 0.));
#3497 = CARTESIAN_POINT('', (-91., 0., -0.));
#3498 = AXIS2_PLACEMENT_3D('', #3497, #3496, #3495);
#3499 = CIRCLE('', #3498, 50.);
#3500 = EDGE_CURVE('', #6, #8, #867, .T.);
#3501 = EDGE_CURVE('', #8, #8, #872, .T.);
#3502 = EDGE_CURVE('', #6, #6, #877, .T.);
#3503 = EDGE_CURVE('', #10, #12, #881, .T.);
#3504 = EDGE_CURVE('', #12, #14, #885, .T.);
#3505 = EDGE_CURVE('', #16, #14, #889, .T.);
#3506 = EDGE_CURVE('', #10, #16, #893, .T.);
#3507 = EDGE_CURVE('', #12, #18, #897, .T.);
#3508 = EDGE_CURVE('', #18, #20, #901, .T.);
#3509 = EDGE_CURVE('', #14, #20, #905, .T.);
#3510 = EDGE_CURVE('', #18, #22, #909, .T.);
#3511 = EDGE_CURVE('', #22, #24, #913, .T.);
#3512 = EDGE_CURVE('', #20, #24, #917, .T.);
#3513 = EDGE_CURVE('', #22, #10, #921, .T.);
#3514 = EDGE_CURVE('', #24, #16, #925, .T.);
#3515 = EDGE_CURVE('', #26, #28, #929, .T.);
#3516 = EDGE_CURVE('', #28, #30, #933, .T.);
#3517 = EDGE_CURVE('', #32, #30, #937, .T.);
#3518 = EDGE_CURVE('', #26, #32, #941, .T.);
#3519 = EDGE_CURVE('', #28, #34, #945, .T.);
#3520 = EDGE_CURVE('', #34, #36, #949, .T.);
#3521 = EDGE_CURVE('', #30, #36, #953, .T.);
#3522 = EDGE_CURVE('', #34, #38, #957, .T.);
#3523 = EDGE_CURVE('', #38, #40, #961, .T.);
#3524 = EDGE_CURVE('', #36, #40, #965, .T.);
#3525 = EDGE_CURVE('', #38, #26, #969, .T.);
#3526 = EDGE_CURVE('', #40, #32, #973, .T.);
#3527 = EDGE_CURVE('', #42, #44, #977, .T.);
#3528 = EDGE_CURVE('', #44, #46, #981, .T.);
#3529 = EDGE_CURVE('', #48, #46, #985, .T.);
#3530 = EDGE_CURVE('', #42, #48, #989, .T.);
#3531 = EDGE_CURVE('', #44, #50, #993, .T.);
#3532 = EDGE_CURVE('', #50, #52, #997, .T.);
#3533 = EDGE_CURVE('', #46, #52, #1001, .T.);
#3534 = EDGE_CURVE('', #50, #54, #1005, .T.);
#3535 = EDGE_CURVE('', #54, #56, #1009, .T.);
#3536 = EDGE_CURVE('', #52, #56, #1013, .T.);
#3537 = EDGE_CURVE('', #54, #42, #1017, .T.);
#3538 = EDGE_CURVE('', #56, #48, #1021, .T.);
#3539 = EDGE_CURVE('', #58, #60, #1025, .T.);
#3540 = EDGE_CURVE('', #60, #62, #1029, .T.);
#3541 = EDGE_CURVE('', #64, #62, #1033, .T.);
#3542 = EDGE_CURVE('', #58, #64, #1037, .T.);
#3543 = EDGE_CURVE('', #60, #66, #1041, .T.);
#3544 = EDGE_CURVE('', #66, #68, #1045, .T.);
#3545 = EDGE_CURVE('', #62, #68, #1049, .T.);
#3546 = EDGE_CURVE('', #66, #70, #1053, .T.);
#3547 = EDGE_CURVE('', #70, #72, #1057, .T.);
#3548 = EDGE_CURVE('', #68, #72, #1061, .T.);
#3549 = EDGE_CURVE('', #70, #58, #1065, .T.);
#3550 = EDGE_CURVE('', #72, #64, #1069, .T.);
#3551 = EDGE_CURVE('', #74, #76, #1073, .T.);
#3552 = EDGE_CURVE('', #76, #78, #1077, .T.);
#3553 = EDGE_CURVE('', #80, #78, #1081, .T.);
#3554 = EDGE_CURVE('', #74, #80, #1085, .T.);
#3555 = EDGE_CURVE('', #76, #82, #1089, .T.);
#3556 = EDGE_CURVE('', #82, #84, #1093, .T.);
#3557 = EDGE_CURVE('', #78, #84, #1097, .T.);
#3558 = EDGE_CURVE('', #82, #86, #1101, .T.);
#3559 = EDGE_CURVE('', #86, #88, #1105, .T.);
#3560 = EDGE_CURVE('', #84, #88, #1109, .T.);
#3561 = EDGE_CURVE('', #86, #74, #1113, .T.);
#3562 = EDGE_CURVE('', #88, #80, #1117, .T.);
#3563 = EDGE_CURVE('', #90, #92, #1121, .T.);
#3564 = EDGE_CURVE('', #92, #100, #1125, .T.);
#3565 = EDGE_CURVE('', #90, #98, #1129, .T.);
#3566 = EDGE_CURVE('', #92, #94, #1133, .T.);
#3567 = EDGE_CURVE('', #94, #102, #1137, .T.);
#3568 = EDGE_CURVE('', #94, #96, #1141, .T.);
#3569 = EDGE_CURVE('', #96, #104, #1145, .T.);
#3570 = EDGE_CURVE('', #96, #90, #1149, .T.);
#3571 = EDGE_CURVE('', #98, #100, #1153, .T.);
#3572 = EDGE_CURVE('', #100, #102, #1157, .T.);
#3573 = EDGE_CURVE('', #102, #104, #1161, .T.);
#3574 = EDGE_CURVE('', #104, #98, #1165, .T.);
#3575 = EDGE_CURVE('', #106, #108, #1169, .T.);
#3576 = EDGE_CURVE('', #108, #110, #1173, .T.);
#3577 = EDGE_CURVE('', #112, #110, #1177, .T.);
#3578 = EDGE_CURVE('', #106, #112, #1181, .T.);
#3579 = EDGE_CURVE('', #108, #114, #1185, .T.);
#3580 = EDGE_CURVE('', #114, #116, #1189, .T.);
#3581 = EDGE_CURVE('', #110, #116, #1193, .T.);
#3582 = EDGE_CURVE('', #114, #118, #1197, .T.);
#3583 = EDGE_CURVE('', #118, #120, #1201, .T.);
#3584 = EDGE_CURVE('', #116, #120, #1205, .T.);
#3585 = EDGE_CURVE('', #118, #106, #1209, .T.);
#3586 = EDGE_CURVE('', #120, #112, #1213, .T.);
#3587 = EDGE_CURVE('', #122, #124, #1217, .T.);
#3588 = EDGE_CURVE('', #124, #126, #1221, .T.);
#3589 = EDGE_CURVE('', #128, #126, #1225, .T.);
#3590 = EDGE_CURVE('', #122, #128, #1229, .T.);
#3591 = EDGE_CURVE('', #124, #130, #1233, .T.);
#3592 = EDGE_CURVE('', #130, #132, #1237, .T.);
#3593 = EDGE_CURVE('', #126, #132, #1241, .T.);
#3594 = EDGE_CURVE('', #130, #134, #1245, .T.);
#3595 = EDGE_CURVE('', #134, #136, #1249, .T.);
#3596 = EDGE_CURVE('', #132, #136, #1253, .T.);
#3597 = EDGE_CURVE('', #134, #122, #1257, .T.);
#3598 = EDGE_CURVE('', #136, #128, #1261, .T.);
#3599 = EDGE_CURVE('', #138, #138, #1266, .T.);
#3600 = EDGE_CURVE('', #138, #140, #1270, .T.);
#3601 = EDGE_CURVE('', #140, #140, #1275, .T.);
#3602 = EDGE_CURVE('', #142, #144, #1279, .T.);
#3603 = EDGE_CURVE('', #144, #146, #1283, .T.);
#3604 = EDGE_CURVE('', #148, #146, #1287, .T.);
#3605 = EDGE_CURVE('', #142, #148, #1291, .T.);
#3606 = EDGE_CURVE('', #144, #150, #1295, .T.);
#3607 = EDGE_CURVE('', #150, #152, #1299, .T.);
#3608 = EDGE_CURVE('', #146, #152, #1303, .T.);
#3609 = EDGE_CURVE('', #150, #154, #1307, .T.);
#3610 = EDGE_CURVE('', #154, #156, #1311, .T.);
#3611 = EDGE_CURVE('', #152, #156, #1315, .T.);
#3612 = EDGE_CURVE('', #154, #142, #1319, .T.);
#3613 = EDGE_CURVE('', #156, #148, #1323, .T.);
#3614 = EDGE_CURVE('', #158, #160, #1327, .T.);
#3615 = EDGE_CURVE('', #160, #162, #1331, .T.);
#3616 = EDGE_CURVE('', #164, #162, #1335, .T.);
#3617 = EDGE_CURVE('', #158, #164, #1339, .T.);
#3618 = EDGE_CURVE('', #160, #166, #1343, .T.);
#3619 = EDGE_CURVE('', #166, #168, #1347, .T.);
#3620 = EDGE_CURVE('', #162, #168, #1351, .T.);
#3621 = EDGE_CURVE('', #166, #170, #1355, .T.);
#3622 = EDGE_CURVE('', #170, #172, #1359, .T.);
#3623 = EDGE_CURVE('', #168, #172, #1363, .T.);
#3624 = EDGE_CURVE('', #170, #158, #1367, .T.);
#3625 = EDGE_CURVE('', #172, #164, #1371, .T.);
#3626 = EDGE_CURVE('', #174, #176, #1375, .T.);
#3627 = EDGE_CURVE('', #176, #178, #1379, .T.);
#3628 = EDGE_CURVE('', #180, #178, #1383, .T.);
#3629 = EDGE_CURVE('', #174, #180, #1387, .T.);
#3630 = EDGE_CURVE('', #176, #182, #1391, .T.);
#3631 = EDGE_CURVE('', #182, #184, #1395, .T.);
#3632 = EDGE_CURVE('', #178, #184, #1399, .T.);
#3633 = EDGE_CURVE('', #182, #186, #1403, .T.);
#3634 = EDGE_CURVE('', #186, #188, #1407, .T.);
#3635 = EDGE_CURVE('', #184, #188, #1411, .T.);
#3636 = EDGE_CURVE('', #186, #174, #1415, .T.);
#3637 = EDGE_CURVE('', #188, #180, #1419, .T.);
#3638 = EDGE_CURVE('', #190, #192, #1423, .T.);
#3639 = EDGE_CURVE('', #192, #194, #1427, .T.);
#3640 = EDGE_CURVE('', #196, #194, #1431, .T.);
#3641 = EDGE_CURVE('', #190, #196, #1435, .T.);
#3642 = EDGE_CURVE('', #192, #198, #1439, .T.);
#3643 = EDGE_CURVE('', #198, #200, #1443, .T.);
#3644 = EDGE_CURVE('', #194, #200, #1447, .T.);
#3645 = EDGE_CURVE('', #198, #202, #1451, .T.);
#3646 = EDGE_CURVE('', #202, #204, #1455, .T.);
#3647 = EDGE_CURVE('', #200, #204, #1459, .T.);
#3648 = EDGE_CURVE('', #202, #190, #1463, .T.);
#3649 = EDGE_CURVE('', #204, #196, #1467, .T.);
#3650 = EDGE_CURVE('', #206, #208, #1471, .T.);
#3651 = EDGE_CURVE('', #208, #210, #1475, .T.);
#3652 = EDGE_CURVE('', #212, #210, #1479, .T.);
#3653 = EDGE_CURVE('', #206, #212, #1483, .T.);
#3654 = EDGE_CURVE('', #208, #214, #1487, .T.);
#3655 = EDGE_CURVE('', #214, #216, #1491, .T.);
#3656 = EDGE_CURVE('', #210, #216, #1495, .T.);
#3657 = EDGE_CURVE('', #214, #218, #1499, .T.);
#3658 = EDGE_CURVE('', #218, #220, #1503, .T.);
#3659 = EDGE_CURVE('', #216, #220, #1507, .T.);
#3660 = EDGE_CURVE('', #218, #206, #1511, .T.);
#3661 = EDGE_CURVE('', #220, #212, #1515, .T.);
#3662 = EDGE_CURVE('', #222, #224, #1519, .T.);
#3663 = EDGE_CURVE('', #224, #226, #1523, .T.);
#3664 = EDGE_CURVE('', #228, #226, #1527, .T.);
#3665 = EDGE_CURVE('', #222, #228, #1531, .T.);
#3666 = EDGE_CURVE('', #224, #230, #1535, .T.);
#3667 = EDGE_CURVE('', #230, #232, #1539, .T.);
#3668 = EDGE_CURVE('', #226, #232, #1543, .T.);
#3669 = EDGE_CURVE('', #230, #234, #1547, .T.);
#3670 = EDGE_CURVE('', #234, #236, #1551, .T.);
#3671 = EDGE_CURVE('', #232, #236, #1555, .T.);
#3672 = EDGE_CURVE('', #234, #222, #1559, .T.);
#3673 = EDGE_CURVE('', #236, #228, #1563, .T.);
#3674 = EDGE_CURVE('', #238, #240, #1567, .T.);
#3675 = EDGE_CURVE('', #240, #242, #1571, .T.);
#3676 = EDGE_CURVE('', #244, #242, #1575, .T.);
#3677 = EDGE_CURVE('', #238, #244, #1579, .T.);
#3678 = EDGE_CURVE('', #240, #246, #1583, .T.);
#3679 = EDGE_CURVE('', #246, #248, #1587, .T.);
#3680 = EDGE_CURVE('', #242, #248, #1591, .T.);
#3681 = EDGE_CURVE('', #246, #250, #1595, .T.);
#3682 = EDGE_CURVE('', #250, #252, #1599, .T.);
#3683 = EDGE_CURVE('', #248, #252, #1603, .T.);
#3684 = EDGE_CURVE('', #250, #238, #1607, .T.);
#3685 = EDGE_CURVE('', #252, #244, #1611, .T.);
#3686 = EDGE_CURVE('', #254, #256, #1615, .T.);
#3687 = EDGE_CURVE('', #256, #258, #1619, .T.);
#3688 = EDGE_CURVE('', #260, #258, #1623, .T.);
#3689 = EDGE_CURVE('', #254, #260, #1627, .T.);
#3690 = EDGE_CURVE('', #256, #262, #1631, .T.);
#3691 = EDGE_CURVE('', #262, #264, #1635, .T.);
#3692 = EDGE_CURVE('', #258, #264, #1639, .T.);
#3693 = EDGE_CURVE('', #262, #266, #1643, .T.);
#3694 = EDGE_CURVE('', #266, #268, #1647, .T.);
#3695 = EDGE_CURVE('', #264, #268, #1651, .T.);
#3696 = EDGE_CURVE('', #266, #254, #1655, .T.);
#3697 = EDGE_CURVE('', #268, #260, #1659, .T.);
#3698 = EDGE_CURVE('', #270, #272, #1663, .T.);
#3699 = EDGE_CURVE('', #272, #274, #1667, .T.);
#3700 = EDGE_CURVE('', #276, #274, #1671, .T.);
#3701 = EDGE_CURVE('', #270, #276, #1675, .T.);
#3702 = EDGE_CURVE('', #272, #278, #1679, .T.);
#3703 = EDGE_CURVE('', #278, #280, #1683, .T.);
#3704 = EDGE_CURVE('', #274, #280, #1687, .T.);
#3705 = EDGE_CURVE('', #278, #282, #1691, .T.);
#3706 = EDGE_CURVE('', #282, #284, #1695, .T.);
#3707 = EDGE_CURVE('', #280, #284, #1699, .T.);
#3708 = EDGE_CURVE('', #282, #270, #1703, .T.);
#3709 = EDGE_CURVE('', #284, #276, #1707, .T.);
#3710 = EDGE_CURVE('', #286, #288, #1711, .T.);
#3711 = EDGE_CURVE('', #288, #290, #1715, .T.);
#3712 = EDGE_CURVE('', #292, #290, #1719, .T.);
#3713 = EDGE_CURVE('', #286, #292, #1723, .T.);
#3714 = EDGE_CURVE('', #288, #294, #1727, .T.);
#3715 = EDGE_CURVE('', #294, #296, #1731, .T.);
#3716 = EDGE_CURVE('', #290, #296, #1735, .T.);
#3717 = EDGE_CURVE('', #294, #298, #1739, .T.);
#3718 = EDGE_CURVE('', #298, #300, #1743, .T.);
#3719 = EDGE_CURVE('', #296, #300, #1747, .T.);
#3720 = EDGE_CURVE('', #298, #286, #1751, .T.);
#3721 = EDGE_CURVE('', #300, #292, #1755, .T.);
#3722 = EDGE_CURVE('', #302, #304, #1759, .T.);
#3723 = EDGE_CURVE('', #304, #306, #1763, .T.);
#3724 = EDGE_CURVE('', #308, #306, #1767, .T.);
#3725 = EDGE_CURVE('', #302, #308, #1771, .T.);
#3726 = EDGE_CURVE('', #304, #310, #1775, .T.);
#3727 = EDGE_CURVE('', #310, #312, #1779, .T.);
#3728 = EDGE_CURVE('', #306, #312, #1783, .T.);
#3729 = EDGE_CURVE('', #310, #314, #1787, .T.);
#3730 = EDGE_CURVE('', #314, #316, #1791, .T.);
#3731 = EDGE_CURVE('', #312, #316, #1795, .T.);
#3732 = EDGE_CURVE('', #314, #302, #1799, .T.);
#3733 = EDGE_CURVE('', #316, #308, #1803, .T.);
#3734 = EDGE_CURVE('', #318, #320, #1807, .T.);
#3735 = EDGE_CURVE('', #320, #328, #1811, .T.);
#3736 = EDGE_CURVE('', #318, #326, #1815, .T.);
#3737 = EDGE_CURVE('', #320, #322, #1819, .T.);
#3738 = EDGE_CURVE('', #322, #330, #1823, .T.);
#3739 = EDGE_CURVE('', #322, #324, #1827, .T.);
#3740 = EDGE_CURVE('', #324, #332, #1831, .T.);
#3741 = EDGE_CURVE('', #324, #318, #1835, .T.);
#3742 = EDGE_CURVE('', #326, #328, #1839, .T.);
#3743 = EDGE_CURVE('', #328, #330, #1843, .T.);
#3744 = EDGE_CURVE('', #330, #332, #1847, .T.);
#3745 = EDGE_CURVE('', #332, #326, #1851, .T.);
#3746 = EDGE_CURVE('', #334, #334, #1856, .T.);
#3747 = EDGE_CURVE('', #334, #336, #1860, .T.);
#3748 = EDGE_CURVE('', #336, #336, #1865, .T.);
#3749 = EDGE_CURVE('', #338, #338, #1870, .T.);
#3750 = EDGE_CURVE('', #340, #340, #1875, .T.);
#3751 = EDGE_CURVE('', #340, #342, #1880, .T.);
#3752 = EDGE_CURVE('', #342, #342, #1885, .T.);
#3753 = EDGE_CURVE('', #338, #340, #1889, .T.);
#3754 = EDGE_CURVE('', #344, #344, #1894, .T.);
#3755 = EDGE_CURVE('', #344, #346, #1898, .T.);
#3756 = EDGE_CURVE('', #346, #346, #1903, .T.);
#3757 = EDGE_CURVE('', #348, #362, #1908, .T.);
#3758 = EDGE_CURVE('', #348, #350, #1912, .T.);
#3759 = EDGE_CURVE('', #350, #360, #1917, .T.);
#3760 = EDGE_CURVE('', #352, #364, #1922, .T.);
#3761 = EDGE_CURVE('', #352, #356, #1927, .T.);
#3762 = EDGE_CURVE('', #354, #370, #1932, .T.);
#3763 = EDGE_CURVE('', #354, #358, #1937, .T.);
#3764 = EDGE_CURVE('', #356, #366, #1942, .T.);
#3765 = EDGE_CURVE('', #358, #372, #1947, .T.);
#3766 = EDGE_CURVE('', #352, #354, #1951, .T.);
#3767 = EDGE_CURVE('', #360, #362, #1955, .T.);
#3768 = EDGE_CURVE('', #362, #364, #1959, .T.);
#3769 = EDGE_CURVE('', #366, #368, #1963, .T.);
#3770 = EDGE_CURVE('', #360, #370, #1967, .T.);
#3771 = EDGE_CURVE('', #372, #374, #1971, .T.);
#3772 = EDGE_CURVE('', #374, #368, #1975, .T.);
#3773 = EDGE_CURVE('', #370, #364, #1979, .T.);
#3774 = EDGE_CURVE('', #372, #366, #1983, .T.);
#3775 = EDGE_CURVE('', #374, #350, #1988, .T.);
#3776 = EDGE_CURVE('', #368, #348, #1993, .T.);
#3777 = EDGE_CURVE('', #376, #390, #1998, .T.);
#3778 = EDGE_CURVE('', #376, #378, #2002, .T.);
#3779 = EDGE_CURVE('', #378, #388, #2007, .T.);
#3780 = EDGE_CURVE('', #380, #392, #2012, .T.);
#3781 = EDGE_CURVE('', #380, #384, #2017, .T.);
#3782 = EDGE_CURVE('', #382, #398, #2022, .T.);
#3783 = EDGE_CURVE('', #382, #386, #2027, .T.);
#3784 = EDGE_CURVE('', #384, #394, #2032, .T.);
#3785 = EDGE_CURVE('', #386, #400, #2037, .T.);
#3786 = EDGE_CURVE('', #380, #382, #2041, .T.);
#3787 = EDGE_CURVE('', #388, #390, #2045, .T.);
#3788 = EDGE_CURVE('', #390, #392, #2049, .T.);
#3789 = EDGE_CURVE('', #394, #396, #2053, .T.);
#3790 = EDGE_CURVE('', #388, #398, #2057, .T.);
#3791 = EDGE_CURVE('', #400, #402, #2061, .T.);
#3792 = EDGE_CURVE('', #402, #396, #2065, .T.);
#3793 = EDGE_CURVE('', #398, #392, #2069, .T.);
#3794 = EDGE_CURVE('', #400, #394, #2073, .T.);
#3795 = EDGE_CURVE('', #402, #378, #2078, .T.);
#3796 = EDGE_CURVE('', #396, #376, #2083, .T.);
#3797 = EDGE_CURVE('', #404, #418, #2088, .T.);
#3798 = EDGE_CURVE('', #404, #406, #2092, .T.);
#3799 = EDGE_CURVE('', #406, #416, #2097, .T.);
#3800 = EDGE_CURVE('', #408, #420, #2102, .T.);
#3801 = EDGE_CURVE('', #408, #412, #2107, .T.);
#3802 = EDGE_CURVE('', #410, #426, #2112, .T.);
#3803 = EDGE_CURVE('', #410, #414, #2117, .T.);
#3804 = EDGE_CURVE('', #412, #422, #2122, .T.);
#3805 = EDGE_CURVE('', #414, #428, #2127, .T.);
#3806 = EDGE_CURVE('', #408, #410, #2131, .T.);
#3807 = EDGE_CURVE('', #416, #418, #2135, .T.);
#3808 = EDGE_CURVE('', #418, #420, #2139, .T.);
#3809 = EDGE_CURVE('', #422, #424, #2143, .T.);
#3810 = EDGE_CURVE('', #416, #426, #2147, .T.);
#3811 = EDGE_CURVE('', #428, #430, #2151, .T.);
#3812 = EDGE_CURVE('', #430, #424, #2155, .T.);
#3813 = EDGE_CURVE('', #426, #420, #2159, .T.);
#3814 = EDGE_CURVE('', #428, #422, #2163, .T.);
#3815 = EDGE_CURVE('', #430, #406, #2168, .T.);
#3816 = EDGE_CURVE('', #424, #404, #2173, .T.);
#3817 = EDGE_CURVE('', #432, #446, #2178, .T.);
#3818 = EDGE_CURVE('', #432, #434, #2182, .T.);
#3819 = EDGE_CURVE('', #434, #444, #2187, .T.);
#3820 = EDGE_CURVE('', #436, #448, #2192, .T.);
#3821 = EDGE_CURVE('', #436, #440, #2197, .T.);
#3822 = EDGE_CURVE('', #438, #454, #2202, .T.);
#3823 = EDGE_CURVE('', #438, #442, #2207, .T.);
#3824 = EDGE_CURVE('', #440, #450, #2212, .T.);
#3825 = EDGE_CURVE('', #442, #456, #2217, .T.);
#3826 = EDGE_CURVE('', #436, #438, #2221, .T.);
#3827 = EDGE_CURVE('', #444, #446, #2225, .T.);
#3828 = EDGE_CURVE('', #446, #448, #2229, .T.);
#3829 = EDGE_CURVE('', #450, #452, #2233, .T.);
#3830 = EDGE_CURVE('', #444, #454, #2237, .T.);
#3831 = EDGE_CURVE('', #456, #458, #2241, .T.);
#3832 = EDGE_CURVE('', #458, #452, #2245, .T.);
#3833 = EDGE_CURVE('', #454, #448, #2249, .T.);
#3834 = EDGE_CURVE('', #456, #450, #2253, .T.);
#3835 = EDGE_CURVE('', #458, #434, #2258, .T.);
#3836 = EDGE_CURVE('', #452, #432, #2263, .T.);
#3837 = EDGE_CURVE('', #460, #474, #2268, .T.);
#3838 = EDGE_CURVE('', #460, #462, #2272, .T.);
#3839 = EDGE_CURVE('', #462, #472, #2277, .T.);
#3840 = EDGE_CURVE('', #464, #476, #2282, .T.);
#3841 = EDGE_CURVE('', #464, #468, #2287, .T.);
#3842 = EDGE_CURVE('', #466, #482, #2292, .T.);
#3843 = EDGE_CURVE('', #466, #470, #2297, .T.);
#3844 = EDGE_CURVE('', #468, #478, #2302, .T.);
#3845 = EDGE_CURVE('', #470, #484, #2307, .T.);
#3846 = EDGE_CURVE('', #464, #466, #2311, .T.);
#3847 = EDGE_CURVE('', #472, #474, #2315, .T.);
#3848 = EDGE_CURVE('', #474, #476, #2319, .T.);
#3849 = EDGE_CURVE('', #478, #480, #2323, .T.);
#3850 = EDGE_CURVE('', #472, #482, #2327, .T.);
#3851 = EDGE_CURVE('', #484, #486, #2331, .T.);
#3852 = EDGE_CURVE('', #486, #480, #2335, .T.);
#3853 = EDGE_CURVE('', #482, #476, #2339, .T.);
#3854 = EDGE_CURVE('', #484, #478, #2343, .T.);
#3855 = EDGE_CURVE('', #486, #462, #2348, .T.);
#3856 = EDGE_CURVE('', #480, #460, #2353, .T.);
#3857 = EDGE_CURVE('', #488, #490, #2357, .T.);
#3858 = EDGE_CURVE('', #490, #492, #2361, .T.);
#3859 = EDGE_CURVE('', #494, #492, #2365, .T.);
#3860 = EDGE_CURVE('', #488, #494, #2369, .T.);
#3861 = EDGE_CURVE('', #490, #496, #2373, .T.);
#3862 = EDGE_CURVE('', #496, #498, #2377, .T.);
#3863 = EDGE_CURVE('', #492, #498, #2381, .T.);
#3864 = EDGE_CURVE('', #496, #500, #2385, .T.);
#3865 = EDGE_CURVE('', #500, #502, #2389, .T.);
#3866 = EDGE_CURVE('', #498, #502, #2393, .T.);
#3867 = EDGE_CURVE('', #500, #488, #2397, .T.);
#3868 = EDGE_CURVE('', #502, #494, #2401, .T.);
#3869 = EDGE_CURVE('', #504, #506, #2405, .T.);
#3870 = EDGE_CURVE('', #506, #508, #2409, .T.);
#3871 = EDGE_CURVE('', #510, #508, #2413, .T.);
#3872 = EDGE_CURVE('', #504, #510, #2417, .T.);
#3873 = EDGE_CURVE('', #506, #512, #2421, .T.);
#3874 = EDGE_CURVE('', #512, #514, #2425, .T.);
#3875 = EDGE_CURVE('', #508, #514, #2429, .T.);
#3876 = EDGE_CURVE('', #512, #516, #2433, .T.);
#3877 = EDGE_CURVE('', #516, #518, #2437, .T.);
#3878 = EDGE_CURVE('', #514, #518, #2441, .T.);
#3879 = EDGE_CURVE('', #516, #504, #2445, .T.);
#3880 = EDGE_CURVE('', #518, #510, #2449, .T.);
#3881 = EDGE_CURVE('', #520, #522, #2453, .T.);
#3882 = EDGE_CURVE('', #522, #524, #2457, .T.);
#3883 = EDGE_CURVE('', #526, #524, #2461, .T.);
#3884 = EDGE_CURVE('', #520, #526, #2465, .T.);
#3885 = EDGE_CURVE('', #522, #528, #2469, .T.);
#3886 = EDGE_CURVE('', #528, #530, #2473, .T.);
#3887 = EDGE_CURVE('', #524, #530, #2477, .T.);
#3888 = EDGE_CURVE('', #528, #532, #2481, .T.);
#3889 = EDGE_CURVE('', #532, #534, #2485, .T.);
#3890 = EDGE_CURVE('', #530, #534, #2489, .T.);
#3891 = EDGE_CURVE('', #532, #520, #2493, .T.);
#3892 = EDGE_CURVE('', #534, #526, #2497, .T.);
#3893 = EDGE_CURVE('', #536, #538, #2501, .T.);
#3894 = EDGE_CURVE('', #538, #540, #2505, .T.);
#3895 = EDGE_CURVE('', #542, #540, #2509, .T.);
#3896 = EDGE_CURVE('', #536, #542, #2513, .T.);
#3897 = EDGE_CURVE('', #538, #544, #2517, .T.);
#3898 = EDGE_CURVE('', #544, #546, #2521, .T.);
#3899 = EDGE_CURVE('', #540, #546, #2525, .T.);
#3900 = EDGE_CURVE('', #544, #548, #2529, .T.);
#3901 = EDGE_CURVE('', #548, #550, #2533, .T.);
#3902 = EDGE_CURVE('', #546, #550, #2537, .T.);
#3903 = EDGE_CURVE('', #548, #536, #2541, .T.);
#3904 = EDGE_CURVE('', #550, #542, #2545, .T.);
#3905 = EDGE_CURVE('', #552, #554, #2549, .T.);
#3906 = EDGE_CURVE('', #554, #556, #2553, .T.);
#3907 = EDGE_CURVE('', #558, #556, #2557, .T.);
#3908 = EDGE_CURVE('', #552, #558, #2561, .T.);
#3909 = EDGE_CURVE('', #554, #560, #2565, .T.);
#3910 = EDGE_CURVE('', #560, #562, #2569, .T.);
#3911 = EDGE_CURVE('', #556, #562, #2573, .T.);
#3912 = EDGE_CURVE('', #560, #564, #2577, .T.);
#3913 = EDGE_CURVE('', #564, #566, #2581, .T.);
#3914 = EDGE_CURVE('', #562, #566, #2585, .T.);
#3915 = EDGE_CURVE('', #564, #552, #2589, .T.);
#3916 = EDGE_CURVE('', #566, #558, #2593, .T.);
#3917 = EDGE_CURVE('', #568, #570, #2597, .T.);
#3918 = EDGE_CURVE('', #570, #572, #2601, .T.);
#3919 = EDGE_CURVE('', #574, #572, #2605, .T.);
#3920 = EDGE_CURVE('', #568, #574, #2609, .T.);
#3921 = EDGE_CURVE('', #570, #576, #2613, .T.);
#3922 = EDGE_CURVE('', #576, #578, #2617, .T.);
#3923 = EDGE_CURVE('', #572, #578, #2621, .T.);
#3924 = EDGE_CURVE('', #576, #580, #2625, .T.);
#3925 = EDGE_CURVE('', #580, #582, #2629, .T.);
#3926 = EDGE_CURVE('', #578, #582, #2633, .T.);
#3927 = EDGE_CURVE('', #580, #568, #2637, .T.);
#3928 = EDGE_CURVE('', #582, #574, #2641, .T.);
#3929 = EDGE_CURVE('', #584, #586, #2645, .T.);
#3930 = EDGE_CURVE('', #586, #588, #2649, .T.);
#3931 = EDGE_CURVE('', #590, #588, #2653, .T.);
#3932 = EDGE_CURVE('', #584, #590, #2657, .T.);
#3933 = EDGE_CURVE('', #586, #592, #2661, .T.);
#3934 = EDGE_CURVE('', #592, #594, #2665, .T.);
#3935 = EDGE_CURVE('', #588, #594, #2669, .T.);
#3936 = EDGE_CURVE('', #592, #596, #2673, .T.);
#3937 = EDGE_CURVE('', #596, #598, #2677, .T.);
#3938 = EDGE_CURVE('', #594, #598, #2681, .T.);
#3939 = EDGE_CURVE('', #596, #584, #2685, .T.);
#3940 = EDGE_CURVE('', #598, #590, #2689, .T.);
#3941 = EDGE_CURVE('', #600, #602, #2693, .T.);
#3942 = EDGE_CURVE('', #602, #604, #2697, .T.);
#3943 = EDGE_CURVE('', #606, #604, #2701, .T.);
#3944 = EDGE_CURVE('', #600, #606, #2705, .T.);
#3945 = EDGE_CURVE('', #602, #608, #2709, .T.);
#3946 = EDGE_CURVE('', #608, #610, #2713, .T.);
#3947 = EDGE_CURVE('', #604, #610, #2717, .T.);
#3948 = EDGE_CURVE('', #608, #612, #2721, .T.);
#3949 = EDGE_CURVE('', #612, #614, #2725, .T.);
#3950 = EDGE_CURVE('', #610, #614, #2729, .T.);
#3951 = EDGE_CURVE('', #612, #600, #2733, .T.);
#3952 = EDGE_CURVE('', #614, #606, #2737, .T.);
#3953 = EDGE_CURVE('', #616, #618, #2741, .T.);
#3954 = EDGE_CURVE('', #618, #620, #2745, .T.);
#3955 = EDGE_CURVE('', #622, #620, #2749, .T.);
#3956 = EDGE_CURVE('', #616, #622, #2753, .T.);
#3957 = EDGE_CURVE('', #618, #624, #2757, .T.);
#3958 = EDGE_CURVE('', #624, #626, #2761, .T.);
#3959 = EDGE_CURVE('', #620, #626, #2765, .T.);
#3960 = EDGE_CURVE('', #624, #628, #2769, .T.);
#3961 = EDGE_CURVE('', #628, #630, #2773, .T.);
#3962 = EDGE_CURVE('', #626, #630, #2777, .T.);
#3963 = EDGE_CURVE('', #628, #616, #2781, .T.);
#3964 = EDGE_CURVE('', #630, #622, #2785, .T.);
#3965 = EDGE_CURVE('', #632, #634, #2789, .T.);
#3966 = EDGE_CURVE('', #634, #636, #2793, .T.);
#3967 = EDGE_CURVE('', #638, #636, #2797, .T.);
#3968 = EDGE_CURVE('', #632, #638, #2801, .T.);
#3969 = EDGE_CURVE('', #634, #640, #2805, .T.);
#3970 = EDGE_CURVE('', #640, #642, #2809, .T.);
#3971 = EDGE_CURVE('', #636, #642, #2813, .T.);
#3972 = EDGE_CURVE('', #640, #644, #2817, .T.);
#3973 = EDGE_CURVE('', #644, #646, #2821, .T.);
#3974 = EDGE_CURVE('', #642, #646, #2825, .T.);
#3975 = EDGE_CURVE('', #644, #632, #2829, .T.);
#3976 = EDGE_CURVE('', #646, #638, #2833, .T.);
#3977 = EDGE_CURVE('', #648, #650, #2837, .T.);
#3978 = EDGE_CURVE('', #650, #652, #2841, .T.);
#3979 = EDGE_CURVE('', #654, #652, #2845, .T.);
#3980 = EDGE_CURVE('', #648, #654, #2849, .T.);
#3981 = EDGE_CURVE('', #650, #656, #2853, .T.);
#3982 = EDGE_CURVE('', #656, #658, #2857, .T.);
#3983 = EDGE_CURVE('', #652, #658, #2861, .T.);
#3984 = EDGE_CURVE('', #656, #660, #2865, .T.);
#3985 = EDGE_CURVE('', #660, #662, #2869, .T.);
#3986 = EDGE_CURVE('', #658, #662, #2873, .T.);
#3987 = EDGE_CURVE('', #660, #648, #2877, .T.);
#3988 = EDGE_CURVE('', #662, #654, #2881, .T.);
#3989 = EDGE_CURVE('', #664, #664, #2886, .T.);
#3990 = EDGE_CURVE('', #664, #666, #2890, .T.);
#3991 = EDGE_CURVE('', #666, #666, #2895, .T.);
#3992 = EDGE_CURVE('', #668, #670, #2899, .T.);
#3993 = EDGE_CURVE('', #670, #672, #2903, .T.);
#3994 = EDGE_CURVE('', #674, #672, #2907, .T.);
#3995 = EDGE_CURVE('', #668, #674, #2911, .T.);
#3996 = EDGE_CURVE('', #670, #676, #2915, .T.);
#3997 = EDGE_CURVE('', #676, #678, #2919, .T.);
#3998 = EDGE_CURVE('', #672, #678, #2923, .T.);
#3999 = EDGE_CURVE('', #676, #680, #2927, .T.);
#4000 = EDGE_CURVE('', #680, #682, #2931, .T.);
#4001 = EDGE_CURVE('', #678, #682, #2935, .T.);
#4002 = EDGE_CURVE('', #680, #668, #2939, .T.);
#4003 = EDGE_CURVE('', #682, #674, #2943, .T.);
#4004 = EDGE_CURVE('', #684, #686, #2947, .T.);
#4005 = EDGE_CURVE('', #686, #694, #2951, .T.);
#4006 = EDGE_CURVE('', #684, #692, #2955, .T.);
#4007 = EDGE_CURVE('', #686, #688, #2959, .T.);
#4008 = EDGE_CURVE('', #688, #696, #2963, .T.);
#4009 = EDGE_CURVE('', #688, #690, #2967, .T.);
#4010 = EDGE_CURVE('', #690, #698, #2971, .T.);
#4011 = EDGE_CURVE('', #690, #684, #2975, .T.);
#4012 = EDGE_CURVE('', #692, #694, #2979, .T.);
#4013 = EDGE_CURVE('', #694, #696, #2983, .T.);
#4014 = EDGE_CURVE('', #696, #698, #2987, .T.);
#4015 = EDGE_CURVE('', #698, #692, #2991, .T.);
#4016 = EDGE_CURVE('', #700, #706, #2996, .T.);
#4017 = EDGE_CURVE('', #700, #702, #3000, .T.);
#4018 = EDGE_CURVE('', #702, #704, #3005, .T.);
#4019 = EDGE_CURVE('', #704, #706, #3009, .T.);
#4020 = EDGE_CURVE('', #706, #708, #3013, .T.);
#4021 = EDGE_CURVE('', #704, #710, #3017, .T.);
#4022 = EDGE_CURVE('', #710, #708, #3021, .T.);
#4023 = EDGE_CURVE('', #710, #702, #3026, .T.);
#4024 = EDGE_CURVE('', #708, #700, #3031, .T.);
#4025 = EDGE_CURVE('', #712, #714, #3035, .T.);
#4026 = EDGE_CURVE('', #714, #716, #3039, .T.);
#4027 = EDGE_CURVE('', #718, #716, #3043, .T.);
#4028 = EDGE_CURVE('', #712, #718, #3047, .T.);
#4029 = EDGE_CURVE('', #714, #720, #3051, .T.);
#4030 = EDGE_CURVE('', #720, #722, #3055, .T.);
#4031 = EDGE_CURVE('', #716, #722, #3059, .T.);
#4032 = EDGE_CURVE('', #720, #724, #3063, .T.);
#4033 = EDGE_CURVE('', #724, #726, #3067, .T.);
#4034 = EDGE_CURVE('', #722, #726, #3071, .T.);
#4035 = EDGE_CURVE('', #724, #712, #3075, .T.);
#4036 = EDGE_CURVE('', #726, #748, #3079, .T.);
#4037 = EDGE_CURVE('', #728, #730, #3083, .T.);
#4038 = EDGE_CURVE('', #730, #732, #3087, .T.);
#4039 = EDGE_CURVE('', #732, #734, #3091, .T.);
#4040 = EDGE_CURVE('', #734, #728, #3095, .T.);
#4041 = EDGE_CURVE('', #736, #738, #3099, .T.);
#4042 = EDGE_CURVE('', #738, #740, #3103, .T.);
#4043 = EDGE_CURVE('', #740, #742, #3107, .T.);
#4044 = EDGE_CURVE('', #742, #754, #3111, .T.);
#4045 = EDGE_CURVE('', #734, #742, #3115, .T.);
#4046 = EDGE_CURVE('', #732, #740, #3119, .T.);
#4047 = EDGE_CURVE('', #730, #738, #3123, .T.);
#4048 = EDGE_CURVE('', #728, #736, #3127, .T.);
#4049 = EDGE_CURVE('', #744, #746, #3131, .T.);
#4050 = EDGE_CURVE('', #748, #750, #3135, .T.);
#4051 = EDGE_CURVE('', #744, #750, #3139, .T.);
#4052 = EDGE_CURVE('', #746, #752, #3143, .T.);
#4053 = EDGE_CURVE('', #754, #748, #3147, .T.);
#4054 = EDGE_CURVE('', #756, #752, #3151, .T.);
#4055 = EDGE_CURVE('', #754, #758, #3155, .T.);
#4056 = EDGE_CURVE('', #756, #758, #3159, .T.);
#4057 = EDGE_CURVE('', #758, #750, #3163, .T.);
#4058 = EDGE_CURVE('', #752, #736, #3167, .T.);
#4059 = EDGE_CURVE('', #746, #718, #3171, .T.);
#4060 = EDGE_CURVE('', #744, #756, #3175, .T.);
#4061 = EDGE_CURVE('', #760, #762, #3179, .T.);
#4062 = EDGE_CURVE('', #762, #764, #3183, .T.);
#4063 = EDGE_CURVE('', #766, #764, #3187, .T.);
#4064 = EDGE_CURVE('', #760, #766, #3191, .T.);
#4065 = EDGE_CURVE('', #762, #768, #3195, .T.);
#4066 = EDGE_CURVE('', #768, #770, #3199, .T.);
#4067 = EDGE_CURVE('', #764, #770, #3203, .T.);
#4068 = EDGE_CURVE('', #768, #772, #3207, .T.);
#4069 = EDGE_CURVE('', #772, #774, #3211, .T.);
#4070 = EDGE_CURVE('', #770, #774, #3215, .T.);
#4071 = EDGE_CURVE('', #772, #760, #3219, .T.);
#4072 = EDGE_CURVE('', #774, #796, #3223, .T.);
#4073 = EDGE_CURVE('', #776, #778, #3227, .T.);
#4074 = EDGE_CURVE('', #778, #780, #3231, .T.);
#4075 = EDGE_CURVE('', #780, #782, #3235, .T.);
#4076 = EDGE_CURVE('', #782, #776, #3239, .T.);
#4077 = EDGE_CURVE('', #784, #786, #3243, .T.);
#4078 = EDGE_CURVE('', #786, #788, #3247, .T.);
#4079 = EDGE_CURVE('', #788, #790, #3251, .T.);
#4080 = EDGE_CURVE('', #790, #802, #3255, .T.);
#4081 = EDGE_CURVE('', #782, #790, #3259, .T.);
#4082 = EDGE_CURVE('', #780, #788, #3263, .T.);
#4083 = EDGE_CURVE('', #778, #786, #3267, .T.);
#4084 = EDGE_CURVE('', #776, #784, #3271, .T.);
#4085 = EDGE_CURVE('', #792, #794, #3275, .T.);
#4086 = EDGE_CURVE('', #796, #798, #3279, .T.);
#4087 = EDGE_CURVE('', #792, #798, #3283, .T.);
#4088 = EDGE_CURVE('', #794, #800, #3287, .T.);
#4089 = EDGE_CURVE('', #802, #796, #3291, .T.);
#4090 = EDGE_CURVE('', #804, #800, #3295, .T.);
#4091 = EDGE_CURVE('', #802, #806, #3299, .T.);
#4092 = EDGE_CURVE('', #804, #806, #3303, .T.);
#4093 = EDGE_CURVE('', #806, #798, #3307, .T.);
#4094 = EDGE_CURVE('', #800, #784, #3311, .T.);
#4095 = EDGE_CURVE('', #794, #766, #3315, .T.);
#4096 = EDGE_CURVE('', #792, #804, #3319, .T.);
#4097 = EDGE_CURVE('', #808, #822, #3324, .T.);
#4098 = EDGE_CURVE('', #808, #810, #3328, .T.);
#4099 = EDGE_CURVE('', #810, #820, #3333, .T.);
#4100 = EDGE_CURVE('', #812, #824, #3338, .T.);
#4101 = EDGE_CURVE('', #812, #816, #3343, .T.);
#4102 = EDGE_CURVE('', #814, #830, #3348, .T.);
#4103 = EDGE_CURVE('', #814, #818, #3353, .T.);
#4104 = EDGE_CURVE('', #816, #826, #3358, .T.);
#4105 = EDGE_CURVE('', #818, #832, #3363, .T.);
#4106 = EDGE_CURVE('', #812, #814, #3367, .T.);
#4107 = EDGE_CURVE('', #820, #822, #3371, .T.);
#4108 = EDGE_CURVE('', #822, #824, #3375, .T.);
#4109 = EDGE_CURVE('', #826, #828, #3379, .T.);
#4110 = EDGE_CURVE('', #820, #830, #3383, .T.);
#4111 = EDGE_CURVE('', #832, #834, #3387, .T.);
#4112 = EDGE_CURVE('', #834, #828, #3391, .T.);
#4113 = EDGE_CURVE('', #830, #824, #3395, .T.);
#4114 = EDGE_CURVE('', #832, #826, #3399, .T.);
#4115 = EDGE_CURVE('', #834, #810, #3404, .T.);
#4116 = EDGE_CURVE('', #828, #808, #3409, .T.);
#4117 = EDGE_CURVE('', #836, #850, #3414, .T.);
#4118 = EDGE_CURVE('', #836, #838, #3418, .T.);
#4119 = EDGE_CURVE('', #838, #848, #3423, .T.);
#4120 = EDGE_CURVE('', #840, #852, #3428, .T.);
#4121 = EDGE_CURVE('', #840, #844, #3433, .T.);
#4122 = EDGE_CURVE('', #842, #858, #3438, .T.);
#4123 = EDGE_CURVE('', #842, #846, #3443, .T.);
#4124 = EDGE_CURVE('', #844, #854, #3448, .T.);
#4125 = EDGE_CURVE('', #846, #860, #3453, .T.);
#4126 = EDGE_CURVE('', #840, #842, #3457, .T.);
#4127 = EDGE_CURVE('', #848, #850, #3461, .T.);
#4128 = EDGE_CURVE('', #850, #852, #3465, .T.);
#4129 = EDGE_CURVE('', #854, #856, #3469, .T.);
#4130 = EDGE_CURVE('', #848, #858, #3473, .T.);
#4131 = EDGE_CURVE('', #860, #862, #3477, .T.);
#4132 = EDGE_CURVE('', #862, #856, #3481, .T.);
#4133 = EDGE_CURVE('', #858, #852, #3485, .T.);
#4134 = EDGE_CURVE('', #860, #854, #3489, .T.);
#4135 = EDGE_CURVE('', #862, #838, #3494, .T.);
#4136 = EDGE_CURVE('', #856, #836, #3499, .T.);
#4137 = CARTESIAN_POINT('', (195., 50.27706933, -0.));
#4138 = CARTESIAN_POINT('', (195., 50.27706933, 50.27706933));
#4139 = CARTESIAN_POINT('', (195., 0., 50.27706933));
#4140 = CARTESIAN_POINT('', (195., -50.27706933, 50.27706933));
#4141 = CARTESIAN_POINT('', (195., -50.27706933, 0.));
#4142 = CARTESIAN_POINT('', (195., -50.27706933, -50.27706933));
#4143 = CARTESIAN_POINT('', (195., -0., -50.27706933));
#4144 = CARTESIAN_POINT('', (195., 50.27706933, -50.27706933));
#4145 = CARTESIAN_POINT('', (195., 50.27706933, -0.));
#4146 = CARTESIAN_POINT('', (229.74920659, 47.15456004, -0.));
#4147 = CARTESIAN_POINT('', (229.74920659, 47.15456004, 47.15456004));
#4148 = CARTESIAN_POINT('', (229.74920659, 0., 47.15456004));
#4149 = CARTESIAN_POINT('', (229.74920659, -47.15456004, 47.15456004));
#4150 = CARTESIAN_POINT('', (229.74920659, -47.15456004, 0.));
#4151 = CARTESIAN_POINT('', (229.74920659, -47.15456004, -47.15456004));
#4152 = CARTESIAN_POINT('', (229.74920659, -0., -47.15456004));
#4153 = CARTESIAN_POINT('', (229.74920659, 47.15456004, -47.15456004));
#4154 = CARTESIAN_POINT('', (229.74920659, 47.15456004, -0.));
#4155 = CARTESIAN_POINT('', (254.95749409, 27.41730994, 0.));
#4156 = CARTESIAN_POINT('', (254.95749409, 27.41730994, 27.41730994));
#4157 = CARTESIAN_POINT('', (254.95749409, 0., 27.41730994));
#4158 = CARTESIAN_POINT('', (254.95749409, -27.41730994, 27.41730994));
#4159 = CARTESIAN_POINT('', (254.95749409, -27.41730994, 0.));
#4160 = CARTESIAN_POINT('', (254.95749409, -27.41730994, -27.41730994));
#4161 = CARTESIAN_POINT('', (254.95749409, -0., -27.41730994));
#4162 = CARTESIAN_POINT('', (254.95749409, 27.41730994, -27.41730994));
#4163 = CARTESIAN_POINT('', (254.95749409, 27.41730994, 0.));
#4164 = CARTESIAN_POINT('', (277., 5., 0.));
#4165 = CARTESIAN_POINT('', (277., 5., 5.));
#4166 = CARTESIAN_POINT('', (277., 0., 5.));
#4167 = CARTESIAN_POINT('', (277., -5., 5.));
#4168 = CARTESIAN_POINT('', (277., -5., 0.));
#4169 = CARTESIAN_POINT('', (277., -5., -5.));
#4170 = CARTESIAN_POINT('', (277., -0., -5.));
#4171 = CARTESIAN_POINT('', (277., 5., -5.));
#4172 = CARTESIAN_POINT('', (277., 5., 0.));
#4173 = (
  BOUNDED_SURFACE()
  B_SPLINE_SURFACE(3, 2, ((#4137, #4138, #4139, #4140, #4141, #4142, #4143, #4144, #4145), (#4146, #4147, #4148, #4149, #4150, #4151, #4152, #4153, #4154), (#4155, #4156, #4157, #4158, #4159, #4160, #4161, #4162, #4163), (#4164, #4165, #4166, #4167, #4168, #4169, #4170, #4171, #4172)), .UNSPECIFIED., .F., .F., .F.)
  B_SPLINE_SURFACE_WITH_KNOTS((4, 4), (3, 2, 2, 2, 3), (0., 1.), (0., 0.25, 0.5, 0.75, 1.), .UNSPECIFIED.)
  GEOMETRIC_REPRESENTATION_ITEM()
  RATIONAL_B_SPLINE_SURFACE(((1., 0.70710678, 1., 0.70710678, 1., 0.70710678, 1., 0.70710678, 1.), (1., 0.70710678, 1., 0.70710678, 1., 0.70710678, 1., 0.70710678, 1.), (1., 0.70710678, 1., 0.70710678, 1., 0.70710678, 1., 0.70710678, 1.), (1., 0.70710678, 1., 0.70710678, 1., 0.70710678, 1., 0.70710678, 1.)))
  REPRESENTATION_ITEM('')
  SURFACE()
);
#4174 = CARTESIAN_POINT('', (195., 0., 0.));
#4175 = DIRECTION('', (1., -0., 0.));
#4176 = AXIS2_PLACEMENT_3D('', #4174, #4175, $);
#4177 = PLANE('', #4176);
#4178 = CARTESIAN_POINT('', (277., 0., 0.));
#4179 = DIRECTION('', (1., -0., 0.));
#4180 = AXIS2_PLACEMENT_3D('', #4178, #4179, $);
#4181 = PLANE('', #4180);
#4182 = CARTESIAN_POINT('', (-133., -16., -31.4));
#4183 = DIRECTION('', (1., -0., 0.));
#4184 = AXIS2_PLACEMENT_3D('', #4182, #4183, $);
#4185 = PLANE('', #4184);
#4186 = CARTESIAN_POINT('', (-135., -14., -31.4));
#4187 = DIRECTION('', (0., 1., -0.));
#4188 = AXIS2_PLACEMENT_3D('', #4186, #4187, $);
#4189 = PLANE('', #4188);
#4190 = CARTESIAN_POINT('', (-137., -16., -31.4));
#4191 = DIRECTION('', (-1., -0., 0.));
#4192 = AXIS2_PLACEMENT_3D('', #4190, #4191, $);
#4193 = PLANE('', #4192);
#4194 = CARTESIAN_POINT('', (-135., -18., -31.4));
#4195 = DIRECTION('', (0., -1., 0.));
#4196 = AXIS2_PLACEMENT_3D('', #4194, #4195, $);
#4197 = PLANE('', #4196);
#4198 = CARTESIAN_POINT('', (-135., -16., -45.));
#4199 = DIRECTION('', (0., -0., 1.));
#4200 = AXIS2_PLACEMENT_3D('', #4198, #4199, $);
#4201 = PLANE('', #4200);
#4202 = CARTESIAN_POINT('', (-135., -16., -17.8));
#4203 = DIRECTION('', (0., -0., 1.));
#4204 = AXIS2_PLACEMENT_3D('', #4202, #4203, $);
#4205 = PLANE('', #4204);
#4206 = CARTESIAN_POINT('', (-133., 16., -31.4));
#4207 = DIRECTION('', (1., -0., 0.));
#4208 = AXIS2_PLACEMENT_3D('', #4206, #4207, $);
#4209 = PLANE('', #4208);
#4210 = CARTESIAN_POINT('', (-135., 18., -31.4));
#4211 = DIRECTION('', (0., 1., -0.));
#4212 = AXIS2_PLACEMENT_3D('', #4210, #4211, $);
#4213 = PLANE('', #4212);
#4214 = CARTESIAN_POINT('', (-137., 16., -31.4));
#4215 = DIRECTION('', (-1., -0., 0.));
#4216 = AXIS2_PLACEMENT_3D('', #4214, #4215, $);
#4217 = PLANE('', #4216);
#4218 = CARTESIAN_POINT('', (-135., 14., -31.4));
#4219 = DIRECTION('', (0., -1., 0.));
#4220 = AXIS2_PLACEMENT_3D('', #4218, #4219, $);
#4221 = PLANE('', #4220);
#4222 = CARTESIAN_POINT('', (-135., 16., -45.));
#4223 = DIRECTION('', (0., -0., 1.));
#4224 = AXIS2_PLACEMENT_3D('', #4222, #4223, $);
#4225 = PLANE('', #4224);
#4226 = CARTESIAN_POINT('', (-135., 16., -17.8));
#4227 = DIRECTION('', (0., -0., 1.));
#4228 = AXIS2_PLACEMENT_3D('', #4226, #4227, $);
#4229 = PLANE('', #4228);
#4230 = CARTESIAN_POINT('', (-133.5, 13., -13.3));
#4231 = DIRECTION('', (1., -0., 0.));
#4232 = AXIS2_PLACEMENT_3D('', #4230, #4231, $);
#4233 = PLANE('', #4232);
#4234 = CARTESIAN_POINT('', (-135., 15., -13.3));
#4235 = DIRECTION('', (0., 1., -0.));
#4236 = AXIS2_PLACEMENT_3D('', #4234, #4235, $);
#4237 = PLANE('', #4236);
#4238 = CARTESIAN_POINT('', (-136.5, 13., -13.3));
#4239 = DIRECTION('', (-1., -0., 0.));
#4240 = AXIS2_PLACEMENT_3D('', #4238, #4239, $);
#4241 = PLANE('', #4240);
#4242 = CARTESIAN_POINT('', (-135., 11., -13.3));
#4243 = DIRECTION('', (0., -1., 0.));
#4244 = AXIS2_PLACEMENT_3D('', #4242, #4243, $);
#4245 = PLANE('', #4244);
#4246 = CARTESIAN_POINT('', (-135., 13., -14.2));
#4247 = DIRECTION('', (0., -0., 1.));
#4248 = AXIS2_PLACEMENT_3D('', #4246, #4247, $);
#4249 = PLANE('', #4248);
#4250 = CARTESIAN_POINT('', (-135., 13., -12.4));
#4251 = DIRECTION('', (0., -0., 1.));
#4252 = AXIS2_PLACEMENT_3D('', #4250, #4251, $);
#4253 = PLANE('', #4252);
#4254 = CARTESIAN_POINT('', (-128.5, 13., -13.3));
#4255 = DIRECTION('', (1., -0., 0.));
#4256 = AXIS2_PLACEMENT_3D('', #4254, #4255, $);
#4257 = PLANE('', #4256);
#4258 = CARTESIAN_POINT('', (-130., 15., -13.3));
#4259 = DIRECTION('', (0., 1., -0.));
#4260 = AXIS2_PLACEMENT_3D('', #4258, #4259, $);
#4261 = PLANE('', #4260);
#4262 = CARTESIAN_POINT('', (-131.5, 13., -13.3));
#4263 = DIRECTION('', (-1., -0., 0.));
#4264 = AXIS2_PLACEMENT_3D('', #4262, #4263, $);
#4265 = PLANE('', #4264);
#4266 = CARTESIAN_POINT('', (-130., 11., -13.3));
#4267 = DIRECTION('', (0., -1., 0.));
#4268 = AXIS2_PLACEMENT_3D('', #4266, #4267, $);
#4269 = PLANE('', #4268);
#4270 = CARTESIAN_POINT('', (-130., 13., -14.2));
#4271 = DIRECTION('', (0., -0., 1.));
#4272 = AXIS2_PLACEMENT_3D('', #4270, #4271, $);
#4273 = PLANE('', #4272);
#4274 = CARTESIAN_POINT('', (-130., 13., -12.4));
#4275 = DIRECTION('', (0., -0., 1.));
#4276 = AXIS2_PLACEMENT_3D('', #4274, #4275, $);
#4277 = PLANE('', #4276);
#4278 = CARTESIAN_POINT('', (-141.5, 0., -12.2));
#4279 = DIRECTION('', (1., -0., -0.));
#4280 = AXIS2_PLACEMENT_3D('', #4278, #4279, $);
#4281 = PLANE('', #4280);
#4282 = CARTESIAN_POINT('', (-144., 6., -12.2));
#4283 = DIRECTION('', (0., 1., -0.));
#4284 = AXIS2_PLACEMENT_3D('', #4282, #4283, $);
#4285 = PLANE('', #4284);
#4286 = CARTESIAN_POINT('', (-146.5, 0., -12.2));
#4287 = DIRECTION('', (-1., -0., 0.));
#4288 = AXIS2_PLACEMENT_3D('', #4286, #4287, $);
#4289 = PLANE('', #4288);
#4290 = CARTESIAN_POINT('', (-144., -6., -12.2));
#4291 = DIRECTION('', (0., -1., 0.));
#4292 = AXIS2_PLACEMENT_3D('', #4290, #4291, $);
#4293 = PLANE('', #4292);
#4294 = CARTESIAN_POINT('', (-144., 0., -14.2));
#4295 = DIRECTION('', (0., -0., 1.));
#4296 = AXIS2_PLACEMENT_3D('', #4294, #4295, $);
#4297 = PLANE('', #4296);
#4298 = CARTESIAN_POINT('', (-144., 0., -10.2));
#4299 = DIRECTION('', (0., -0., 1.));
#4300 = AXIS2_PLACEMENT_3D('', #4298, #4299, $);
#4301 = PLANE('', #4300);
#4302 = CARTESIAN_POINT('', (-142.5, 0., -10.2));
#4303 = DIRECTION('', (1., -0., -0.));
#4304 = AXIS2_PLACEMENT_3D('', #4302, #4303, $);
#4305 = PLANE('', #4304);
#4306 = CARTESIAN_POINT('', (-144., 4.5, -10.2));
#4307 = DIRECTION('', (0., 1., 0.));
#4308 = AXIS2_PLACEMENT_3D('', #4306, #4307, $);
#4309 = PLANE('', #4308);
#4310 = CARTESIAN_POINT('', (-145.5, 0., -10.2));
#4311 = DIRECTION('', (-1., -0., 0.));
#4312 = AXIS2_PLACEMENT_3D('', #4310, #4311, $);
#4313 = PLANE('', #4312);
#4314 = CARTESIAN_POINT('', (-144., -4.5, -10.2));
#4315 = DIRECTION('', (0., -1., 0.));
#4316 = AXIS2_PLACEMENT_3D('', #4314, #4315, $);
#4317 = PLANE('', #4316);
#4318 = CARTESIAN_POINT('', (-144., 0., -12.2));
#4319 = DIRECTION('', (0., -0., 1.));
#4320 = AXIS2_PLACEMENT_3D('', #4318, #4319, $);
#4321 = PLANE('', #4320);
#4322 = CARTESIAN_POINT('', (166.5, -6.5, -5.2));
#4323 = DIRECTION('', (1., -0., 0.));
#4324 = AXIS2_PLACEMENT_3D('', #4322, #4323, $);
#4325 = PLANE('', #4324);
#4326 = CARTESIAN_POINT('', (166., -4., -5.2));
#4327 = DIRECTION('', (0., 1., -0.));
#4328 = AXIS2_PLACEMENT_3D('', #4326, #4327, $);
#4329 = PLANE('', #4328);
#4330 = CARTESIAN_POINT('', (165.5, -6.5, -5.2));
#4331 = DIRECTION('', (-1., -0., 0.));
#4332 = AXIS2_PLACEMENT_3D('', #4330, #4331, $);
#4333 = PLANE('', #4332);
#4334 = CARTESIAN_POINT('', (166., -9., -5.2));
#4335 = DIRECTION('', (0., -1., 0.));
#4336 = AXIS2_PLACEMENT_3D('', #4334, #4335, $);
#4337 = PLANE('', #4336);
#4338 = CARTESIAN_POINT('', (166., -6.5, -5.7));
#4339 = DIRECTION('', (0., -0., 1.));
#4340 = AXIS2_PLACEMENT_3D('', #4338, #4339, $);
#4341 = PLANE('', #4340);
#4342 = CARTESIAN_POINT('', (166., -6.5, -4.7));
#4343 = DIRECTION('', (0., -0., 1.));
#4344 = AXIS2_PLACEMENT_3D('', #4342, #4343, $);
#4345 = PLANE('', #4344);
#4346 = CARTESIAN_POINT('', (110.5, 14., -5.2));
#4347 = DIRECTION('', (1., -0., 0.));
#4348 = AXIS2_PLACEMENT_3D('', #4346, #4347, $);
#4349 = PLANE('', #4348);
#4350 = CARTESIAN_POINT('', (108., 14.5, -5.2));
#4351 = DIRECTION('', (0., 1., 0.));
#4352 = AXIS2_PLACEMENT_3D('', #4350, #4351, $);
#4353 = PLANE('', #4352);
#4354 = CARTESIAN_POINT('', (105.5, 14., -5.2));
#4355 = DIRECTION('', (-1., -0., 0.));
#4356 = AXIS2_PLACEMENT_3D('', #4354, #4355, $);
#4357 = PLANE('', #4356);
#4358 = CARTESIAN_POINT('', (108., 13.5, -5.2));
#4359 = DIRECTION('', (0., -1., 0.));
#4360 = AXIS2_PLACEMENT_3D('', #4358, #4359, $);
#4361 = PLANE('', #4360);
#4362 = CARTESIAN_POINT('', (108., 14., -5.7));
#4363 = DIRECTION('', (0., -0., 1.));
#4364 = AXIS2_PLACEMENT_3D('', #4362, #4363, $);
#4365 = PLANE('', #4364);
#4366 = CARTESIAN_POINT('', (108., 14., -4.7));
#4367 = DIRECTION('', (0., -0., 1.));
#4368 = AXIS2_PLACEMENT_3D('', #4366, #4367, $);
#4369 = PLANE('', #4368);
#4370 = CARTESIAN_POINT('', (138., -14., -3.2));
#4371 = DIRECTION('', (0., -0., -1.));
#4372 = DIRECTION('', (0., 1., 0.));
#4373 = AXIS2_PLACEMENT_3D('', #4370, #4371, #4372);
#4374 = CYLINDRICAL_SURFACE('', #4373, 3.5);
#4375 = CARTESIAN_POINT('', (138., -14., -2.2));
#4376 = DIRECTION('', (0., -0., -1.));
#4377 = AXIS2_PLACEMENT_3D('', #4375, #4376, $);
#4378 = PLANE('', #4377);
#4379 = CARTESIAN_POINT('', (138., -14., -4.2));
#4380 = DIRECTION('', (0., -0., -1.));
#4381 = AXIS2_PLACEMENT_3D('', #4379, #4380, $);
#4382 = PLANE('', #4381);
#4383 = CARTESIAN_POINT('', (164.99999999, 7.99999999, -0.7));
#4384 = DIRECTION('', (1., 0., -0.));
#4385 = AXIS2_PLACEMENT_3D('', #4383, #4384, $);
#4386 = PLANE('', #4385);
#4387 = CARTESIAN_POINT('', (154., 18.99999999, -0.7));
#4388 = DIRECTION('', (-0., 1., 0.));
#4389 = AXIS2_PLACEMENT_3D('', #4387, #4388, $);
#4390 = PLANE('', #4389);
#4391 = CARTESIAN_POINT('', (143., 7.99999999, -0.7));
#4392 = DIRECTION('', (-1., 0., 0.));
#4393 = AXIS2_PLACEMENT_3D('', #4391, #4392, $);
#4394 = PLANE('', #4393);
#4395 = CARTESIAN_POINT('', (154., -3., -0.7));
#4396 = DIRECTION('', (-0., -1., 0.));
#4397 = AXIS2_PLACEMENT_3D('', #4395, #4396, $);
#4398 = PLANE('', #4397);
#4399 = CARTESIAN_POINT('', (154., 8., -2.2));
#4400 = DIRECTION('', (0., -0., 1.));
#4401 = AXIS2_PLACEMENT_3D('', #4399, #4400, $);
#4402 = PLANE('', #4401);
#4403 = CARTESIAN_POINT('', (154., 8., 0.8));
#4404 = DIRECTION('', (0., -0., 1.));
#4405 = AXIS2_PLACEMENT_3D('', #4403, #4404, $);
#4406 = PLANE('', #4405);
#4407 = CARTESIAN_POINT('', (126., -11., -1.7));
#4408 = DIRECTION('', (1., -0., 0.));
#4409 = AXIS2_PLACEMENT_3D('', #4407, #4408, $);
#4410 = PLANE('', #4409);
#4411 = CARTESIAN_POINT('', (116., -1., -1.7));
#4412 = DIRECTION('', (0., 1., -0.));
#4413 = AXIS2_PLACEMENT_3D('', #4411, #4412, $);
#4414 = PLANE('', #4413);
#4415 = CARTESIAN_POINT('', (106., -11., -1.7));
#4416 = DIRECTION('', (-1., -0., 0.));
#4417 = AXIS2_PLACEMENT_3D('', #4415, #4416, $);
#4418 = PLANE('', #4417);
#4419 = CARTESIAN_POINT('', (116., -21., -1.7));
#4420 = DIRECTION('', (0., -1., 0.));
#4421 = AXIS2_PLACEMENT_3D('', #4419, #4420, $);
#4422 = PLANE('', #4421);
#4423 = CARTESIAN_POINT('', (116., -11., -4.2));
#4424 = DIRECTION('', (0., -0., 1.));
#4425 = AXIS2_PLACEMENT_3D('', #4423, #4424, $);
#4426 = PLANE('', #4425);
#4427 = CARTESIAN_POINT('', (116., -11., 0.8));
#4428 = DIRECTION('', (0., -0., 1.));
#4429 = AXIS2_PLACEMENT_3D('', #4427, #4428, $);
#4430 = PLANE('', #4429);
#4431 = CARTESIAN_POINT('', (120.5, 15., -1.7));
#4432 = DIRECTION('', (1., -0., 0.));
#4433 = AXIS2_PLACEMENT_3D('', #4431, #4432, $);
#4434 = PLANE('', #4433);
#4435 = CARTESIAN_POINT('', (116., 19.5, -1.7));
#4436 = DIRECTION('', (0., 1., 0.));
#4437 = AXIS2_PLACEMENT_3D('', #4435, #4436, $);
#4438 = PLANE('', #4437);
#4439 = CARTESIAN_POINT('', (111.5, 15., -1.7));
#4440 = DIRECTION('', (-1., -0., 0.));
#4441 = AXIS2_PLACEMENT_3D('', #4439, #4440, $);
#4442 = PLANE('', #4441);
#4443 = CARTESIAN_POINT('', (116., 10.5, -1.7));
#4444 = DIRECTION('', (0., -1., 0.));
#4445 = AXIS2_PLACEMENT_3D('', #4443, #4444, $);
#4446 = PLANE('', #4445);
#4447 = CARTESIAN_POINT('', (116., 15., -3.2));
#4448 = DIRECTION('', (0., -0., 1.));
#4449 = AXIS2_PLACEMENT_3D('', #4447, #4448, $);
#4450 = PLANE('', #4449);
#4451 = CARTESIAN_POINT('', (116., 15., -0.2));
#4452 = DIRECTION('', (0., -0., 1.));
#4453 = AXIS2_PLACEMENT_3D('', #4451, #4452, $);
#4454 = PLANE('', #4453);
#4455 = CARTESIAN_POINT('', (113., 0., -11.8));
#4456 = DIRECTION('', (1., -0., 0.));
#4457 = AXIS2_PLACEMENT_3D('', #4455, #4456, $);
#4458 = PLANE('', #4457);
#4459 = CARTESIAN_POINT('', (110., 27., -11.8));
#4460 = DIRECTION('', (0., 1., -0.));
#4461 = AXIS2_PLACEMENT_3D('', #4459, #4460, $);
#4462 = PLANE('', #4461);
#4463 = CARTESIAN_POINT('', (107., 0., -11.8));
#4464 = DIRECTION('', (-1., -0., 0.));
#4465 = AXIS2_PLACEMENT_3D('', #4463, #4464, $);
#4466 = PLANE('', #4465);
#4467 = CARTESIAN_POINT('', (110., -27., -11.8));
#4468 = DIRECTION('', (0., -1., 0.));
#4469 = AXIS2_PLACEMENT_3D('', #4467, #4468, $);
#4470 = PLANE('', #4469);
#4471 = CARTESIAN_POINT('', (110., 0., -12.8));
#4472 = DIRECTION('', (0., -0., 1.));
#4473 = AXIS2_PLACEMENT_3D('', #4471, #4472, $);
#4474 = PLANE('', #4473);
#4475 = CARTESIAN_POINT('', (110., 0., -10.8));
#4476 = DIRECTION('', (0., -0., 1.));
#4477 = AXIS2_PLACEMENT_3D('', #4475, #4476, $);
#4478 = PLANE('', #4477);
#4479 = CARTESIAN_POINT('', (163., 0., -11.8));
#4480 = DIRECTION('', (1., -0., 0.));
#4481 = AXIS2_PLACEMENT_3D('', #4479, #4480, $);
#4482 = PLANE('', #4481);
#4483 = CARTESIAN_POINT('', (160., 27., -11.8));
#4484 = DIRECTION('', (0., 1., -0.));
#4485 = AXIS2_PLACEMENT_3D('', #4483, #4484, $);
#4486 = PLANE('', #4485);
#4487 = CARTESIAN_POINT('', (157., 0., -11.8));
#4488 = DIRECTION('', (-1., -0., 0.));
#4489 = AXIS2_PLACEMENT_3D('', #4487, #4488, $);
#4490 = PLANE('', #4489);
#4491 = CARTESIAN_POINT('', (160., -27., -11.8));
#4492 = DIRECTION('', (0., -1., 0.));
#4493 = AXIS2_PLACEMENT_3D('', #4491, #4492, $);
#4494 = PLANE('', #4493);
#4495 = CARTESIAN_POINT('', (160., 0., -12.8));
#4496 = DIRECTION('', (0., -0., 1.));
#4497 = AXIS2_PLACEMENT_3D('', #4495, #4496, $);
#4498 = PLANE('', #4497);
#4499 = CARTESIAN_POINT('', (160., 0., -10.8));
#4500 = DIRECTION('', (0., -0., 1.));
#4501 = AXIS2_PLACEMENT_3D('', #4499, #4500, $);
#4502 = PLANE('', #4501);
#4503 = CARTESIAN_POINT('', (112., -20., -28.3));
#4504 = DIRECTION('', (1., -0., 0.));
#4505 = AXIS2_PLACEMENT_3D('', #4503, #4504, $);
#4506 = PLANE('', #4505);
#4507 = CARTESIAN_POINT('', (110., -18., -28.3));
#4508 = DIRECTION('', (0., 1., 0.));
#4509 = AXIS2_PLACEMENT_3D('', #4507, #4508, $);
#4510 = PLANE('', #4509);
#4511 = CARTESIAN_POINT('', (108., -20., -28.3));
#4512 = DIRECTION('', (-1., -0., 0.));
#4513 = AXIS2_PLACEMENT_3D('', #4511, #4512, $);
#4514 = PLANE('', #4513);
#4515 = CARTESIAN_POINT('', (110., -22., -28.3));
#4516 = DIRECTION('', (0., -1., 0.));
#4517 = AXIS2_PLACEMENT_3D('', #4515, #4516, $);
#4518 = PLANE('', #4517);
#4519 = CARTESIAN_POINT('', (110., -20., -43.8));
#4520 = DIRECTION('', (0., -0., 1.));
#4521 = AXIS2_PLACEMENT_3D('', #4519, #4520, $);
#4522 = PLANE('', #4521);
#4523 = CARTESIAN_POINT('', (110., -20., -12.8));
#4524 = DIRECTION('', (0., -0., 1.));
#4525 = AXIS2_PLACEMENT_3D('', #4523, #4524, $);
#4526 = PLANE('', #4525);
#4527 = CARTESIAN_POINT('', (162., -20., -28.3));
#4528 = DIRECTION('', (1., -0., 0.));
#4529 = AXIS2_PLACEMENT_3D('', #4527, #4528, $);
#4530 = PLANE('', #4529);
#4531 = CARTESIAN_POINT('', (160., -18., -28.3));
#4532 = DIRECTION('', (0., 1., 0.));
#4533 = AXIS2_PLACEMENT_3D('', #4531, #4532, $);
#4534 = PLANE('', #4533);
#4535 = CARTESIAN_POINT('', (158., -20., -28.3));
#4536 = DIRECTION('', (-1., -0., 0.));
#4537 = AXIS2_PLACEMENT_3D('', #4535, #4536, $);
#4538 = PLANE('', #4537);
#4539 = CARTESIAN_POINT('', (160., -22., -28.3));
#4540 = DIRECTION('', (0., -1., 0.));
#4541 = AXIS2_PLACEMENT_3D('', #4539, #4540, $);
#4542 = PLANE('', #4541);
#4543 = CARTESIAN_POINT('', (160., -20., -43.8));
#4544 = DIRECTION('', (0., -0., 1.));
#4545 = AXIS2_PLACEMENT_3D('', #4543, #4544, $);
#4546 = PLANE('', #4545);
#4547 = CARTESIAN_POINT('', (160., -20., -12.8));
#4548 = DIRECTION('', (0., -0., 1.));
#4549 = AXIS2_PLACEMENT_3D('', #4547, #4548, $);
#4550 = PLANE('', #4549);
#4551 = CARTESIAN_POINT('', (112., 20., -28.3));
#4552 = DIRECTION('', (1., -0., 0.));
#4553 = AXIS2_PLACEMENT_3D('', #4551, #4552, $);
#4554 = PLANE('', #4553);
#4555 = CARTESIAN_POINT('', (110., 22., -28.3));
#4556 = DIRECTION('', (0., 1., 0.));
#4557 = AXIS2_PLACEMENT_3D('', #4555, #4556, $);
#4558 = PLANE('', #4557);
#4559 = CARTESIAN_POINT('', (108., 20., -28.3));
#4560 = DIRECTION('', (-1., -0., 0.));
#4561 = AXIS2_PLACEMENT_3D('', #4559, #4560, $);
#4562 = PLANE('', #4561);
#4563 = CARTESIAN_POINT('', (110., 18., -28.3));
#4564 = DIRECTION('', (0., -1., 0.));
#4565 = AXIS2_PLACEMENT_3D('', #4563, #4564, $);
#4566 = PLANE('', #4565);
#4567 = CARTESIAN_POINT('', (110., 20., -43.8));
#4568 = DIRECTION('', (0., -0., 1.));
#4569 = AXIS2_PLACEMENT_3D('', #4567, #4568, $);
#4570 = PLANE('', #4569);
#4571 = CARTESIAN_POINT('', (110., 20., -12.8));
#4572 = DIRECTION('', (0., -0., 1.));
#4573 = AXIS2_PLACEMENT_3D('', #4571, #4572, $);
#4574 = PLANE('', #4573);
#4575 = CARTESIAN_POINT('', (162., 20., -28.3));
#4576 = DIRECTION('', (1., -0., 0.));
#4577 = AXIS2_PLACEMENT_3D('', #4575, #4576, $);
#4578 = PLANE('', #4577);
#4579 = CARTESIAN_POINT('', (160., 22., -28.3));
#4580 = DIRECTION('', (0., 1., 0.));
#4581 = AXIS2_PLACEMENT_3D('', #4579, #4580, $);
#4582 = PLANE('', #4581);
#4583 = CARTESIAN_POINT('', (158., 20., -28.3));
#4584 = DIRECTION('', (-1., -0., 0.));
#4585 = AXIS2_PLACEMENT_3D('', #4583, #4584, $);
#4586 = PLANE('', #4585);
#4587 = CARTESIAN_POINT('', (160., 18., -28.3));
#4588 = DIRECTION('', (0., -1., 0.));
#4589 = AXIS2_PLACEMENT_3D('', #4587, #4588, $);
#4590 = PLANE('', #4589);
#4591 = CARTESIAN_POINT('', (160., 20., -43.8));
#4592 = DIRECTION('', (0., -0., 1.));
#4593 = AXIS2_PLACEMENT_3D('', #4591, #4592, $);
#4594 = PLANE('', #4593);
#4595 = CARTESIAN_POINT('', (160., 20., -12.8));
#4596 = DIRECTION('', (0., -0., 1.));
#4597 = AXIS2_PLACEMENT_3D('', #4595, #4596, $);
#4598 = PLANE('', #4597);
#4599 = CARTESIAN_POINT('', (131.5, 21., -6.3));
#4600 = DIRECTION('', (1., -0., 0.));
#4601 = AXIS2_PLACEMENT_3D('', #4599, #4600, $);
#4602 = PLANE('', #4601);
#4603 = CARTESIAN_POINT('', (130., 23., -6.3));
#4604 = DIRECTION('', (0., 1., 0.));
#4605 = AXIS2_PLACEMENT_3D('', #4603, #4604, $);
#4606 = PLANE('', #4605);
#4607 = CARTESIAN_POINT('', (128.5, 21., -6.3));
#4608 = DIRECTION('', (-1., -0., 0.));
#4609 = AXIS2_PLACEMENT_3D('', #4607, #4608, $);
#4610 = PLANE('', #4609);
#4611 = CARTESIAN_POINT('', (130., 19., -6.3));
#4612 = DIRECTION('', (0., -1., 0.));
#4613 = AXIS2_PLACEMENT_3D('', #4611, #4612, $);
#4614 = PLANE('', #4613);
#4615 = CARTESIAN_POINT('', (130., 21., -7.2));
#4616 = DIRECTION('', (0., -0., 1.));
#4617 = AXIS2_PLACEMENT_3D('', #4615, #4616, $);
#4618 = PLANE('', #4617);
#4619 = CARTESIAN_POINT('', (130., 21., -5.4));
#4620 = DIRECTION('', (0., -0., 1.));
#4621 = AXIS2_PLACEMENT_3D('', #4619, #4620, $);
#4622 = PLANE('', #4621);
#4623 = CARTESIAN_POINT('', (169.5, -15., -5.2));
#4624 = DIRECTION('', (1., -0., -0.));
#4625 = AXIS2_PLACEMENT_3D('', #4623, #4624, $);
#4626 = PLANE('', #4625);
#4627 = CARTESIAN_POINT('', (167., -9., -5.2));
#4628 = DIRECTION('', (0., 1., 0.));
#4629 = AXIS2_PLACEMENT_3D('', #4627, #4628, $);
#4630 = PLANE('', #4629);
#4631 = CARTESIAN_POINT('', (164.5, -15., -5.2));
#4632 = DIRECTION('', (-1., -0., 0.));
#4633 = AXIS2_PLACEMENT_3D('', #4631, #4632, $);
#4634 = PLANE('', #4633);
#4635 = CARTESIAN_POINT('', (167., -21., -5.2));
#4636 = DIRECTION('', (0., -1., 0.));
#4637 = AXIS2_PLACEMENT_3D('', #4635, #4636, $);
#4638 = PLANE('', #4637);
#4639 = CARTESIAN_POINT('', (167., -15., -7.2));
#4640 = DIRECTION('', (0., -0., 1.));
#4641 = AXIS2_PLACEMENT_3D('', #4639, #4640, $);
#4642 = PLANE('', #4641);
#4643 = CARTESIAN_POINT('', (167., -15., -3.2));
#4644 = DIRECTION('', (0., -0., 1.));
#4645 = AXIS2_PLACEMENT_3D('', #4643, #4644, $);
#4646 = PLANE('', #4645);
#4647 = CARTESIAN_POINT('', (168.5, -15., -3.2));
#4648 = DIRECTION('', (1., -0., 0.));
#4649 = AXIS2_PLACEMENT_3D('', #4647, #4648, $);
#4650 = PLANE('', #4649);
#4651 = CARTESIAN_POINT('', (167., -10.5, -3.2));
#4652 = DIRECTION('', (0., 1., 0.));
#4653 = AXIS2_PLACEMENT_3D('', #4651, #4652, $);
#4654 = PLANE('', #4653);
#4655 = CARTESIAN_POINT('', (165.5, -15., -3.2));
#4656 = DIRECTION('', (-1., -0., 0.));
#4657 = AXIS2_PLACEMENT_3D('', #4655, #4656, $);
#4658 = PLANE('', #4657);
#4659 = CARTESIAN_POINT('', (167., -19.5, -3.2));
#4660 = DIRECTION('', (0., -1., 0.));
#4661 = AXIS2_PLACEMENT_3D('', #4659, #4660, $);
#4662 = PLANE('', #4661);
#4663 = CARTESIAN_POINT('', (167., -15., -5.2));
#4664 = DIRECTION('', (0., -0., 1.));
#4665 = AXIS2_PLACEMENT_3D('', #4663, #4664, $);
#4666 = PLANE('', #4665);
#4667 = CARTESIAN_POINT('', (182., 0., -0.));
#4668 = DIRECTION('', (1., -0., -0.));
#4669 = DIRECTION('', (0., 1., 0.));
#4670 = AXIS2_PLACEMENT_3D('', #4667, #4668, #4669);
#4671 = CYLINDRICAL_SURFACE('', #4670, 50.5);
#4672 = CARTESIAN_POINT('', (179., 0., 0.));
#4673 = DIRECTION('', (1., -0., 0.));
#4674 = AXIS2_PLACEMENT_3D('', #4672, #4673, $);
#4675 = PLANE('', #4674);
#4676 = CARTESIAN_POINT('', (185., 0., 0.));
#4677 = DIRECTION('', (1., -0., 0.));
#4678 = AXIS2_PLACEMENT_3D('', #4676, #4677, $);
#4679 = PLANE('', #4678);
#4680 = CARTESIAN_POINT('', (190., 0., -0.));
#4681 = DIRECTION('', (1., -0., -0.));
#4682 = DIRECTION('', (0., 1., 0.));
#4683 = AXIS2_PLACEMENT_3D('', #4680, #4681, #4682);
#4684 = CYLINDRICAL_SURFACE('', #4683, 49.92802119);
#4685 = CARTESIAN_POINT('', (195., 0., 0.));
#4686 = DIRECTION('', (1., -0., 0.));
#4687 = AXIS2_PLACEMENT_3D('', #4685, #4686, $);
#4688 = PLANE('', #4687);
#4689 = CARTESIAN_POINT('', (192., 0., 0.));
#4690 = DIRECTION('', (1., -0., 0.));
#4691 = DIRECTION('', (0., 1., -0.));
#4692 = AXIS2_PLACEMENT_3D('', #4689, #4690, #4691);
#4693 = TOROIDAL_SURFACE('', #4692, 46.92802119, 3.);
#4694 = CARTESIAN_POINT('', (-182., 0., -0.));
#4695 = DIRECTION('', (1., -0., -0.));
#4696 = DIRECTION('', (0., 1., 0.));
#4697 = AXIS2_PLACEMENT_3D('', #4694, #4695, #4696);
#4698 = CYLINDRICAL_SURFACE('', #4697, 50.5);
#4699 = CARTESIAN_POINT('', (-185., 0., 0.));
#4700 = DIRECTION('', (1., -0., 0.));
#4701 = AXIS2_PLACEMENT_3D('', #4699, #4700, $);
#4702 = PLANE('', #4701);
#4703 = CARTESIAN_POINT('', (-179., 0., 0.));
#4704 = DIRECTION('', (1., -0., 0.));
#4705 = AXIS2_PLACEMENT_3D('', #4703, #4704, $);
#4706 = PLANE('', #4705);
#4707 = CARTESIAN_POINT('', (90., 0., 0.));
#4708 = DIRECTION('', (1., -0., 0.));
#4709 = DIRECTION('', (0., 1., -0.));
#4710 = AXIS2_PLACEMENT_3D('', #4707, #4708, #4709);
#4711 = CYLINDRICAL_SURFACE('', #4710, 50.);
#4712 = CARTESIAN_POINT('', (89., 0., 0.));
#4713 = DIRECTION('', (1., -0., 0.));
#4714 = AXIS2_PLACEMENT_3D('', #4712, #4713, $);
#4715 = PLANE('', #4714);
#4716 = CARTESIAN_POINT('', (91., 0., 0.));
#4717 = DIRECTION('', (1., -0., 0.));
#4718 = AXIS2_PLACEMENT_3D('', #4716, #4717, $);
#4719 = PLANE('', #4718);
#4720 = CARTESIAN_POINT('', (90., 0., -0.));
#4721 = DIRECTION('', (1., -0., -0.));
#4722 = DIRECTION('', (0., 1., 0.));
#4723 = AXIS2_PLACEMENT_3D('', #4720, #4721, #4722);
#4724 = CYLINDRICAL_SURFACE('', #4723, 47.);
#4725 = CARTESIAN_POINT('', (90., -3.38094609, 7.2504623));
#4726 = DIRECTION('', (0., -0.42261826, 0.90630779));
#4727 = AXIS2_PLACEMENT_3D('', #4725, #4726, $);
#4728 = PLANE('', #4727);
#4729 = CARTESIAN_POINT('', (0., 0., 0.));
#4730 = DIRECTION('', (1., -0., 0.));
#4731 = DIRECTION('', (0., 1., -0.));
#4732 = AXIS2_PLACEMENT_3D('', #4729, #4730, #4731);
#4733 = CYLINDRICAL_SURFACE('', #4732, 50.);
#4734 = CARTESIAN_POINT('', (-1., 0., 0.));
#4735 = DIRECTION('', (1., -0., 0.));
#4736 = AXIS2_PLACEMENT_3D('', #4734, #4735, $);
#4737 = PLANE('', #4736);
#4738 = CARTESIAN_POINT('', (1., 0., 0.));
#4739 = DIRECTION('', (1., -0., 0.));
#4740 = AXIS2_PLACEMENT_3D('', #4738, #4739, $);
#4741 = PLANE('', #4740);
#4742 = CARTESIAN_POINT('', (0., 0., -0.));
#4743 = DIRECTION('', (1., -0., -0.));
#4744 = DIRECTION('', (0., 1., 0.));
#4745 = AXIS2_PLACEMENT_3D('', #4742, #4743, #4744);
#4746 = CYLINDRICAL_SURFACE('', #4745, 47.);
#4747 = CARTESIAN_POINT('', (0., -3.38094609, 7.2504623));
#4748 = DIRECTION('', (0., -0.42261826, 0.90630779));
#4749 = AXIS2_PLACEMENT_3D('', #4747, #4748, $);
#4750 = PLANE('', #4749);
#4751 = CARTESIAN_POINT('', (135., 0., -0.));
#4752 = DIRECTION('', (1., -0., -0.));
#4753 = DIRECTION('', (0., 1., 0.));
#4754 = AXIS2_PLACEMENT_3D('', #4751, #4752, #4753);
#4755 = CYLINDRICAL_SURFACE('', #4754, 50.);
#4756 = CARTESIAN_POINT('', (91., 0., 0.));
#4757 = DIRECTION('', (1., -0., 0.));
#4758 = AXIS2_PLACEMENT_3D('', #4756, #4757, $);
#4759 = PLANE('', #4758);
#4760 = CARTESIAN_POINT('', (179., 0., 0.));
#4761 = DIRECTION('', (1., -0., 0.));
#4762 = AXIS2_PLACEMENT_3D('', #4760, #4761, $);
#4763 = PLANE('', #4762);
#4764 = CARTESIAN_POINT('', (135., 0., -0.));
#4765 = DIRECTION('', (1., -0., -0.));
#4766 = DIRECTION('', (0., 1., 0.));
#4767 = AXIS2_PLACEMENT_3D('', #4764, #4765, #4766);
#4768 = CYLINDRICAL_SURFACE('', #4767, 47.);
#4769 = CARTESIAN_POINT('', (135., -3.38094609, 7.2504623));
#4770 = DIRECTION('', (0., -0.42261826, 0.90630779));
#4771 = AXIS2_PLACEMENT_3D('', #4769, #4770, $);
#4772 = PLANE('', #4771);
#4773 = CARTESIAN_POINT('', (45., 0., -0.));
#4774 = DIRECTION('', (1., -0., -0.));
#4775 = DIRECTION('', (0., 1., 0.));
#4776 = AXIS2_PLACEMENT_3D('', #4773, #4774, #4775);
#4777 = CYLINDRICAL_SURFACE('', #4776, 50.);
#4778 = CARTESIAN_POINT('', (1., 0., 0.));
#4779 = DIRECTION('', (1., -0., 0.));
#4780 = AXIS2_PLACEMENT_3D('', #4778, #4779, $);
#4781 = PLANE('', #4780);
#4782 = CARTESIAN_POINT('', (89., 0., 0.));
#4783 = DIRECTION('', (1., -0., 0.));
#4784 = AXIS2_PLACEMENT_3D('', #4782, #4783, $);
#4785 = PLANE('', #4784);
#4786 = CARTESIAN_POINT('', (45., 0., -0.));
#4787 = DIRECTION('', (1., -0., -0.));
#4788 = DIRECTION('', (0., 1., 0.));
#4789 = AXIS2_PLACEMENT_3D('', #4786, #4787, #4788);
#4790 = CYLINDRICAL_SURFACE('', #4789, 47.);
#4791 = CARTESIAN_POINT('', (45., -3.38094609, 7.2504623));
#4792 = DIRECTION('', (0., -0.42261826, 0.90630779));
#4793 = AXIS2_PLACEMENT_3D('', #4791, #4792, $);
#4794 = PLANE('', #4793);
#4795 = CARTESIAN_POINT('', (-45., 0., -0.));
#4796 = DIRECTION('', (1., -0., -0.));
#4797 = DIRECTION('', (0., 1., 0.));
#4798 = AXIS2_PLACEMENT_3D('', #4795, #4796, #4797);
#4799 = CYLINDRICAL_SURFACE('', #4798, 50.);
#4800 = CARTESIAN_POINT('', (-89., 0., 0.));
#4801 = DIRECTION('', (1., -0., 0.));
#4802 = AXIS2_PLACEMENT_3D('', #4800, #4801, $);
#4803 = PLANE('', #4802);
#4804 = CARTESIAN_POINT('', (-1., 0., 0.));
#4805 = DIRECTION('', (1., -0., 0.));
#4806 = AXIS2_PLACEMENT_3D('', #4804, #4805, $);
#4807 = PLANE('', #4806);
#4808 = CARTESIAN_POINT('', (-45., 0., -0.));
#4809 = DIRECTION('', (1., -0., -0.));
#4810 = DIRECTION('', (0., 1., 0.));
#4811 = AXIS2_PLACEMENT_3D('', #4808, #4809, #4810);
#4812 = CYLINDRICAL_SURFACE('', #4811, 47.);
#4813 = CARTESIAN_POINT('', (-45., -3.38094609, 7.2504623));
#4814 = DIRECTION('', (0., -0.42261826, 0.90630779));
#4815 = AXIS2_PLACEMENT_3D('', #4813, #4814, $);
#4816 = PLANE('', #4815);
#4817 = CARTESIAN_POINT('', (-119., 0., -16.8));
#4818 = DIRECTION('', (1., -0., 0.));
#4819 = AXIS2_PLACEMENT_3D('', #4817, #4818, $);
#4820 = PLANE('', #4819);
#4821 = CARTESIAN_POINT('', (-135., 24., -16.8));
#4822 = DIRECTION('', (0., 1., -0.));
#4823 = AXIS2_PLACEMENT_3D('', #4821, #4822, $);
#4824 = PLANE('', #4823);
#4825 = CARTESIAN_POINT('', (-151., 0., -16.8));
#4826 = DIRECTION('', (-1., -0., 0.));
#4827 = AXIS2_PLACEMENT_3D('', #4825, #4826, $);
#4828 = PLANE('', #4827);
#4829 = CARTESIAN_POINT('', (-135., -24., -16.8));
#4830 = DIRECTION('', (0., -1., 0.));
#4831 = AXIS2_PLACEMENT_3D('', #4829, #4830, $);
#4832 = PLANE('', #4831);
#4833 = CARTESIAN_POINT('', (-135., 0., -17.8));
#4834 = DIRECTION('', (0., -0., 1.));
#4835 = AXIS2_PLACEMENT_3D('', #4833, #4834, $);
#4836 = PLANE('', #4835);
#4837 = CARTESIAN_POINT('', (-135., 0., -15.8));
#4838 = DIRECTION('', (0., -0., 1.));
#4839 = AXIS2_PLACEMENT_3D('', #4837, #4838, $);
#4840 = PLANE('', #4839);
#4841 = CARTESIAN_POINT('', (121., 15., -5.2));
#4842 = DIRECTION('', (1., -0., 0.));
#4843 = AXIS2_PLACEMENT_3D('', #4841, #4842, $);
#4844 = PLANE('', #4843);
#4845 = CARTESIAN_POINT('', (116., 20., -5.2));
#4846 = DIRECTION('', (0., 1., 0.));
#4847 = AXIS2_PLACEMENT_3D('', #4845, #4846, $);
#4848 = PLANE('', #4847);
#4849 = CARTESIAN_POINT('', (111., 15., -5.2));
#4850 = DIRECTION('', (-1., -0., 0.));
#4851 = AXIS2_PLACEMENT_3D('', #4849, #4850, $);
#4852 = PLANE('', #4851);
#4853 = CARTESIAN_POINT('', (116., 10., -5.2));
#4854 = DIRECTION('', (0., -1., 0.));
#4855 = AXIS2_PLACEMENT_3D('', #4853, #4854, $);
#4856 = PLANE('', #4855);
#4857 = CARTESIAN_POINT('', (116., 15., -7.2));
#4858 = DIRECTION('', (0., -0., 1.));
#4859 = AXIS2_PLACEMENT_3D('', #4857, #4858, $);
#4860 = PLANE('', #4859);
#4861 = CARTESIAN_POINT('', (116., 15., -3.2));
#4862 = DIRECTION('', (0., -0., 1.));
#4863 = AXIS2_PLACEMENT_3D('', #4861, #4862, $);
#4864 = PLANE('', #4863);
#4865 = CARTESIAN_POINT('', (-122., 0., -15.));
#4866 = DIRECTION('', (1., -0., 0.));
#4867 = AXIS2_PLACEMENT_3D('', #4865, #4866, $);
#4868 = PLANE('', #4867);
#4869 = CARTESIAN_POINT('', (-135., 18., -15.));
#4870 = DIRECTION('', (0., 1., -0.));
#4871 = AXIS2_PLACEMENT_3D('', #4869, #4870, $);
#4872 = PLANE('', #4871);
#4873 = CARTESIAN_POINT('', (-148., 0., -15.));
#4874 = DIRECTION('', (-1., -0., 0.));
#4875 = AXIS2_PLACEMENT_3D('', #4873, #4874, $);
#4876 = PLANE('', #4875);
#4877 = CARTESIAN_POINT('', (-135., -18., -15.));
#4878 = DIRECTION('', (0., -1., 0.));
#4879 = AXIS2_PLACEMENT_3D('', #4877, #4878, $);
#4880 = PLANE('', #4879);
#4881 = CARTESIAN_POINT('', (-135., 0., -15.8));
#4882 = DIRECTION('', (0., -0., 1.));
#4883 = AXIS2_PLACEMENT_3D('', #4881, #4882, $);
#4884 = PLANE('', #4883);
#4885 = CARTESIAN_POINT('', (-135., 0., -14.2));
#4886 = DIRECTION('', (0., -0., 1.));
#4887 = AXIS2_PLACEMENT_3D('', #4885, #4886, $);
#4888 = PLANE('', #4887);
#4889 = CARTESIAN_POINT('', (-126., 0., -10.7));
#4890 = DIRECTION('', (1., -0., 0.));
#4891 = AXIS2_PLACEMENT_3D('', #4889, #4890, $);
#4892 = PLANE('', #4891);
#4893 = CARTESIAN_POINT('', (-132., 8., -10.7));
#4894 = DIRECTION('', (0., 1., -0.));
#4895 = AXIS2_PLACEMENT_3D('', #4893, #4894, $);
#4896 = PLANE('', #4895);
#4897 = CARTESIAN_POINT('', (-138., 0., -10.7));
#4898 = DIRECTION('', (-1., -0., 0.));
#4899 = AXIS2_PLACEMENT_3D('', #4897, #4898, $);
#4900 = PLANE('', #4899);
#4901 = CARTESIAN_POINT('', (-132., -8., -10.7));
#4902 = DIRECTION('', (0., -1., 0.));
#4903 = AXIS2_PLACEMENT_3D('', #4901, #4902, $);
#4904 = PLANE('', #4903);
#4905 = CARTESIAN_POINT('', (-132., 0., -14.2));
#4906 = DIRECTION('', (0., -0., 1.));
#4907 = AXIS2_PLACEMENT_3D('', #4905, #4906, $);
#4908 = PLANE('', #4907);
#4909 = CARTESIAN_POINT('', (-132., 0., -7.2));
#4910 = DIRECTION('', (0., -0., 1.));
#4911 = AXIS2_PLACEMENT_3D('', #4909, #4910, $);
#4912 = PLANE('', #4911);
#4913 = CARTESIAN_POINT('', (134.5, -22., -6.3));
#4914 = DIRECTION('', (1., -0., 0.));
#4915 = AXIS2_PLACEMENT_3D('', #4913, #4914, $);
#4916 = PLANE('', #4915);
#4917 = CARTESIAN_POINT('', (133., -20., -6.3));
#4918 = DIRECTION('', (0., 1., 0.));
#4919 = AXIS2_PLACEMENT_3D('', #4917, #4918, $);
#4920 = PLANE('', #4919);
#4921 = CARTESIAN_POINT('', (131.5, -22., -6.3));
#4922 = DIRECTION('', (-1., -0., 0.));
#4923 = AXIS2_PLACEMENT_3D('', #4921, #4922, $);
#4924 = PLANE('', #4923);
#4925 = CARTESIAN_POINT('', (133., -24., -6.3));
#4926 = DIRECTION('', (0., -1., 0.));
#4927 = AXIS2_PLACEMENT_3D('', #4925, #4926, $);
#4928 = PLANE('', #4927);
#4929 = CARTESIAN_POINT('', (133., -22., -7.2));
#4930 = DIRECTION('', (0., -0., 1.));
#4931 = AXIS2_PLACEMENT_3D('', #4929, #4930, $);
#4932 = PLANE('', #4931);
#4933 = CARTESIAN_POINT('', (133., -22., -5.4));
#4934 = DIRECTION('', (0., -0., 1.));
#4935 = AXIS2_PLACEMENT_3D('', #4933, #4934, $);
#4936 = PLANE('', #4935);
#4937 = CARTESIAN_POINT('', (139.5, -22., -6.3));
#4938 = DIRECTION('', (1., -0., 0.));
#4939 = AXIS2_PLACEMENT_3D('', #4937, #4938, $);
#4940 = PLANE('', #4939);
#4941 = CARTESIAN_POINT('', (138., -20., -6.3));
#4942 = DIRECTION('', (0., 1., 0.));
#4943 = AXIS2_PLACEMENT_3D('', #4941, #4942, $);
#4944 = PLANE('', #4943);
#4945 = CARTESIAN_POINT('', (136.5, -22., -6.3));
#4946 = DIRECTION('', (-1., -0., 0.));
#4947 = AXIS2_PLACEMENT_3D('', #4945, #4946, $);
#4948 = PLANE('', #4947);
#4949 = CARTESIAN_POINT('', (138., -24., -6.3));
#4950 = DIRECTION('', (0., -1., 0.));
#4951 = AXIS2_PLACEMENT_3D('', #4949, #4950, $);
#4952 = PLANE('', #4951);
#4953 = CARTESIAN_POINT('', (138., -22., -7.2));
#4954 = DIRECTION('', (0., -0., 1.));
#4955 = AXIS2_PLACEMENT_3D('', #4953, #4954, $);
#4956 = PLANE('', #4955);
#4957 = CARTESIAN_POINT('', (138., -22., -5.4));
#4958 = DIRECTION('', (0., -0., 1.));
#4959 = AXIS2_PLACEMENT_3D('', #4957, #4958, $);
#4960 = PLANE('', #4959);
#4961 = CARTESIAN_POINT('', (144.5, -22., -6.3));
#4962 = DIRECTION('', (1., -0., 0.));
#4963 = AXIS2_PLACEMENT_3D('', #4961, #4962, $);
#4964 = PLANE('', #4963);
#4965 = CARTESIAN_POINT('', (143., -20., -6.3));
#4966 = DIRECTION('', (0., 1., 0.));
#4967 = AXIS2_PLACEMENT_3D('', #4965, #4966, $);
#4968 = PLANE('', #4967);
#4969 = CARTESIAN_POINT('', (141.5, -22., -6.3));
#4970 = DIRECTION('', (-1., -0., 0.));
#4971 = AXIS2_PLACEMENT_3D('', #4969, #4970, $);
#4972 = PLANE('', #4971);
#4973 = CARTESIAN_POINT('', (143., -24., -6.3));
#4974 = DIRECTION('', (0., -1., 0.));
#4975 = AXIS2_PLACEMENT_3D('', #4973, #4974, $);
#4976 = PLANE('', #4975);
#4977 = CARTESIAN_POINT('', (143., -22., -7.2));
#4978 = DIRECTION('', (0., -0., 1.));
#4979 = AXIS2_PLACEMENT_3D('', #4977, #4978, $);
#4980 = PLANE('', #4979);
#4981 = CARTESIAN_POINT('', (143., -22., -5.4));
#4982 = DIRECTION('', (0., -0., 1.));
#4983 = AXIS2_PLACEMENT_3D('', #4981, #4982, $);
#4984 = PLANE('', #4983);
#4985 = CARTESIAN_POINT('', (165.99999999, 7.99999999, -4.7));
#4986 = DIRECTION('', (1., 0., 0.));
#4987 = AXIS2_PLACEMENT_3D('', #4985, #4986, $);
#4988 = PLANE('', #4987);
#4989 = CARTESIAN_POINT('', (154., 19.99999998, -4.7));
#4990 = DIRECTION('', (-0., 1., 0.));
#4991 = AXIS2_PLACEMENT_3D('', #4989, #4990, $);
#4992 = PLANE('', #4991);
#4993 = CARTESIAN_POINT('', (142.00000001, 7.99999999, -4.7));
#4994 = DIRECTION('', (-1., 0., 0.));
#4995 = AXIS2_PLACEMENT_3D('', #4993, #4994, $);
#4996 = PLANE('', #4995);
#4997 = CARTESIAN_POINT('', (154., -4., -4.7));
#4998 = DIRECTION('', (-0., -1., 0.));
#4999 = AXIS2_PLACEMENT_3D('', #4997, #4998, $);
#5000 = PLANE('', #4999);
#5001 = CARTESIAN_POINT('', (154., 8., -7.2));
#5002 = DIRECTION('', (0., -0., 1.));
#5003 = AXIS2_PLACEMENT_3D('', #5001, #5002, $);
#5004 = PLANE('', #5003);
#5005 = CARTESIAN_POINT('', (154., 8., -2.2));
#5006 = DIRECTION('', (0., -0., 1.));
#5007 = AXIS2_PLACEMENT_3D('', #5005, #5006, $);
#5008 = PLANE('', #5007);
#5009 = CARTESIAN_POINT('', (175., 0., -9.8));
#5010 = DIRECTION('', (1., -0., 0.));
#5011 = AXIS2_PLACEMENT_3D('', #5009, #5010, $);
#5012 = PLANE('', #5011);
#5013 = CARTESIAN_POINT('', (135., 30., -9.8));
#5014 = DIRECTION('', (0., 1., -0.));
#5015 = AXIS2_PLACEMENT_3D('', #5013, #5014, $);
#5016 = PLANE('', #5015);
#5017 = CARTESIAN_POINT('', (95., 0., -9.8));
#5018 = DIRECTION('', (-1., -0., 0.));
#5019 = AXIS2_PLACEMENT_3D('', #5017, #5018, $);
#5020 = PLANE('', #5019);
#5021 = CARTESIAN_POINT('', (135., -30., -9.8));
#5022 = DIRECTION('', (0., -1., 0.));
#5023 = AXIS2_PLACEMENT_3D('', #5021, #5022, $);
#5024 = PLANE('', #5023);
#5025 = CARTESIAN_POINT('', (135., 0., -10.8));
#5026 = DIRECTION('', (0., -0., 1.));
#5027 = AXIS2_PLACEMENT_3D('', #5025, #5026, $);
#5028 = PLANE('', #5027);
#5029 = CARTESIAN_POINT('', (135., 0., -8.8));
#5030 = DIRECTION('', (0., -0., 1.));
#5031 = AXIS2_PLACEMENT_3D('', #5029, #5030, $);
#5032 = PLANE('', #5031);
#5033 = CARTESIAN_POINT('', (171., 0., -8.));
#5034 = DIRECTION('', (1., -0., 0.));
#5035 = AXIS2_PLACEMENT_3D('', #5033, #5034, $);
#5036 = PLANE('', #5035);
#5037 = CARTESIAN_POINT('', (135., 26., -8.));
#5038 = DIRECTION('', (0., 1., 0.));
#5039 = AXIS2_PLACEMENT_3D('', #5037, #5038, $);
#5040 = PLANE('', #5039);
#5041 = CARTESIAN_POINT('', (99., 0., -8.));
#5042 = DIRECTION('', (-1., -0., 0.));
#5043 = AXIS2_PLACEMENT_3D('', #5041, #5042, $);
#5044 = PLANE('', #5043);
#5045 = CARTESIAN_POINT('', (135., -26., -8.));
#5046 = DIRECTION('', (0., -1., 0.));
#5047 = AXIS2_PLACEMENT_3D('', #5045, #5046, $);
#5048 = PLANE('', #5047);
#5049 = CARTESIAN_POINT('', (135., 0., -8.8));
#5050 = DIRECTION('', (0., -0., 1.));
#5051 = AXIS2_PLACEMENT_3D('', #5049, #5050, $);
#5052 = PLANE('', #5051);
#5053 = CARTESIAN_POINT('', (135., 0., -7.2));
#5054 = DIRECTION('', (0., -0., 1.));
#5055 = AXIS2_PLACEMENT_3D('', #5053, #5054, $);
#5056 = PLANE('', #5055);
#5057 = CARTESIAN_POINT('', (126.99999999, -11.00000001, -5.7));
#5058 = DIRECTION('', (1., 0., -0.));
#5059 = AXIS2_PLACEMENT_3D('', #5057, #5058, $);
#5060 = PLANE('', #5059);
#5061 = CARTESIAN_POINT('', (116., -0.00000001, -5.7));
#5062 = DIRECTION('', (-0., 1., 0.));
#5063 = AXIS2_PLACEMENT_3D('', #5061, #5062, $);
#5064 = PLANE('', #5063);
#5065 = CARTESIAN_POINT('', (105., -11.00000001, -5.7));
#5066 = DIRECTION('', (-1., 0., 0.));
#5067 = AXIS2_PLACEMENT_3D('', #5065, #5066, $);
#5068 = PLANE('', #5067);
#5069 = CARTESIAN_POINT('', (116., -22., -5.7));
#5070 = DIRECTION('', (-0., -1., 0.));
#5071 = AXIS2_PLACEMENT_3D('', #5069, #5070, $);
#5072 = PLANE('', #5071);
#5073 = CARTESIAN_POINT('', (116., -11., -7.2));
#5074 = DIRECTION('', (0., -0., 1.));
#5075 = AXIS2_PLACEMENT_3D('', #5073, #5074, $);
#5076 = PLANE('', #5075);
#5077 = CARTESIAN_POINT('', (116., -11., -4.2));
#5078 = DIRECTION('', (0., -0., 1.));
#5079 = AXIS2_PLACEMENT_3D('', #5077, #5078, $);
#5080 = PLANE('', #5079);
#5081 = CARTESIAN_POINT('', (138., -14., -5.7));
#5082 = DIRECTION('', (0., 0., -1.));
#5083 = DIRECTION('', (0., 1., 0.));
#5084 = AXIS2_PLACEMENT_3D('', #5081, #5082, #5083);
#5085 = CYLINDRICAL_SURFACE('', #5084, 4.);
#5086 = CARTESIAN_POINT('', (138., -14., -4.2));
#5087 = DIRECTION('', (0., -0., -1.));
#5088 = AXIS2_PLACEMENT_3D('', #5086, #5087, $);
#5089 = PLANE('', #5088);
#5090 = CARTESIAN_POINT('', (138., -14., -7.2));
#5091 = DIRECTION('', (0., -0., -1.));
#5092 = AXIS2_PLACEMENT_3D('', #5090, #5091, $);
#5093 = PLANE('', #5092);
#5094 = CARTESIAN_POINT('', (105.5, 14., -5.2));
#5095 = DIRECTION('', (1., -0., -0.));
#5096 = AXIS2_PLACEMENT_3D('', #5094, #5095, $);
#5097 = PLANE('', #5096);
#5098 = CARTESIAN_POINT('', (103., 20., -5.2));
#5099 = DIRECTION('', (0., 1., 0.));
#5100 = AXIS2_PLACEMENT_3D('', #5098, #5099, $);
#5101 = PLANE('', #5100);
#5102 = CARTESIAN_POINT('', (100.5, 14., -5.2));
#5103 = DIRECTION('', (-1., -0., 0.));
#5104 = AXIS2_PLACEMENT_3D('', #5102, #5103, $);
#5105 = PLANE('', #5104);
#5106 = CARTESIAN_POINT('', (103., 8., -5.2));
#5107 = DIRECTION('', (0., -1., 0.));
#5108 = AXIS2_PLACEMENT_3D('', #5106, #5107, $);
#5109 = PLANE('', #5108);
#5110 = CARTESIAN_POINT('', (103., 14., -7.2));
#5111 = DIRECTION('', (0., -0., 1.));
#5112 = AXIS2_PLACEMENT_3D('', #5110, #5111, $);
#5113 = PLANE('', #5112);
#5114 = CARTESIAN_POINT('', (103., 14., -3.2));
#5115 = DIRECTION('', (0., -0., 1.));
#5116 = AXIS2_PLACEMENT_3D('', #5114, #5115, $);
#5117 = PLANE('', #5116);
#5118 = CARTESIAN_POINT('', (104.5, 14., -3.2));
#5119 = DIRECTION('', (1., -0., 0.));
#5120 = AXIS2_PLACEMENT_3D('', #5118, #5119, $);
#5121 = PLANE('', #5120);
#5122 = CARTESIAN_POINT('', (103., 18.5, -3.2));
#5123 = DIRECTION('', (0., 1., 0.));
#5124 = AXIS2_PLACEMENT_3D('', #5122, #5123, $);
#5125 = PLANE('', #5124);
#5126 = CARTESIAN_POINT('', (101.5, 14., -3.2));
#5127 = DIRECTION('', (-1., -0., 0.));
#5128 = AXIS2_PLACEMENT_3D('', #5126, #5127, $);
#5129 = PLANE('', #5128);
#5130 = CARTESIAN_POINT('', (103., 9.5, -3.2));
#5131 = DIRECTION('', (0., -1., 0.));
#5132 = AXIS2_PLACEMENT_3D('', #5130, #5131, $);
#5133 = PLANE('', #5132);
#5134 = CARTESIAN_POINT('', (103., 14., -5.2));
#5135 = DIRECTION('', (0., -0., 1.));
#5136 = AXIS2_PLACEMENT_3D('', #5134, #5135, $);
#5137 = PLANE('', #5136);
#5138 = CARTESIAN_POINT('', (94., 0., -0.));
#5139 = DIRECTION('', (1., -0., -0.));
#5140 = DIRECTION('', (0., 1., 0.));
#5141 = AXIS2_PLACEMENT_3D('', #5138, #5139, #5140);
#5142 = CYLINDRICAL_SURFACE('', #5141, 47.);
#5143 = CARTESIAN_POINT('', (93., 0., 0.));
#5144 = DIRECTION('', (1., -0., 0.));
#5145 = AXIS2_PLACEMENT_3D('', #5143, #5144, $);
#5146 = PLANE('', #5145);
#5147 = CARTESIAN_POINT('', (95., 0., 0.));
#5148 = DIRECTION('', (1., -0., 0.));
#5149 = AXIS2_PLACEMENT_3D('', #5147, #5148, $);
#5150 = PLANE('', #5149);
#5151 = CARTESIAN_POINT('', (94., -3.38094609, 7.2504623));
#5152 = DIRECTION('', (0., -0.42261826, 0.90630779));
#5153 = AXIS2_PLACEMENT_3D('', #5151, #5152, $);
#5154 = PLANE('', #5153);
#5155 = CARTESIAN_POINT('', (174., 0., -1.8));
#5156 = DIRECTION('', (1., -0., 0.));
#5157 = AXIS2_PLACEMENT_3D('', #5155, #5156, $);
#5158 = PLANE('', #5157);
#5159 = CARTESIAN_POINT('', (135., 29., -1.8));
#5160 = DIRECTION('', (0., 1., -0.));
#5161 = AXIS2_PLACEMENT_3D('', #5159, #5160, $);
#5162 = PLANE('', #5161);
#5163 = CARTESIAN_POINT('', (96., 0., -1.8));
#5164 = DIRECTION('', (-1., -0., 0.));
#5165 = AXIS2_PLACEMENT_3D('', #5163, #5164, $);
#5166 = PLANE('', #5165);
#5167 = CARTESIAN_POINT('', (135., -29., -1.8));
#5168 = DIRECTION('', (0., -1., 0.));
#5169 = AXIS2_PLACEMENT_3D('', #5167, #5168, $);
#5170 = PLANE('', #5169);
#5171 = CARTESIAN_POINT('', (135., 0., -8.8));
#5172 = DIRECTION('', (0., -0., 1.));
#5173 = AXIS2_PLACEMENT_3D('', #5171, #5172, $);
#5174 = PLANE('', #5173);
#5175 = CARTESIAN_POINT('', (135., 0., 5.2));
#5176 = DIRECTION('', (0., -0., 1.));
#5177 = AXIS2_PLACEMENT_3D('', #5175, #5176, $);
#5178 = PLANE('', #5177);
#5179 = CARTESIAN_POINT('', (135., -27., -1.8));
#5180 = DIRECTION('', (0., -1., 0.));
#5181 = AXIS2_PLACEMENT_3D('', #5179, #5180, $);
#5182 = PLANE('', #5181);
#5183 = CARTESIAN_POINT('', (98., 0., -1.8));
#5184 = DIRECTION('', (-1., -0., 0.));
#5185 = AXIS2_PLACEMENT_3D('', #5183, #5184, $);
#5186 = PLANE('', #5185);
#5187 = CARTESIAN_POINT('', (135., 27., -1.8));
#5188 = DIRECTION('', (0., 1., -0.));
#5189 = AXIS2_PLACEMENT_3D('', #5187, #5188, $);
#5190 = PLANE('', #5189);
#5191 = CARTESIAN_POINT('', (172., 0., -1.8));
#5192 = DIRECTION('', (1., -0., 0.));
#5193 = AXIS2_PLACEMENT_3D('', #5191, #5192, $);
#5194 = PLANE('', #5193);
#5195 = CARTESIAN_POINT('', (135., -29., -3.8));
#5196 = DIRECTION('', (0., -0., 1.));
#5197 = AXIS2_PLACEMENT_3D('', #5195, #5196, $);
#5198 = PLANE('', #5197);
#5199 = CARTESIAN_POINT('', (99., -29., 3.2));
#5200 = DIRECTION('', (-1., -0., 0.));
#5201 = AXIS2_PLACEMENT_3D('', #5199, #5200, $);
#5202 = PLANE('', #5201);
#5203 = CARTESIAN_POINT('', (171., -29., 3.2));
#5204 = DIRECTION('', (1., -0., 0.));
#5205 = AXIS2_PLACEMENT_3D('', #5203, #5204, $);
#5206 = PLANE('', #5205);
#5207 = CARTESIAN_POINT('', (-119., 0., -9.8));
#5208 = DIRECTION('', (1., -0., 0.));
#5209 = AXIS2_PLACEMENT_3D('', #5207, #5208, $);
#5210 = PLANE('', #5209);
#5211 = CARTESIAN_POINT('', (-135., 21., -9.8));
#5212 = DIRECTION('', (0., 1., -0.));
#5213 = AXIS2_PLACEMENT_3D('', #5211, #5212, $);
#5214 = PLANE('', #5213);
#5215 = CARTESIAN_POINT('', (-151., 0., -9.8));
#5216 = DIRECTION('', (-1., -0., 0.));
#5217 = AXIS2_PLACEMENT_3D('', #5215, #5216, $);
#5218 = PLANE('', #5217);
#5219 = CARTESIAN_POINT('', (-135., -21., -9.8));
#5220 = DIRECTION('', (0., -1., 0.));
#5221 = AXIS2_PLACEMENT_3D('', #5219, #5220, $);
#5222 = PLANE('', #5221);
#5223 = CARTESIAN_POINT('', (-135., 0., -15.8));
#5224 = DIRECTION('', (0., -0., 1.));
#5225 = AXIS2_PLACEMENT_3D('', #5223, #5224, $);
#5226 = PLANE('', #5225);
#5227 = CARTESIAN_POINT('', (-135., 0., -3.8));
#5228 = DIRECTION('', (0., -0., 1.));
#5229 = AXIS2_PLACEMENT_3D('', #5227, #5228, $);
#5230 = PLANE('', #5229);
#5231 = CARTESIAN_POINT('', (-135., -19., -9.8));
#5232 = DIRECTION('', (0., -1., 0.));
#5233 = AXIS2_PLACEMENT_3D('', #5231, #5232, $);
#5234 = PLANE('', #5233);
#5235 = CARTESIAN_POINT('', (-149., 0., -9.8));
#5236 = DIRECTION('', (-1., -0., 0.));
#5237 = AXIS2_PLACEMENT_3D('', #5235, #5236, $);
#5238 = PLANE('', #5237);
#5239 = CARTESIAN_POINT('', (-135., 19., -9.8));
#5240 = DIRECTION('', (0., 1., 0.));
#5241 = AXIS2_PLACEMENT_3D('', #5239, #5240, $);
#5242 = PLANE('', #5241);
#5243 = CARTESIAN_POINT('', (-121., 0., -9.8));
#5244 = DIRECTION('', (1., -0., -0.));
#5245 = AXIS2_PLACEMENT_3D('', #5243, #5244, $);
#5246 = PLANE('', #5245);
#5247 = CARTESIAN_POINT('', (-135., -21., -10.8));
#5248 = DIRECTION('', (0., -0., 1.));
#5249 = AXIS2_PLACEMENT_3D('', #5247, #5248, $);
#5250 = PLANE('', #5249);
#5251 = CARTESIAN_POINT('', (-148., -21., -4.8));
#5252 = DIRECTION('', (-1., -0., 0.));
#5253 = AXIS2_PLACEMENT_3D('', #5251, #5252, $);
#5254 = PLANE('', #5253);
#5255 = CARTESIAN_POINT('', (-122., -21., -4.8));
#5256 = DIRECTION('', (1., -0., 0.));
#5257 = AXIS2_PLACEMENT_3D('', #5255, #5256, $);
#5258 = PLANE('', #5257);
#5259 = CARTESIAN_POINT('', (-135., 0., -0.));
#5260 = DIRECTION('', (1., -0., -0.));
#5261 = DIRECTION('', (0., 1., 0.));
#5262 = AXIS2_PLACEMENT_3D('', #5259, #5260, #5261);
#5263 = CYLINDRICAL_SURFACE('', #5262, 50.);
#5264 = CARTESIAN_POINT('', (-179., 0., 0.));
#5265 = DIRECTION('', (1., -0., 0.));
#5266 = AXIS2_PLACEMENT_3D('', #5264, #5265, $);
#5267 = PLANE('', #5266);
#5268 = CARTESIAN_POINT('', (-91., 0., 0.));
#5269 = DIRECTION('', (1., -0., 0.));
#5270 = AXIS2_PLACEMENT_3D('', #5268, #5269, $);
#5271 = PLANE('', #5270);
#5272 = CARTESIAN_POINT('', (-135., 0., -0.));
#5273 = DIRECTION('', (1., -0., -0.));
#5274 = DIRECTION('', (0., 1., 0.));
#5275 = AXIS2_PLACEMENT_3D('', #5272, #5273, #5274);
#5276 = CYLINDRICAL_SURFACE('', #5275, 47.);
#5277 = CARTESIAN_POINT('', (-135., -3.38094609, 7.2504623));
#5278 = DIRECTION('', (0., -0.42261826, 0.90630779));
#5279 = AXIS2_PLACEMENT_3D('', #5277, #5278, $);
#5280 = PLANE('', #5279);
#5281 = CARTESIAN_POINT('', (-90., 0., 0.));
#5282 = DIRECTION('', (1., -0., 0.));
#5283 = DIRECTION('', (0., 1., -0.));
#5284 = AXIS2_PLACEMENT_3D('', #5281, #5282, #5283);
#5285 = CYLINDRICAL_SURFACE('', #5284, 50.);
#5286 = CARTESIAN_POINT('', (-91., 0., 0.));
#5287 = DIRECTION('', (1., -0., 0.));
#5288 = AXIS2_PLACEMENT_3D('', #5286, #5287, $);
#5289 = PLANE('', #5288);
#5290 = CARTESIAN_POINT('', (-89., 0., 0.));
#5291 = DIRECTION('', (1., -0., 0.));
#5292 = AXIS2_PLACEMENT_3D('', #5290, #5291, $);
#5293 = PLANE('', #5292);
#5294 = CARTESIAN_POINT('', (-90., 0., -0.));
#5295 = DIRECTION('', (1., -0., -0.));
#5296 = DIRECTION('', (0., 1., 0.));
#5297 = AXIS2_PLACEMENT_3D('', #5294, #5295, #5296);
#5298 = CYLINDRICAL_SURFACE('', #5297, 47.);
#5299 = CARTESIAN_POINT('', (-90., -3.38094609, 7.2504623));
#5300 = DIRECTION('', (0., -0.42261826, 0.90630779));
#5301 = AXIS2_PLACEMENT_3D('', #5299, #5300, $);
#5302 = PLANE('', #5301);
#5303 = ORIENTED_EDGE('', *, *, #3501, .F.);
#5304 = ORIENTED_EDGE('', *, *, #3502, .F.);
#5305 = EDGE_LOOP('', (#5303));
#5306 = FACE_BOUND('', #5305, .T.);
#5307 = EDGE_LOOP('', (#5304));
#5308 = FACE_BOUND('', #5307, .T.);
#5309 = ADVANCED_FACE('', (#5306, #5308), #4173, .F.);
#5310 = ORIENTED_EDGE('', *, *, #3502, .T.);
#5311 = EDGE_LOOP('', (#5310));
#5312 = FACE_BOUND('', #5311, .T.);
#5313 = ADVANCED_FACE('', (#5312), #4177, .F.);
#5314 = ORIENTED_EDGE('', *, *, #3501, .T.);
#5315 = EDGE_LOOP('', (#5314));
#5316 = FACE_BOUND('', #5315, .T.);
#5317 = ADVANCED_FACE('', (#5316), #4181, .T.);
#5318 = ORIENTED_EDGE('', *, *, #3503, .T.);
#5319 = ORIENTED_EDGE('', *, *, #3504, .T.);
#5320 = ORIENTED_EDGE('', *, *, #3505, .F.);
#5321 = ORIENTED_EDGE('', *, *, #3506, .F.);
#5322 = EDGE_LOOP('', (#5318, #5319, #5320, #5321));
#5323 = FACE_BOUND('', #5322, .T.);
#5324 = ADVANCED_FACE('', (#5323), #4185, .T.);
#5325 = ORIENTED_EDGE('', *, *, #3507, .T.);
#5326 = ORIENTED_EDGE('', *, *, #3508, .T.);
#5327 = ORIENTED_EDGE('', *, *, #3509, .F.);
#5328 = ORIENTED_EDGE('', *, *, #3504, .F.);
#5329 = EDGE_LOOP('', (#5325, #5326, #5327, #5328));
#5330 = FACE_BOUND('', #5329, .T.);
#5331 = ADVANCED_FACE('', (#5330), #4189, .T.);
#5332 = ORIENTED_EDGE('', *, *, #3510, .T.);
#5333 = ORIENTED_EDGE('', *, *, #3511, .T.);
#5334 = ORIENTED_EDGE('', *, *, #3512, .F.);
#5335 = ORIENTED_EDGE('', *, *, #3508, .F.);
#5336 = EDGE_LOOP('', (#5332, #5333, #5334, #5335));
#5337 = FACE_BOUND('', #5336, .T.);
#5338 = ADVANCED_FACE('', (#5337), #4193, .T.);
#5339 = ORIENTED_EDGE('', *, *, #3513, .T.);
#5340 = ORIENTED_EDGE('', *, *, #3506, .T.);
#5341 = ORIENTED_EDGE('', *, *, #3514, .F.);
#5342 = ORIENTED_EDGE('', *, *, #3511, .F.);
#5343 = EDGE_LOOP('', (#5339, #5340, #5341, #5342));
#5344 = FACE_BOUND('', #5343, .T.);
#5345 = ADVANCED_FACE('', (#5344), #4197, .T.);
#5346 = ORIENTED_EDGE('', *, *, #3513, .F.);
#5347 = ORIENTED_EDGE('', *, *, #3510, .F.);
#5348 = ORIENTED_EDGE('', *, *, #3507, .F.);
#5349 = ORIENTED_EDGE('', *, *, #3503, .F.);
#5350 = EDGE_LOOP('', (#5346, #5347, #5348, #5349));
#5351 = FACE_BOUND('', #5350, .T.);
#5352 = ADVANCED_FACE('', (#5351), #4201, .F.);
#5353 = ORIENTED_EDGE('', *, *, #3505, .T.);
#5354 = ORIENTED_EDGE('', *, *, #3509, .T.);
#5355 = ORIENTED_EDGE('', *, *, #3512, .T.);
#5356 = ORIENTED_EDGE('', *, *, #3514, .T.);
#5357 = EDGE_LOOP('', (#5353, #5354, #5355, #5356));
#5358 = FACE_BOUND('', #5357, .T.);
#5359 = ADVANCED_FACE('', (#5358), #4205, .T.);
#5360 = ORIENTED_EDGE('', *, *, #3515, .T.);
#5361 = ORIENTED_EDGE('', *, *, #3516, .T.);
#5362 = ORIENTED_EDGE('', *, *, #3517, .F.);
#5363 = ORIENTED_EDGE('', *, *, #3518, .F.);
#5364 = EDGE_LOOP('', (#5360, #5361, #5362, #5363));
#5365 = FACE_BOUND('', #5364, .T.);
#5366 = ADVANCED_FACE('', (#5365), #4209, .T.);
#5367 = ORIENTED_EDGE('', *, *, #3519, .T.);
#5368 = ORIENTED_EDGE('', *, *, #3520, .T.);
#5369 = ORIENTED_EDGE('', *, *, #3521, .F.);
#5370 = ORIENTED_EDGE('', *, *, #3516, .F.);
#5371 = EDGE_LOOP('', (#5367, #5368, #5369, #5370));
#5372 = FACE_BOUND('', #5371, .T.);
#5373 = ADVANCED_FACE('', (#5372), #4213, .T.);
#5374 = ORIENTED_EDGE('', *, *, #3522, .T.);
#5375 = ORIENTED_EDGE('', *, *, #3523, .T.);
#5376 = ORIENTED_EDGE('', *, *, #3524, .F.);
#5377 = ORIENTED_EDGE('', *, *, #3520, .F.);
#5378 = EDGE_LOOP('', (#5374, #5375, #5376, #5377));
#5379 = FACE_BOUND('', #5378, .T.);
#5380 = ADVANCED_FACE('', (#5379), #4217, .T.);
#5381 = ORIENTED_EDGE('', *, *, #3525, .T.);
#5382 = ORIENTED_EDGE('', *, *, #3518, .T.);
#5383 = ORIENTED_EDGE('', *, *, #3526, .F.);
#5384 = ORIENTED_EDGE('', *, *, #3523, .F.);
#5385 = EDGE_LOOP('', (#5381, #5382, #5383, #5384));
#5386 = FACE_BOUND('', #5385, .T.);
#5387 = ADVANCED_FACE('', (#5386), #4221, .T.);
#5388 = ORIENTED_EDGE('', *, *, #3525, .F.);
#5389 = ORIENTED_EDGE('', *, *, #3522, .F.);
#5390 = ORIENTED_EDGE('', *, *, #3519, .F.);
#5391 = ORIENTED_EDGE('', *, *, #3515, .F.);
#5392 = EDGE_LOOP('', (#5388, #5389, #5390, #5391));
#5393 = FACE_BOUND('', #5392, .T.);
#5394 = ADVANCED_FACE('', (#5393), #4225, .F.);
#5395 = ORIENTED_EDGE('', *, *, #3517, .T.);
#5396 = ORIENTED_EDGE('', *, *, #3521, .T.);
#5397 = ORIENTED_EDGE('', *, *, #3524, .T.);
#5398 = ORIENTED_EDGE('', *, *, #3526, .T.);
#5399 = EDGE_LOOP('', (#5395, #5396, #5397, #5398));
#5400 = FACE_BOUND('', #5399, .T.);
#5401 = ADVANCED_FACE('', (#5400), #4229, .T.);
#5402 = ORIENTED_EDGE('', *, *, #3527, .T.);
#5403 = ORIENTED_EDGE('', *, *, #3528, .T.);
#5404 = ORIENTED_EDGE('', *, *, #3529, .F.);
#5405 = ORIENTED_EDGE('', *, *, #3530, .F.);
#5406 = EDGE_LOOP('', (#5402, #5403, #5404, #5405));
#5407 = FACE_BOUND('', #5406, .T.);
#5408 = ADVANCED_FACE('', (#5407), #4233, .T.);
#5409 = ORIENTED_EDGE('', *, *, #3531, .T.);
#5410 = ORIENTED_EDGE('', *, *, #3532, .T.);
#5411 = ORIENTED_EDGE('', *, *, #3533, .F.);
#5412 = ORIENTED_EDGE('', *, *, #3528, .F.);
#5413 = EDGE_LOOP('', (#5409, #5410, #5411, #5412));
#5414 = FACE_BOUND('', #5413, .T.);
#5415 = ADVANCED_FACE('', (#5414), #4237, .T.);
#5416 = ORIENTED_EDGE('', *, *, #3534, .T.);
#5417 = ORIENTED_EDGE('', *, *, #3535, .T.);
#5418 = ORIENTED_EDGE('', *, *, #3536, .F.);
#5419 = ORIENTED_EDGE('', *, *, #3532, .F.);
#5420 = EDGE_LOOP('', (#5416, #5417, #5418, #5419));
#5421 = FACE_BOUND('', #5420, .T.);
#5422 = ADVANCED_FACE('', (#5421), #4241, .T.);
#5423 = ORIENTED_EDGE('', *, *, #3537, .T.);
#5424 = ORIENTED_EDGE('', *, *, #3530, .T.);
#5425 = ORIENTED_EDGE('', *, *, #3538, .F.);
#5426 = ORIENTED_EDGE('', *, *, #3535, .F.);
#5427 = EDGE_LOOP('', (#5423, #5424, #5425, #5426));
#5428 = FACE_BOUND('', #5427, .T.);
#5429 = ADVANCED_FACE('', (#5428), #4245, .T.);
#5430 = ORIENTED_EDGE('', *, *, #3537, .F.);
#5431 = ORIENTED_EDGE('', *, *, #3534, .F.);
#5432 = ORIENTED_EDGE('', *, *, #3531, .F.);
#5433 = ORIENTED_EDGE('', *, *, #3527, .F.);
#5434 = EDGE_LOOP('', (#5430, #5431, #5432, #5433));
#5435 = FACE_BOUND('', #5434, .T.);
#5436 = ADVANCED_FACE('', (#5435), #4249, .F.);
#5437 = ORIENTED_EDGE('', *, *, #3529, .T.);
#5438 = ORIENTED_EDGE('', *, *, #3533, .T.);
#5439 = ORIENTED_EDGE('', *, *, #3536, .T.);
#5440 = ORIENTED_EDGE('', *, *, #3538, .T.);
#5441 = EDGE_LOOP('', (#5437, #5438, #5439, #5440));
#5442 = FACE_BOUND('', #5441, .T.);
#5443 = ADVANCED_FACE('', (#5442), #4253, .T.);
#5444 = ORIENTED_EDGE('', *, *, #3539, .T.);
#5445 = ORIENTED_EDGE('', *, *, #3540, .T.);
#5446 = ORIENTED_EDGE('', *, *, #3541, .F.);
#5447 = ORIENTED_EDGE('', *, *, #3542, .F.);
#5448 = EDGE_LOOP('', (#5444, #5445, #5446, #5447));
#5449 = FACE_BOUND('', #5448, .T.);
#5450 = ADVANCED_FACE('', (#5449), #4257, .T.);
#5451 = ORIENTED_EDGE('', *, *, #3543, .T.);
#5452 = ORIENTED_EDGE('', *, *, #3544, .T.);
#5453 = ORIENTED_EDGE('', *, *, #3545, .F.);
#5454 = ORIENTED_EDGE('', *, *, #3540, .F.);
#5455 = EDGE_LOOP('', (#5451, #5452, #5453, #5454));
#5456 = FACE_BOUND('', #5455, .T.);
#5457 = ADVANCED_FACE('', (#5456), #4261, .T.);
#5458 = ORIENTED_EDGE('', *, *, #3546, .T.);
#5459 = ORIENTED_EDGE('', *, *, #3547, .T.);
#5460 = ORIENTED_EDGE('', *, *, #3548, .F.);
#5461 = ORIENTED_EDGE('', *, *, #3544, .F.);
#5462 = EDGE_LOOP('', (#5458, #5459, #5460, #5461));
#5463 = FACE_BOUND('', #5462, .T.);
#5464 = ADVANCED_FACE('', (#5463), #4265, .T.);
#5465 = ORIENTED_EDGE('', *, *, #3549, .T.);
#5466 = ORIENTED_EDGE('', *, *, #3542, .T.);
#5467 = ORIENTED_EDGE('', *, *, #3550, .F.);
#5468 = ORIENTED_EDGE('', *, *, #3547, .F.);
#5469 = EDGE_LOOP('', (#5465, #5466, #5467, #5468));
#5470 = FACE_BOUND('', #5469, .T.);
#5471 = ADVANCED_FACE('', (#5470), #4269, .T.);
#5472 = ORIENTED_EDGE('', *, *, #3549, .F.);
#5473 = ORIENTED_EDGE('', *, *, #3546, .F.);
#5474 = ORIENTED_EDGE('', *, *, #3543, .F.);
#5475 = ORIENTED_EDGE('', *, *, #3539, .F.);
#5476 = EDGE_LOOP('', (#5472, #5473, #5474, #5475));
#5477 = FACE_BOUND('', #5476, .T.);
#5478 = ADVANCED_FACE('', (#5477), #4273, .F.);
#5479 = ORIENTED_EDGE('', *, *, #3541, .T.);
#5480 = ORIENTED_EDGE('', *, *, #3545, .T.);
#5481 = ORIENTED_EDGE('', *, *, #3548, .T.);
#5482 = ORIENTED_EDGE('', *, *, #3550, .T.);
#5483 = EDGE_LOOP('', (#5479, #5480, #5481, #5482));
#5484 = FACE_BOUND('', #5483, .T.);
#5485 = ADVANCED_FACE('', (#5484), #4277, .T.);
#5486 = ORIENTED_EDGE('', *, *, #3551, .T.);
#5487 = ORIENTED_EDGE('', *, *, #3552, .T.);
#5488 = ORIENTED_EDGE('', *, *, #3553, .F.);
#5489 = ORIENTED_EDGE('', *, *, #3554, .F.);
#5490 = EDGE_LOOP('', (#5486, #5487, #5488, #5489));
#5491 = FACE_BOUND('', #5490, .T.);
#5492 = ADVANCED_FACE('', (#5491), #4281, .T.);
#5493 = ORIENTED_EDGE('', *, *, #3555, .T.);
#5494 = ORIENTED_EDGE('', *, *, #3556, .T.);
#5495 = ORIENTED_EDGE('', *, *, #3557, .F.);
#5496 = ORIENTED_EDGE('', *, *, #3552, .F.);
#5497 = EDGE_LOOP('', (#5493, #5494, #5495, #5496));
#5498 = FACE_BOUND('', #5497, .T.);
#5499 = ADVANCED_FACE('', (#5498), #4285, .T.);
#5500 = ORIENTED_EDGE('', *, *, #3558, .T.);
#5501 = ORIENTED_EDGE('', *, *, #3559, .T.);
#5502 = ORIENTED_EDGE('', *, *, #3560, .F.);
#5503 = ORIENTED_EDGE('', *, *, #3556, .F.);
#5504 = EDGE_LOOP('', (#5500, #5501, #5502, #5503));
#5505 = FACE_BOUND('', #5504, .T.);
#5506 = ADVANCED_FACE('', (#5505), #4289, .T.);
#5507 = ORIENTED_EDGE('', *, *, #3561, .T.);
#5508 = ORIENTED_EDGE('', *, *, #3554, .T.);
#5509 = ORIENTED_EDGE('', *, *, #3562, .F.);
#5510 = ORIENTED_EDGE('', *, *, #3559, .F.);
#5511 = EDGE_LOOP('', (#5507, #5508, #5509, #5510));
#5512 = FACE_BOUND('', #5511, .T.);
#5513 = ADVANCED_FACE('', (#5512), #4293, .T.);
#5514 = ORIENTED_EDGE('', *, *, #3561, .F.);
#5515 = ORIENTED_EDGE('', *, *, #3558, .F.);
#5516 = ORIENTED_EDGE('', *, *, #3555, .F.);
#5517 = ORIENTED_EDGE('', *, *, #3551, .F.);
#5518 = EDGE_LOOP('', (#5514, #5515, #5516, #5517));
#5519 = FACE_BOUND('', #5518, .T.);
#5520 = ADVANCED_FACE('', (#5519), #4297, .F.);
#5521 = ORIENTED_EDGE('', *, *, #3553, .T.);
#5522 = ORIENTED_EDGE('', *, *, #3557, .T.);
#5523 = ORIENTED_EDGE('', *, *, #3560, .T.);
#5524 = ORIENTED_EDGE('', *, *, #3562, .T.);
#5525 = ORIENTED_EDGE('', *, *, #3571, .F.);
#5526 = ORIENTED_EDGE('', *, *, #3574, .F.);
#5527 = ORIENTED_EDGE('', *, *, #3573, .F.);
#5528 = ORIENTED_EDGE('', *, *, #3572, .F.);
#5529 = EDGE_LOOP('', (#5521, #5522, #5523, #5524));
#5530 = FACE_BOUND('', #5529, .T.);
#5531 = EDGE_LOOP('', (#5525, #5526, #5527, #5528));
#5532 = FACE_BOUND('', #5531, .T.);
#5533 = ADVANCED_FACE('', (#5530, #5532), #4301, .T.);
#5534 = ORIENTED_EDGE('', *, *, #3565, .T.);
#5535 = ORIENTED_EDGE('', *, *, #3571, .T.);
#5536 = ORIENTED_EDGE('', *, *, #3564, .F.);
#5537 = ORIENTED_EDGE('', *, *, #3563, .F.);
#5538 = EDGE_LOOP('', (#5534, #5535, #5536, #5537));
#5539 = FACE_BOUND('', #5538, .T.);
#5540 = ADVANCED_FACE('', (#5539), #4305, .F.);
#5541 = ORIENTED_EDGE('', *, *, #3564, .T.);
#5542 = ORIENTED_EDGE('', *, *, #3572, .T.);
#5543 = ORIENTED_EDGE('', *, *, #3567, .F.);
#5544 = ORIENTED_EDGE('', *, *, #3566, .F.);
#5545 = EDGE_LOOP('', (#5541, #5542, #5543, #5544));
#5546 = FACE_BOUND('', #5545, .T.);
#5547 = ADVANCED_FACE('', (#5546), #4309, .F.);
#5548 = ORIENTED_EDGE('', *, *, #3567, .T.);
#5549 = ORIENTED_EDGE('', *, *, #3573, .T.);
#5550 = ORIENTED_EDGE('', *, *, #3569, .F.);
#5551 = ORIENTED_EDGE('', *, *, #3568, .F.);
#5552 = EDGE_LOOP('', (#5548, #5549, #5550, #5551));
#5553 = FACE_BOUND('', #5552, .T.);
#5554 = ADVANCED_FACE('', (#5553), #4313, .F.);
#5555 = ORIENTED_EDGE('', *, *, #3569, .T.);
#5556 = ORIENTED_EDGE('', *, *, #3574, .T.);
#5557 = ORIENTED_EDGE('', *, *, #3565, .F.);
#5558 = ORIENTED_EDGE('', *, *, #3570, .F.);
#5559 = EDGE_LOOP('', (#5555, #5556, #5557, #5558));
#5560 = FACE_BOUND('', #5559, .T.);
#5561 = ADVANCED_FACE('', (#5560), #4317, .F.);
#5562 = ORIENTED_EDGE('', *, *, #3563, .T.);
#5563 = ORIENTED_EDGE('', *, *, #3566, .T.);
#5564 = ORIENTED_EDGE('', *, *, #3568, .T.);
#5565 = ORIENTED_EDGE('', *, *, #3570, .T.);
#5566 = EDGE_LOOP('', (#5562, #5563, #5564, #5565));
#5567 = FACE_BOUND('', #5566, .T.);
#5568 = ADVANCED_FACE('', (#5567), #4321, .T.);
#5569 = ORIENTED_EDGE('', *, *, #3575, .T.);
#5570 = ORIENTED_EDGE('', *, *, #3576, .T.);
#5571 = ORIENTED_EDGE('', *, *, #3577, .F.);
#5572 = ORIENTED_EDGE('', *, *, #3578, .F.);
#5573 = EDGE_LOOP('', (#5569, #5570, #5571, #5572));
#5574 = FACE_BOUND('', #5573, .T.);
#5575 = ADVANCED_FACE('', (#5574), #4325, .T.);
#5576 = ORIENTED_EDGE('', *, *, #3579, .T.);
#5577 = ORIENTED_EDGE('', *, *, #3580, .T.);
#5578 = ORIENTED_EDGE('', *, *, #3581, .F.);
#5579 = ORIENTED_EDGE('', *, *, #3576, .F.);
#5580 = EDGE_LOOP('', (#5576, #5577, #5578, #5579));
#5581 = FACE_BOUND('', #5580, .T.);
#5582 = ADVANCED_FACE('', (#5581), #4329, .T.);
#5583 = ORIENTED_EDGE('', *, *, #3582, .T.);
#5584 = ORIENTED_EDGE('', *, *, #3583, .T.);
#5585 = ORIENTED_EDGE('', *, *, #3584, .F.);
#5586 = ORIENTED_EDGE('', *, *, #3580, .F.);
#5587 = EDGE_LOOP('', (#5583, #5584, #5585, #5586));
#5588 = FACE_BOUND('', #5587, .T.);
#5589 = ADVANCED_FACE('', (#5588), #4333, .T.);
#5590 = ORIENTED_EDGE('', *, *, #3585, .T.);
#5591 = ORIENTED_EDGE('', *, *, #3578, .T.);
#5592 = ORIENTED_EDGE('', *, *, #3586, .F.);
#5593 = ORIENTED_EDGE('', *, *, #3583, .F.);
#5594 = EDGE_LOOP('', (#5590, #5591, #5592, #5593));
#5595 = FACE_BOUND('', #5594, .T.);
#5596 = ADVANCED_FACE('', (#5595), #4337, .T.);
#5597 = ORIENTED_EDGE('', *, *, #3585, .F.);
#5598 = ORIENTED_EDGE('', *, *, #3582, .F.);
#5599 = ORIENTED_EDGE('', *, *, #3579, .F.);
#5600 = ORIENTED_EDGE('', *, *, #3575, .F.);
#5601 = EDGE_LOOP('', (#5597, #5598, #5599, #5600));
#5602 = FACE_BOUND('', #5601, .T.);
#5603 = ADVANCED_FACE('', (#5602), #4341, .F.);
#5604 = ORIENTED_EDGE('', *, *, #3577, .T.);
#5605 = ORIENTED_EDGE('', *, *, #3581, .T.);
#5606 = ORIENTED_EDGE('', *, *, #3584, .T.);
#5607 = ORIENTED_EDGE('', *, *, #3586, .T.);
#5608 = EDGE_LOOP('', (#5604, #5605, #5606, #5607));
#5609 = FACE_BOUND('', #5608, .T.);
#5610 = ADVANCED_FACE('', (#5609), #4345, .T.);
#5611 = ORIENTED_EDGE('', *, *, #3587, .T.);
#5612 = ORIENTED_EDGE('', *, *, #3588, .T.);
#5613 = ORIENTED_EDGE('', *, *, #3589, .F.);
#5614 = ORIENTED_EDGE('', *, *, #3590, .F.);
#5615 = EDGE_LOOP('', (#5611, #5612, #5613, #5614));
#5616 = FACE_BOUND('', #5615, .T.);
#5617 = ADVANCED_FACE('', (#5616), #4349, .T.);
#5618 = ORIENTED_EDGE('', *, *, #3591, .T.);
#5619 = ORIENTED_EDGE('', *, *, #3592, .T.);
#5620 = ORIENTED_EDGE('', *, *, #3593, .F.);
#5621 = ORIENTED_EDGE('', *, *, #3588, .F.);
#5622 = EDGE_LOOP('', (#5618, #5619, #5620, #5621));
#5623 = FACE_BOUND('', #5622, .T.);
#5624 = ADVANCED_FACE('', (#5623), #4353, .T.);
#5625 = ORIENTED_EDGE('', *, *, #3594, .T.);
#5626 = ORIENTED_EDGE('', *, *, #3595, .T.);
#5627 = ORIENTED_EDGE('', *, *, #3596, .F.);
#5628 = ORIENTED_EDGE('', *, *, #3592, .F.);
#5629 = EDGE_LOOP('', (#5625, #5626, #5627, #5628));
#5630 = FACE_BOUND('', #5629, .T.);
#5631 = ADVANCED_FACE('', (#5630), #4357, .T.);
#5632 = ORIENTED_EDGE('', *, *, #3597, .T.);
#5633 = ORIENTED_EDGE('', *, *, #3590, .T.);
#5634 = ORIENTED_EDGE('', *, *, #3598, .F.);
#5635 = ORIENTED_EDGE('', *, *, #3595, .F.);
#5636 = EDGE_LOOP('', (#5632, #5633, #5634, #5635));
#5637 = FACE_BOUND('', #5636, .T.);
#5638 = ADVANCED_FACE('', (#5637), #4361, .T.);
#5639 = ORIENTED_EDGE('', *, *, #3597, .F.);
#5640 = ORIENTED_EDGE('', *, *, #3594, .F.);
#5641 = ORIENTED_EDGE('', *, *, #3591, .F.);
#5642 = ORIENTED_EDGE('', *, *, #3587, .F.);
#5643 = EDGE_LOOP('', (#5639, #5640, #5641, #5642));
#5644 = FACE_BOUND('', #5643, .T.);
#5645 = ADVANCED_FACE('', (#5644), #4365, .F.);
#5646 = ORIENTED_EDGE('', *, *, #3589, .T.);
#5647 = ORIENTED_EDGE('', *, *, #3593, .T.);
#5648 = ORIENTED_EDGE('', *, *, #3596, .T.);
#5649 = ORIENTED_EDGE('', *, *, #3598, .T.);
#5650 = EDGE_LOOP('', (#5646, #5647, #5648, #5649));
#5651 = FACE_BOUND('', #5650, .T.);
#5652 = ADVANCED_FACE('', (#5651), #4369, .T.);
#5653 = ORIENTED_EDGE('', *, *, #3599, .T.);
#5654 = ORIENTED_EDGE('', *, *, #3601, .F.);
#5655 = EDGE_LOOP('', (#5653));
#5656 = FACE_BOUND('', #5655, .T.);
#5657 = EDGE_LOOP('', (#5654));
#5658 = FACE_BOUND('', #5657, .T.);
#5659 = ADVANCED_FACE('', (#5656, #5658), #4374, .T.);
#5660 = ORIENTED_EDGE('', *, *, #3599, .F.);
#5661 = EDGE_LOOP('', (#5660));
#5662 = FACE_BOUND('', #5661, .T.);
#5663 = ADVANCED_FACE('', (#5662), #4378, .F.);
#5664 = ORIENTED_EDGE('', *, *, #3601, .T.);
#5665 = EDGE_LOOP('', (#5664));
#5666 = FACE_BOUND('', #5665, .T.);
#5667 = ADVANCED_FACE('', (#5666), #4382, .T.);
#5668 = ORIENTED_EDGE('', *, *, #3602, .T.);
#5669 = ORIENTED_EDGE('', *, *, #3603, .T.);
#5670 = ORIENTED_EDGE('', *, *, #3604, .F.);
#5671 = ORIENTED_EDGE('', *, *, #3605, .F.);
#5672 = EDGE_LOOP('', (#5668, #5669, #5670, #5671));
#5673 = FACE_BOUND('', #5672, .T.);
#5674 = ADVANCED_FACE('', (#5673), #4386, .T.);
#5675 = ORIENTED_EDGE('', *, *, #3606, .T.);
#5676 = ORIENTED_EDGE('', *, *, #3607, .T.);
#5677 = ORIENTED_EDGE('', *, *, #3608, .F.);
#5678 = ORIENTED_EDGE('', *, *, #3603, .F.);
#5679 = EDGE_LOOP('', (#5675, #5676, #5677, #5678));
#5680 = FACE_BOUND('', #5679, .T.);
#5681 = ADVANCED_FACE('', (#5680), #4390, .T.);
#5682 = ORIENTED_EDGE('', *, *, #3609, .T.);
#5683 = ORIENTED_EDGE('', *, *, #3610, .T.);
#5684 = ORIENTED_EDGE('', *, *, #3611, .F.);
#5685 = ORIENTED_EDGE('', *, *, #3607, .F.);
#5686 = EDGE_LOOP('', (#5682, #5683, #5684, #5685));
#5687 = FACE_BOUND('', #5686, .T.);
#5688 = ADVANCED_FACE('', (#5687), #4394, .T.);
#5689 = ORIENTED_EDGE('', *, *, #3612, .T.);
#5690 = ORIENTED_EDGE('', *, *, #3605, .T.);
#5691 = ORIENTED_EDGE('', *, *, #3613, .F.);
#5692 = ORIENTED_EDGE('', *, *, #3610, .F.);
#5693 = EDGE_LOOP('', (#5689, #5690, #5691, #5692));
#5694 = FACE_BOUND('', #5693, .T.);
#5695 = ADVANCED_FACE('', (#5694), #4398, .T.);
#5696 = ORIENTED_EDGE('', *, *, #3612, .F.);
#5697 = ORIENTED_EDGE('', *, *, #3609, .F.);
#5698 = ORIENTED_EDGE('', *, *, #3606, .F.);
#5699 = ORIENTED_EDGE('', *, *, #3602, .F.);
#5700 = EDGE_LOOP('', (#5696, #5697, #5698, #5699));
#5701 = FACE_BOUND('', #5700, .T.);
#5702 = ADVANCED_FACE('', (#5701), #4402, .F.);
#5703 = ORIENTED_EDGE('', *, *, #3604, .T.);
#5704 = ORIENTED_EDGE('', *, *, #3608, .T.);
#5705 = ORIENTED_EDGE('', *, *, #3611, .T.);
#5706 = ORIENTED_EDGE('', *, *, #3613, .T.);
#5707 = EDGE_LOOP('', (#5703, #5704, #5705, #5706));
#5708 = FACE_BOUND('', #5707, .T.);
#5709 = ADVANCED_FACE('', (#5708), #4406, .T.);
#5710 = ORIENTED_EDGE('', *, *, #3614, .T.);
#5711 = ORIENTED_EDGE('', *, *, #3615, .T.);
#5712 = ORIENTED_EDGE('', *, *, #3616, .F.);
#5713 = ORIENTED_EDGE('', *, *, #3617, .F.);
#5714 = EDGE_LOOP('', (#5710, #5711, #5712, #5713));
#5715 = FACE_BOUND('', #5714, .T.);
#5716 = ADVANCED_FACE('', (#5715), #4410, .T.);
#5717 = ORIENTED_EDGE('', *, *, #3618, .T.);
#5718 = ORIENTED_EDGE('', *, *, #3619, .T.);
#5719 = ORIENTED_EDGE('', *, *, #3620, .F.);
#5720 = ORIENTED_EDGE('', *, *, #3615, .F.);
#5721 = EDGE_LOOP('', (#5717, #5718, #5719, #5720));
#5722 = FACE_BOUND('', #5721, .T.);
#5723 = ADVANCED_FACE('', (#5722), #4414, .T.);
#5724 = ORIENTED_EDGE('', *, *, #3621, .T.);
#5725 = ORIENTED_EDGE('', *, *, #3622, .T.);
#5726 = ORIENTED_EDGE('', *, *, #3623, .F.);
#5727 = ORIENTED_EDGE('', *, *, #3619, .F.);
#5728 = EDGE_LOOP('', (#5724, #5725, #5726, #5727));
#5729 = FACE_BOUND('', #5728, .T.);
#5730 = ADVANCED_FACE('', (#5729), #4418, .T.);
#5731 = ORIENTED_EDGE('', *, *, #3624, .T.);
#5732 = ORIENTED_EDGE('', *, *, #3617, .T.);
#5733 = ORIENTED_EDGE('', *, *, #3625, .F.);
#5734 = ORIENTED_EDGE('', *, *, #3622, .F.);
#5735 = EDGE_LOOP('', (#5731, #5732, #5733, #5734));
#5736 = FACE_BOUND('', #5735, .T.);
#5737 = ADVANCED_FACE('', (#5736), #4422, .T.);
#5738 = ORIENTED_EDGE('', *, *, #3624, .F.);
#5739 = ORIENTED_EDGE('', *, *, #3621, .F.);
#5740 = ORIENTED_EDGE('', *, *, #3618, .F.);
#5741 = ORIENTED_EDGE('', *, *, #3614, .F.);
#5742 = EDGE_LOOP('', (#5738, #5739, #5740, #5741));
#5743 = FACE_BOUND('', #5742, .T.);
#5744 = ADVANCED_FACE('', (#5743), #4426, .F.);
#5745 = ORIENTED_EDGE('', *, *, #3616, .T.);
#5746 = ORIENTED_EDGE('', *, *, #3620, .T.);
#5747 = ORIENTED_EDGE('', *, *, #3623, .T.);
#5748 = ORIENTED_EDGE('', *, *, #3625, .T.);
#5749 = EDGE_LOOP('', (#5745, #5746, #5747, #5748));
#5750 = FACE_BOUND('', #5749, .T.);
#5751 = ADVANCED_FACE('', (#5750), #4430, .T.);
#5752 = ORIENTED_EDGE('', *, *, #3626, .T.);
#5753 = ORIENTED_EDGE('', *, *, #3627, .T.);
#5754 = ORIENTED_EDGE('', *, *, #3628, .F.);
#5755 = ORIENTED_EDGE('', *, *, #3629, .F.);
#5756 = EDGE_LOOP('', (#5752, #5753, #5754, #5755));
#5757 = FACE_BOUND('', #5756, .T.);
#5758 = ADVANCED_FACE('', (#5757), #4434, .T.);
#5759 = ORIENTED_EDGE('', *, *, #3630, .T.);
#5760 = ORIENTED_EDGE('', *, *, #3631, .T.);
#5761 = ORIENTED_EDGE('', *, *, #3632, .F.);
#5762 = ORIENTED_EDGE('', *, *, #3627, .F.);
#5763 = EDGE_LOOP('', (#5759, #5760, #5761, #5762));
#5764 = FACE_BOUND('', #5763, .T.);
#5765 = ADVANCED_FACE('', (#5764), #4438, .T.);
#5766 = ORIENTED_EDGE('', *, *, #3633, .T.);
#5767 = ORIENTED_EDGE('', *, *, #3634, .T.);
#5768 = ORIENTED_EDGE('', *, *, #3635, .F.);
#5769 = ORIENTED_EDGE('', *, *, #3631, .F.);
#5770 = EDGE_LOOP('', (#5766, #5767, #5768, #5769));
#5771 = FACE_BOUND('', #5770, .T.);
#5772 = ADVANCED_FACE('', (#5771), #4442, .T.);
#5773 = ORIENTED_EDGE('', *, *, #3636, .T.);
#5774 = ORIENTED_EDGE('', *, *, #3629, .T.);
#5775 = ORIENTED_EDGE('', *, *, #3637, .F.);
#5776 = ORIENTED_EDGE('', *, *, #3634, .F.);
#5777 = EDGE_LOOP('', (#5773, #5774, #5775, #5776));
#5778 = FACE_BOUND('', #5777, .T.);
#5779 = ADVANCED_FACE('', (#5778), #4446, .T.);
#5780 = ORIENTED_EDGE('', *, *, #3636, .F.);
#5781 = ORIENTED_EDGE('', *, *, #3633, .F.);
#5782 = ORIENTED_EDGE('', *, *, #3630, .F.);
#5783 = ORIENTED_EDGE('', *, *, #3626, .F.);
#5784 = EDGE_LOOP('', (#5780, #5781, #5782, #5783));
#5785 = FACE_BOUND('', #5784, .T.);
#5786 = ADVANCED_FACE('', (#5785), #4450, .F.);
#5787 = ORIENTED_EDGE('', *, *, #3628, .T.);
#5788 = ORIENTED_EDGE('', *, *, #3632, .T.);
#5789 = ORIENTED_EDGE('', *, *, #3635, .T.);
#5790 = ORIENTED_EDGE('', *, *, #3637, .T.);
#5791 = EDGE_LOOP('', (#5787, #5788, #5789, #5790));
#5792 = FACE_BOUND('', #5791, .T.);
#5793 = ADVANCED_FACE('', (#5792), #4454, .T.);
#5794 = ORIENTED_EDGE('', *, *, #3638, .T.);
#5795 = ORIENTED_EDGE('', *, *, #3639, .T.);
#5796 = ORIENTED_EDGE('', *, *, #3640, .F.);
#5797 = ORIENTED_EDGE('', *, *, #3641, .F.);
#5798 = EDGE_LOOP('', (#5794, #5795, #5796, #5797));
#5799 = FACE_BOUND('', #5798, .T.);
#5800 = ADVANCED_FACE('', (#5799), #4458, .T.);
#5801 = ORIENTED_EDGE('', *, *, #3642, .T.);
#5802 = ORIENTED_EDGE('', *, *, #3643, .T.);
#5803 = ORIENTED_EDGE('', *, *, #3644, .F.);
#5804 = ORIENTED_EDGE('', *, *, #3639, .F.);
#5805 = EDGE_LOOP('', (#5801, #5802, #5803, #5804));
#5806 = FACE_BOUND('', #5805, .T.);
#5807 = ADVANCED_FACE('', (#5806), #4462, .T.);
#5808 = ORIENTED_EDGE('', *, *, #3645, .T.);
#5809 = ORIENTED_EDGE('', *, *, #3646, .T.);
#5810 = ORIENTED_EDGE('', *, *, #3647, .F.);
#5811 = ORIENTED_EDGE('', *, *, #3643, .F.);
#5812 = EDGE_LOOP('', (#5808, #5809, #5810, #5811));
#5813 = FACE_BOUND('', #5812, .T.);
#5814 = ADVANCED_FACE('', (#5813), #4466, .T.);
#5815 = ORIENTED_EDGE('', *, *, #3648, .T.);
#5816 = ORIENTED_EDGE('', *, *, #3641, .T.);
#5817 = ORIENTED_EDGE('', *, *, #3649, .F.);
#5818 = ORIENTED_EDGE('', *, *, #3646, .F.);
#5819 = EDGE_LOOP('', (#5815, #5816, #5817, #5818));
#5820 = FACE_BOUND('', #5819, .T.);
#5821 = ADVANCED_FACE('', (#5820), #4470, .T.);
#5822 = ORIENTED_EDGE('', *, *, #3648, .F.);
#5823 = ORIENTED_EDGE('', *, *, #3645, .F.);
#5824 = ORIENTED_EDGE('', *, *, #3642, .F.);
#5825 = ORIENTED_EDGE('', *, *, #3638, .F.);
#5826 = EDGE_LOOP('', (#5822, #5823, #5824, #5825));
#5827 = FACE_BOUND('', #5826, .T.);
#5828 = ADVANCED_FACE('', (#5827), #4474, .F.);
#5829 = ORIENTED_EDGE('', *, *, #3640, .T.);
#5830 = ORIENTED_EDGE('', *, *, #3644, .T.);
#5831 = ORIENTED_EDGE('', *, *, #3647, .T.);
#5832 = ORIENTED_EDGE('', *, *, #3649, .T.);
#5833 = EDGE_LOOP('', (#5829, #5830, #5831, #5832));
#5834 = FACE_BOUND('', #5833, .T.);
#5835 = ADVANCED_FACE('', (#5834), #4478, .T.);
#5836 = ORIENTED_EDGE('', *, *, #3650, .T.);
#5837 = ORIENTED_EDGE('', *, *, #3651, .T.);
#5838 = ORIENTED_EDGE('', *, *, #3652, .F.);
#5839 = ORIENTED_EDGE('', *, *, #3653, .F.);
#5840 = EDGE_LOOP('', (#5836, #5837, #5838, #5839));
#5841 = FACE_BOUND('', #5840, .T.);
#5842 = ADVANCED_FACE('', (#5841), #4482, .T.);
#5843 = ORIENTED_EDGE('', *, *, #3654, .T.);
#5844 = ORIENTED_EDGE('', *, *, #3655, .T.);
#5845 = ORIENTED_EDGE('', *, *, #3656, .F.);
#5846 = ORIENTED_EDGE('', *, *, #3651, .F.);
#5847 = EDGE_LOOP('', (#5843, #5844, #5845, #5846));
#5848 = FACE_BOUND('', #5847, .T.);
#5849 = ADVANCED_FACE('', (#5848), #4486, .T.);
#5850 = ORIENTED_EDGE('', *, *, #3657, .T.);
#5851 = ORIENTED_EDGE('', *, *, #3658, .T.);
#5852 = ORIENTED_EDGE('', *, *, #3659, .F.);
#5853 = ORIENTED_EDGE('', *, *, #3655, .F.);
#5854 = EDGE_LOOP('', (#5850, #5851, #5852, #5853));
#5855 = FACE_BOUND('', #5854, .T.);
#5856 = ADVANCED_FACE('', (#5855), #4490, .T.);
#5857 = ORIENTED_EDGE('', *, *, #3660, .T.);
#5858 = ORIENTED_EDGE('', *, *, #3653, .T.);
#5859 = ORIENTED_EDGE('', *, *, #3661, .F.);
#5860 = ORIENTED_EDGE('', *, *, #3658, .F.);
#5861 = EDGE_LOOP('', (#5857, #5858, #5859, #5860));
#5862 = FACE_BOUND('', #5861, .T.);
#5863 = ADVANCED_FACE('', (#5862), #4494, .T.);
#5864 = ORIENTED_EDGE('', *, *, #3660, .F.);
#5865 = ORIENTED_EDGE('', *, *, #3657, .F.);
#5866 = ORIENTED_EDGE('', *, *, #3654, .F.);
#5867 = ORIENTED_EDGE('', *, *, #3650, .F.);
#5868 = EDGE_LOOP('', (#5864, #5865, #5866, #5867));
#5869 = FACE_BOUND('', #5868, .T.);
#5870 = ADVANCED_FACE('', (#5869), #4498, .F.);
#5871 = ORIENTED_EDGE('', *, *, #3652, .T.);
#5872 = ORIENTED_EDGE('', *, *, #3656, .T.);
#5873 = ORIENTED_EDGE('', *, *, #3659, .T.);
#5874 = ORIENTED_EDGE('', *, *, #3661, .T.);
#5875 = EDGE_LOOP('', (#5871, #5872, #5873, #5874));
#5876 = FACE_BOUND('', #5875, .T.);
#5877 = ADVANCED_FACE('', (#5876), #4502, .T.);
#5878 = ORIENTED_EDGE('', *, *, #3662, .T.);
#5879 = ORIENTED_EDGE('', *, *, #3663, .T.);
#5880 = ORIENTED_EDGE('', *, *, #3664, .F.);
#5881 = ORIENTED_EDGE('', *, *, #3665, .F.);
#5882 = EDGE_LOOP('', (#5878, #5879, #5880, #5881));
#5883 = FACE_BOUND('', #5882, .T.);
#5884 = ADVANCED_FACE('', (#5883), #4506, .T.);
#5885 = ORIENTED_EDGE('', *, *, #3666, .T.);
#5886 = ORIENTED_EDGE('', *, *, #3667, .T.);
#5887 = ORIENTED_EDGE('', *, *, #3668, .F.);
#5888 = ORIENTED_EDGE('', *, *, #3663, .F.);
#5889 = EDGE_LOOP('', (#5885, #5886, #5887, #5888));
#5890 = FACE_BOUND('', #5889, .T.);
#5891 = ADVANCED_FACE('', (#5890), #4510, .T.);
#5892 = ORIENTED_EDGE('', *, *, #3669, .T.);
#5893 = ORIENTED_EDGE('', *, *, #3670, .T.);
#5894 = ORIENTED_EDGE('', *, *, #3671, .F.);
#5895 = ORIENTED_EDGE('', *, *, #3667, .F.);
#5896 = EDGE_LOOP('', (#5892, #5893, #5894, #5895));
#5897 = FACE_BOUND('', #5896, .T.);
#5898 = ADVANCED_FACE('', (#5897), #4514, .T.);
#5899 = ORIENTED_EDGE('', *, *, #3672, .T.);
#5900 = ORIENTED_EDGE('', *, *, #3665, .T.);
#5901 = ORIENTED_EDGE('', *, *, #3673, .F.);
#5902 = ORIENTED_EDGE('', *, *, #3670, .F.);
#5903 = EDGE_LOOP('', (#5899, #5900, #5901, #5902));
#5904 = FACE_BOUND('', #5903, .T.);
#5905 = ADVANCED_FACE('', (#5904), #4518, .T.);
#5906 = ORIENTED_EDGE('', *, *, #3672, .F.);
#5907 = ORIENTED_EDGE('', *, *, #3669, .F.);
#5908 = ORIENTED_EDGE('', *, *, #3666, .F.);
#5909 = ORIENTED_EDGE('', *, *, #3662, .F.);
#5910 = EDGE_LOOP('', (#5906, #5907, #5908, #5909));
#5911 = FACE_BOUND('', #5910, .T.);
#5912 = ADVANCED_FACE('', (#5911), #4522, .F.);
#5913 = ORIENTED_EDGE('', *, *, #3664, .T.);
#5914 = ORIENTED_EDGE('', *, *, #3668, .T.);
#5915 = ORIENTED_EDGE('', *, *, #3671, .T.);
#5916 = ORIENTED_EDGE('', *, *, #3673, .T.);
#5917 = EDGE_LOOP('', (#5913, #5914, #5915, #5916));
#5918 = FACE_BOUND('', #5917, .T.);
#5919 = ADVANCED_FACE('', (#5918), #4526, .T.);
#5920 = ORIENTED_EDGE('', *, *, #3674, .T.);
#5921 = ORIENTED_EDGE('', *, *, #3675, .T.);
#5922 = ORIENTED_EDGE('', *, *, #3676, .F.);
#5923 = ORIENTED_EDGE('', *, *, #3677, .F.);
#5924 = EDGE_LOOP('', (#5920, #5921, #5922, #5923));
#5925 = FACE_BOUND('', #5924, .T.);
#5926 = ADVANCED_FACE('', (#5925), #4530, .T.);
#5927 = ORIENTED_EDGE('', *, *, #3678, .T.);
#5928 = ORIENTED_EDGE('', *, *, #3679, .T.);
#5929 = ORIENTED_EDGE('', *, *, #3680, .F.);
#5930 = ORIENTED_EDGE('', *, *, #3675, .F.);
#5931 = EDGE_LOOP('', (#5927, #5928, #5929, #5930));
#5932 = FACE_BOUND('', #5931, .T.);
#5933 = ADVANCED_FACE('', (#5932), #4534, .T.);
#5934 = ORIENTED_EDGE('', *, *, #3681, .T.);
#5935 = ORIENTED_EDGE('', *, *, #3682, .T.);
#5936 = ORIENTED_EDGE('', *, *, #3683, .F.);
#5937 = ORIENTED_EDGE('', *, *, #3679, .F.);
#5938 = EDGE_LOOP('', (#5934, #5935, #5936, #5937));
#5939 = FACE_BOUND('', #5938, .T.);
#5940 = ADVANCED_FACE('', (#5939), #4538, .T.);
#5941 = ORIENTED_EDGE('', *, *, #3684, .T.);
#5942 = ORIENTED_EDGE('', *, *, #3677, .T.);
#5943 = ORIENTED_EDGE('', *, *, #3685, .F.);
#5944 = ORIENTED_EDGE('', *, *, #3682, .F.);
#5945 = EDGE_LOOP('', (#5941, #5942, #5943, #5944));
#5946 = FACE_BOUND('', #5945, .T.);
#5947 = ADVANCED_FACE('', (#5946), #4542, .T.);
#5948 = ORIENTED_EDGE('', *, *, #3684, .F.);
#5949 = ORIENTED_EDGE('', *, *, #3681, .F.);
#5950 = ORIENTED_EDGE('', *, *, #3678, .F.);
#5951 = ORIENTED_EDGE('', *, *, #3674, .F.);
#5952 = EDGE_LOOP('', (#5948, #5949, #5950, #5951));
#5953 = FACE_BOUND('', #5952, .T.);
#5954 = ADVANCED_FACE('', (#5953), #4546, .F.);
#5955 = ORIENTED_EDGE('', *, *, #3676, .T.);
#5956 = ORIENTED_EDGE('', *, *, #3680, .T.);
#5957 = ORIENTED_EDGE('', *, *, #3683, .T.);
#5958 = ORIENTED_EDGE('', *, *, #3685, .T.);
#5959 = EDGE_LOOP('', (#5955, #5956, #5957, #5958));
#5960 = FACE_BOUND('', #5959, .T.);
#5961 = ADVANCED_FACE('', (#5960), #4550, .T.);
#5962 = ORIENTED_EDGE('', *, *, #3686, .T.);
#5963 = ORIENTED_EDGE('', *, *, #3687, .T.);
#5964 = ORIENTED_EDGE('', *, *, #3688, .F.);
#5965 = ORIENTED_EDGE('', *, *, #3689, .F.);
#5966 = EDGE_LOOP('', (#5962, #5963, #5964, #5965));
#5967 = FACE_BOUND('', #5966, .T.);
#5968 = ADVANCED_FACE('', (#5967), #4554, .T.);
#5969 = ORIENTED_EDGE('', *, *, #3690, .T.);
#5970 = ORIENTED_EDGE('', *, *, #3691, .T.);
#5971 = ORIENTED_EDGE('', *, *, #3692, .F.);
#5972 = ORIENTED_EDGE('', *, *, #3687, .F.);
#5973 = EDGE_LOOP('', (#5969, #5970, #5971, #5972));
#5974 = FACE_BOUND('', #5973, .T.);
#5975 = ADVANCED_FACE('', (#5974), #4558, .T.);
#5976 = ORIENTED_EDGE('', *, *, #3693, .T.);
#5977 = ORIENTED_EDGE('', *, *, #3694, .T.);
#5978 = ORIENTED_EDGE('', *, *, #3695, .F.);
#5979 = ORIENTED_EDGE('', *, *, #3691, .F.);
#5980 = EDGE_LOOP('', (#5976, #5977, #5978, #5979));
#5981 = FACE_BOUND('', #5980, .T.);
#5982 = ADVANCED_FACE('', (#5981), #4562, .T.);
#5983 = ORIENTED_EDGE('', *, *, #3696, .T.);
#5984 = ORIENTED_EDGE('', *, *, #3689, .T.);
#5985 = ORIENTED_EDGE('', *, *, #3697, .F.);
#5986 = ORIENTED_EDGE('', *, *, #3694, .F.);
#5987 = EDGE_LOOP('', (#5983, #5984, #5985, #5986));
#5988 = FACE_BOUND('', #5987, .T.);
#5989 = ADVANCED_FACE('', (#5988), #4566, .T.);
#5990 = ORIENTED_EDGE('', *, *, #3696, .F.);
#5991 = ORIENTED_EDGE('', *, *, #3693, .F.);
#5992 = ORIENTED_EDGE('', *, *, #3690, .F.);
#5993 = ORIENTED_EDGE('', *, *, #3686, .F.);
#5994 = EDGE_LOOP('', (#5990, #5991, #5992, #5993));
#5995 = FACE_BOUND('', #5994, .T.);
#5996 = ADVANCED_FACE('', (#5995), #4570, .F.);
#5997 = ORIENTED_EDGE('', *, *, #3688, .T.);
#5998 = ORIENTED_EDGE('', *, *, #3692, .T.);
#5999 = ORIENTED_EDGE('', *, *, #3695, .T.);
#6000 = ORIENTED_EDGE('', *, *, #3697, .T.);
#6001 = EDGE_LOOP('', (#5997, #5998, #5999, #6000));
#6002 = FACE_BOUND('', #6001, .T.);
#6003 = ADVANCED_FACE('', (#6002), #4574, .T.);
#6004 = ORIENTED_EDGE('', *, *, #3698, .T.);
#6005 = ORIENTED_EDGE('', *, *, #3699, .T.);
#6006 = ORIENTED_EDGE('', *, *, #3700, .F.);
#6007 = ORIENTED_EDGE('', *, *, #3701, .F.);
#6008 = EDGE_LOOP('', (#6004, #6005, #6006, #6007));
#6009 = FACE_BOUND('', #6008, .T.);
#6010 = ADVANCED_FACE('', (#6009), #4578, .T.);
#6011 = ORIENTED_EDGE('', *, *, #3702, .T.);
#6012 = ORIENTED_EDGE('', *, *, #3703, .T.);
#6013 = ORIENTED_EDGE('', *, *, #3704, .F.);
#6014 = ORIENTED_EDGE('', *, *, #3699, .F.);
#6015 = EDGE_LOOP('', (#6011, #6012, #6013, #6014));
#6016 = FACE_BOUND('', #6015, .T.);
#6017 = ADVANCED_FACE('', (#6016), #4582, .T.);
#6018 = ORIENTED_EDGE('', *, *, #3705, .T.);
#6019 = ORIENTED_EDGE('', *, *, #3706, .T.);
#6020 = ORIENTED_EDGE('', *, *, #3707, .F.);
#6021 = ORIENTED_EDGE('', *, *, #3703, .F.);
#6022 = EDGE_LOOP('', (#6018, #6019, #6020, #6021));
#6023 = FACE_BOUND('', #6022, .T.);
#6024 = ADVANCED_FACE('', (#6023), #4586, .T.);
#6025 = ORIENTED_EDGE('', *, *, #3708, .T.);
#6026 = ORIENTED_EDGE('', *, *, #3701, .T.);
#6027 = ORIENTED_EDGE('', *, *, #3709, .F.);
#6028 = ORIENTED_EDGE('', *, *, #3706, .F.);
#6029 = EDGE_LOOP('', (#6025, #6026, #6027, #6028));
#6030 = FACE_BOUND('', #6029, .T.);
#6031 = ADVANCED_FACE('', (#6030), #4590, .T.);
#6032 = ORIENTED_EDGE('', *, *, #3708, .F.);
#6033 = ORIENTED_EDGE('', *, *, #3705, .F.);
#6034 = ORIENTED_EDGE('', *, *, #3702, .F.);
#6035 = ORIENTED_EDGE('', *, *, #3698, .F.);
#6036 = EDGE_LOOP('', (#6032, #6033, #6034, #6035));
#6037 = FACE_BOUND('', #6036, .T.);
#6038 = ADVANCED_FACE('', (#6037), #4594, .F.);
#6039 = ORIENTED_EDGE('', *, *, #3700, .T.);
#6040 = ORIENTED_EDGE('', *, *, #3704, .T.);
#6041 = ORIENTED_EDGE('', *, *, #3707, .T.);
#6042 = ORIENTED_EDGE('', *, *, #3709, .T.);
#6043 = EDGE_LOOP('', (#6039, #6040, #6041, #6042));
#6044 = FACE_BOUND('', #6043, .T.);
#6045 = ADVANCED_FACE('', (#6044), #4598, .T.);
#6046 = ORIENTED_EDGE('', *, *, #3710, .T.);
#6047 = ORIENTED_EDGE('', *, *, #3711, .T.);
#6048 = ORIENTED_EDGE('', *, *, #3712, .F.);
#6049 = ORIENTED_EDGE('', *, *, #3713, .F.);
#6050 = EDGE_LOOP('', (#6046, #6047, #6048, #6049));
#6051 = FACE_BOUND('', #6050, .T.);
#6052 = ADVANCED_FACE('', (#6051), #4602, .T.);
#6053 = ORIENTED_EDGE('', *, *, #3714, .T.);
#6054 = ORIENTED_EDGE('', *, *, #3715, .T.);
#6055 = ORIENTED_EDGE('', *, *, #3716, .F.);
#6056 = ORIENTED_EDGE('', *, *, #3711, .F.);
#6057 = EDGE_LOOP('', (#6053, #6054, #6055, #6056));
#6058 = FACE_BOUND('', #6057, .T.);
#6059 = ADVANCED_FACE('', (#6058), #4606, .T.);
#6060 = ORIENTED_EDGE('', *, *, #3717, .T.);
#6061 = ORIENTED_EDGE('', *, *, #3718, .T.);
#6062 = ORIENTED_EDGE('', *, *, #3719, .F.);
#6063 = ORIENTED_EDGE('', *, *, #3715, .F.);
#6064 = EDGE_LOOP('', (#6060, #6061, #6062, #6063));
#6065 = FACE_BOUND('', #6064, .T.);
#6066 = ADVANCED_FACE('', (#6065), #4610, .T.);
#6067 = ORIENTED_EDGE('', *, *, #3720, .T.);
#6068 = ORIENTED_EDGE('', *, *, #3713, .T.);
#6069 = ORIENTED_EDGE('', *, *, #3721, .F.);
#6070 = ORIENTED_EDGE('', *, *, #3718, .F.);
#6071 = EDGE_LOOP('', (#6067, #6068, #6069, #6070));
#6072 = FACE_BOUND('', #6071, .T.);
#6073 = ADVANCED_FACE('', (#6072), #4614, .T.);
#6074 = ORIENTED_EDGE('', *, *, #3720, .F.);
#6075 = ORIENTED_EDGE('', *, *, #3717, .F.);
#6076 = ORIENTED_EDGE('', *, *, #3714, .F.);
#6077 = ORIENTED_EDGE('', *, *, #3710, .F.);
#6078 = EDGE_LOOP('', (#6074, #6075, #6076, #6077));
#6079 = FACE_BOUND('', #6078, .T.);
#6080 = ADVANCED_FACE('', (#6079), #4618, .F.);
#6081 = ORIENTED_EDGE('', *, *, #3712, .T.);
#6082 = ORIENTED_EDGE('', *, *, #3716, .T.);
#6083 = ORIENTED_EDGE('', *, *, #3719, .T.);
#6084 = ORIENTED_EDGE('', *, *, #3721, .T.);
#6085 = EDGE_LOOP('', (#6081, #6082, #6083, #6084));
#6086 = FACE_BOUND('', #6085, .T.);
#6087 = ADVANCED_FACE('', (#6086), #4622, .T.);
#6088 = ORIENTED_EDGE('', *, *, #3722, .T.);
#6089 = ORIENTED_EDGE('', *, *, #3723, .T.);
#6090 = ORIENTED_EDGE('', *, *, #3724, .F.);
#6091 = ORIENTED_EDGE('', *, *, #3725, .F.);
#6092 = EDGE_LOOP('', (#6088, #6089, #6090, #6091));
#6093 = FACE_BOUND('', #6092, .T.);
#6094 = ADVANCED_FACE('', (#6093), #4626, .T.);
#6095 = ORIENTED_EDGE('', *, *, #3726, .T.);
#6096 = ORIENTED_EDGE('', *, *, #3727, .T.);
#6097 = ORIENTED_EDGE('', *, *, #3728, .F.);
#6098 = ORIENTED_EDGE('', *, *, #3723, .F.);
#6099 = EDGE_LOOP('', (#6095, #6096, #6097, #6098));
#6100 = FACE_BOUND('', #6099, .T.);
#6101 = ADVANCED_FACE('', (#6100), #4630, .T.);
#6102 = ORIENTED_EDGE('', *, *, #3729, .T.);
#6103 = ORIENTED_EDGE('', *, *, #3730, .T.);
#6104 = ORIENTED_EDGE('', *, *, #3731, .F.);
#6105 = ORIENTED_EDGE('', *, *, #3727, .F.);
#6106 = EDGE_LOOP('', (#6102, #6103, #6104, #6105));
#6107 = FACE_BOUND('', #6106, .T.);
#6108 = ADVANCED_FACE('', (#6107), #4634, .T.);
#6109 = ORIENTED_EDGE('', *, *, #3732, .T.);
#6110 = ORIENTED_EDGE('', *, *, #3725, .T.);
#6111 = ORIENTED_EDGE('', *, *, #3733, .F.);
#6112 = ORIENTED_EDGE('', *, *, #3730, .F.);
#6113 = EDGE_LOOP('', (#6109, #6110, #6111, #6112));
#6114 = FACE_BOUND('', #6113, .T.);
#6115 = ADVANCED_FACE('', (#6114), #4638, .T.);
#6116 = ORIENTED_EDGE('', *, *, #3732, .F.);
#6117 = ORIENTED_EDGE('', *, *, #3729, .F.);
#6118 = ORIENTED_EDGE('', *, *, #3726, .F.);
#6119 = ORIENTED_EDGE('', *, *, #3722, .F.);
#6120 = EDGE_LOOP('', (#6116, #6117, #6118, #6119));
#6121 = FACE_BOUND('', #6120, .T.);
#6122 = ADVANCED_FACE('', (#6121), #4642, .F.);
#6123 = ORIENTED_EDGE('', *, *, #3724, .T.);
#6124 = ORIENTED_EDGE('', *, *, #3728, .T.);
#6125 = ORIENTED_EDGE('', *, *, #3731, .T.);
#6126 = ORIENTED_EDGE('', *, *, #3733, .T.);
#6127 = ORIENTED_EDGE('', *, *, #3742, .F.);
#6128 = ORIENTED_EDGE('', *, *, #3745, .F.);
#6129 = ORIENTED_EDGE('', *, *, #3744, .F.);
#6130 = ORIENTED_EDGE('', *, *, #3743, .F.);
#6131 = EDGE_LOOP('', (#6123, #6124, #6125, #6126));
#6132 = FACE_BOUND('', #6131, .T.);
#6133 = EDGE_LOOP('', (#6127, #6128, #6129, #6130));
#6134 = FACE_BOUND('', #6133, .T.);
#6135 = ADVANCED_FACE('', (#6132, #6134), #4646, .T.);
#6136 = ORIENTED_EDGE('', *, *, #3736, .T.);
#6137 = ORIENTED_EDGE('', *, *, #3742, .T.);
#6138 = ORIENTED_EDGE('', *, *, #3735, .F.);
#6139 = ORIENTED_EDGE('', *, *, #3734, .F.);
#6140 = EDGE_LOOP('', (#6136, #6137, #6138, #6139));
#6141 = FACE_BOUND('', #6140, .T.);
#6142 = ADVANCED_FACE('', (#6141), #4650, .F.);
#6143 = ORIENTED_EDGE('', *, *, #3735, .T.);
#6144 = ORIENTED_EDGE('', *, *, #3743, .T.);
#6145 = ORIENTED_EDGE('', *, *, #3738, .F.);
#6146 = ORIENTED_EDGE('', *, *, #3737, .F.);
#6147 = EDGE_LOOP('', (#6143, #6144, #6145, #6146));
#6148 = FACE_BOUND('', #6147, .T.);
#6149 = ADVANCED_FACE('', (#6148), #4654, .F.);
#6150 = ORIENTED_EDGE('', *, *, #3738, .T.);
#6151 = ORIENTED_EDGE('', *, *, #3744, .T.);
#6152 = ORIENTED_EDGE('', *, *, #3740, .F.);
#6153 = ORIENTED_EDGE('', *, *, #3739, .F.);
#6154 = EDGE_LOOP('', (#6150, #6151, #6152, #6153));
#6155 = FACE_BOUND('', #6154, .T.);
#6156 = ADVANCED_FACE('', (#6155), #4658, .F.);
#6157 = ORIENTED_EDGE('', *, *, #3740, .T.);
#6158 = ORIENTED_EDGE('', *, *, #3745, .T.);
#6159 = ORIENTED_EDGE('', *, *, #3736, .F.);
#6160 = ORIENTED_EDGE('', *, *, #3741, .F.);
#6161 = EDGE_LOOP('', (#6157, #6158, #6159, #6160));
#6162 = FACE_BOUND('', #6161, .T.);
#6163 = ADVANCED_FACE('', (#6162), #4662, .F.);
#6164 = ORIENTED_EDGE('', *, *, #3734, .T.);
#6165 = ORIENTED_EDGE('', *, *, #3737, .T.);
#6166 = ORIENTED_EDGE('', *, *, #3739, .T.);
#6167 = ORIENTED_EDGE('', *, *, #3741, .T.);
#6168 = EDGE_LOOP('', (#6164, #6165, #6166, #6167));
#6169 = FACE_BOUND('', #6168, .T.);
#6170 = ADVANCED_FACE('', (#6169), #4666, .T.);
#6171 = ORIENTED_EDGE('', *, *, #3746, .T.);
#6172 = ORIENTED_EDGE('', *, *, #3748, .F.);
#6173 = EDGE_LOOP('', (#6171));
#6174 = FACE_BOUND('', #6173, .T.);
#6175 = EDGE_LOOP('', (#6172));
#6176 = FACE_BOUND('', #6175, .T.);
#6177 = ADVANCED_FACE('', (#6174, #6176), #4671, .T.);
#6178 = ORIENTED_EDGE('', *, *, #3746, .F.);
#6179 = EDGE_LOOP('', (#6178));
#6180 = FACE_BOUND('', #6179, .T.);
#6181 = ADVANCED_FACE('', (#6180), #4675, .F.);
#6182 = ORIENTED_EDGE('', *, *, #3748, .T.);
#6183 = ORIENTED_EDGE('', *, *, #3749, .F.);
#6184 = EDGE_LOOP('', (#6182));
#6185 = FACE_BOUND('', #6184, .T.);
#6186 = EDGE_LOOP('', (#6183));
#6187 = FACE_BOUND('', #6186, .T.);
#6188 = ADVANCED_FACE('', (#6185, #6187), #4679, .T.);
#6189 = ORIENTED_EDGE('', *, *, #3749, .T.);
#6190 = ORIENTED_EDGE('', *, *, #3750, .F.);
#6191 = EDGE_LOOP('', (#6189));
#6192 = FACE_BOUND('', #6191, .T.);
#6193 = EDGE_LOOP('', (#6190));
#6194 = FACE_BOUND('', #6193, .T.);
#6195 = ADVANCED_FACE('', (#6192, #6194), #4684, .T.);
#6196 = ORIENTED_EDGE('', *, *, #3752, .F.);
#6197 = EDGE_LOOP('', (#6196));
#6198 = FACE_BOUND('', #6197, .T.);
#6199 = ADVANCED_FACE('', (#6198), #4688, .T.);
#6200 = ORIENTED_EDGE('', *, *, #3750, .T.);
#6201 = ORIENTED_EDGE('', *, *, #3752, .T.);
#6202 = EDGE_LOOP('', (#6200));
#6203 = FACE_BOUND('', #6202, .T.);
#6204 = EDGE_LOOP('', (#6201));
#6205 = FACE_BOUND('', #6204, .T.);
#6206 = ADVANCED_FACE('', (#6203, #6205), #4693, .T.);
#6207 = ORIENTED_EDGE('', *, *, #3754, .T.);
#6208 = ORIENTED_EDGE('', *, *, #3756, .F.);
#6209 = EDGE_LOOP('', (#6207));
#6210 = FACE_BOUND('', #6209, .T.);
#6211 = EDGE_LOOP('', (#6208));
#6212 = FACE_BOUND('', #6211, .T.);
#6213 = ADVANCED_FACE('', (#6210, #6212), #4698, .T.);
#6214 = ORIENTED_EDGE('', *, *, #3754, .F.);
#6215 = EDGE_LOOP('', (#6214));
#6216 = FACE_BOUND('', #6215, .T.);
#6217 = ADVANCED_FACE('', (#6216), #4702, .F.);
#6218 = ORIENTED_EDGE('', *, *, #3756, .T.);
#6219 = EDGE_LOOP('', (#6218));
#6220 = FACE_BOUND('', #6219, .T.);
#6221 = ADVANCED_FACE('', (#6220), #4706, .T.);
#6222 = ORIENTED_EDGE('', *, *, #3776, .F.);
#6223 = ORIENTED_EDGE('', *, *, #3769, .F.);
#6224 = ORIENTED_EDGE('', *, *, #3764, .F.);
#6225 = ORIENTED_EDGE('', *, *, #3761, .F.);
#6226 = ORIENTED_EDGE('', *, *, #3760, .T.);
#6227 = ORIENTED_EDGE('', *, *, #3768, .F.);
#6228 = ORIENTED_EDGE('', *, *, #3757, .F.);
#6229 = EDGE_LOOP('', (#6222, #6223, #6224, #6225, #6226, #6227, #6228));
#6230 = FACE_BOUND('', #6229, .T.);
#6231 = ADVANCED_FACE('', (#6230), #4715, .F.);
#6232 = ORIENTED_EDGE('', *, *, #3759, .T.);
#6233 = ORIENTED_EDGE('', *, *, #3770, .T.);
#6234 = ORIENTED_EDGE('', *, *, #3762, .F.);
#6235 = ORIENTED_EDGE('', *, *, #3763, .T.);
#6236 = ORIENTED_EDGE('', *, *, #3765, .T.);
#6237 = ORIENTED_EDGE('', *, *, #3771, .T.);
#6238 = ORIENTED_EDGE('', *, *, #3775, .T.);
#6239 = EDGE_LOOP('', (#6232, #6233, #6234, #6235, #6236, #6237, #6238));
#6240 = FACE_BOUND('', #6239, .T.);
#6241 = ADVANCED_FACE('', (#6240), #4719, .T.);
#6242 = ORIENTED_EDGE('', *, *, #3774, .F.);
#6243 = ORIENTED_EDGE('', *, *, #3765, .F.);
#6244 = ORIENTED_EDGE('', *, *, #3763, .F.);
#6245 = ORIENTED_EDGE('', *, *, #3766, .F.);
#6246 = ORIENTED_EDGE('', *, *, #3761, .T.);
#6247 = ORIENTED_EDGE('', *, *, #3764, .T.);
#6248 = EDGE_LOOP('', (#6242, #6243, #6244, #6245, #6246, #6247));
#6249 = FACE_BOUND('', #6248, .T.);
#6250 = ADVANCED_FACE('', (#6249), #4724, .F.);
#6251 = ORIENTED_EDGE('', *, *, #3773, .T.);
#6252 = ORIENTED_EDGE('', *, *, #3760, .F.);
#6253 = ORIENTED_EDGE('', *, *, #3766, .T.);
#6254 = ORIENTED_EDGE('', *, *, #3762, .T.);
#6255 = EDGE_LOOP('', (#6251, #6252, #6253, #6254));
#6256 = FACE_BOUND('', #6255, .T.);
#6257 = ADVANCED_FACE('', (#6256), #4724, .F.);
#6258 = ORIENTED_EDGE('', *, *, #3776, .T.);
#6259 = ORIENTED_EDGE('', *, *, #3758, .T.);
#6260 = ORIENTED_EDGE('', *, *, #3775, .F.);
#6261 = ORIENTED_EDGE('', *, *, #3772, .T.);
#6262 = EDGE_LOOP('', (#6258, #6259, #6260, #6261));
#6263 = FACE_BOUND('', #6262, .T.);
#6264 = ADVANCED_FACE('', (#6263), #4711, .T.);
#6265 = ORIENTED_EDGE('', *, *, #3767, .T.);
#6266 = ORIENTED_EDGE('', *, *, #3768, .T.);
#6267 = ORIENTED_EDGE('', *, *, #3773, .F.);
#6268 = ORIENTED_EDGE('', *, *, #3770, .F.);
#6269 = EDGE_LOOP('', (#6265, #6266, #6267, #6268));
#6270 = FACE_BOUND('', #6269, .T.);
#6271 = ADVANCED_FACE('', (#6270), #4728, .T.);
#6272 = ORIENTED_EDGE('', *, *, #3769, .T.);
#6273 = ORIENTED_EDGE('', *, *, #3772, .F.);
#6274 = ORIENTED_EDGE('', *, *, #3771, .F.);
#6275 = ORIENTED_EDGE('', *, *, #3774, .T.);
#6276 = EDGE_LOOP('', (#6272, #6273, #6274, #6275));
#6277 = FACE_BOUND('', #6276, .T.);
#6278 = ADVANCED_FACE('', (#6277), #4728, .T.);
#6279 = ORIENTED_EDGE('', *, *, #3759, .F.);
#6280 = ORIENTED_EDGE('', *, *, #3758, .F.);
#6281 = ORIENTED_EDGE('', *, *, #3757, .T.);
#6282 = ORIENTED_EDGE('', *, *, #3767, .F.);
#6283 = EDGE_LOOP('', (#6279, #6280, #6281, #6282));
#6284 = FACE_BOUND('', #6283, .T.);
#6285 = ADVANCED_FACE('', (#6284), #4711, .T.);
#6286 = ORIENTED_EDGE('', *, *, #3796, .F.);
#6287 = ORIENTED_EDGE('', *, *, #3789, .F.);
#6288 = ORIENTED_EDGE('', *, *, #3784, .F.);
#6289 = ORIENTED_EDGE('', *, *, #3781, .F.);
#6290 = ORIENTED_EDGE('', *, *, #3780, .T.);
#6291 = ORIENTED_EDGE('', *, *, #3788, .F.);
#6292 = ORIENTED_EDGE('', *, *, #3777, .F.);
#6293 = EDGE_LOOP('', (#6286, #6287, #6288, #6289, #6290, #6291, #6292));
#6294 = FACE_BOUND('', #6293, .T.);
#6295 = ADVANCED_FACE('', (#6294), #4737, .F.);
#6296 = ORIENTED_EDGE('', *, *, #3779, .T.);
#6297 = ORIENTED_EDGE('', *, *, #3790, .T.);
#6298 = ORIENTED_EDGE('', *, *, #3782, .F.);
#6299 = ORIENTED_EDGE('', *, *, #3783, .T.);
#6300 = ORIENTED_EDGE('', *, *, #3785, .T.);
#6301 = ORIENTED_EDGE('', *, *, #3791, .T.);
#6302 = ORIENTED_EDGE('', *, *, #3795, .T.);
#6303 = EDGE_LOOP('', (#6296, #6297, #6298, #6299, #6300, #6301, #6302));
#6304 = FACE_BOUND('', #6303, .T.);
#6305 = ADVANCED_FACE('', (#6304), #4741, .T.);
#6306 = ORIENTED_EDGE('', *, *, #3794, .F.);
#6307 = ORIENTED_EDGE('', *, *, #3785, .F.);
#6308 = ORIENTED_EDGE('', *, *, #3783, .F.);
#6309 = ORIENTED_EDGE('', *, *, #3786, .F.);
#6310 = ORIENTED_EDGE('', *, *, #3781, .T.);
#6311 = ORIENTED_EDGE('', *, *, #3784, .T.);
#6312 = EDGE_LOOP('', (#6306, #6307, #6308, #6309, #6310, #6311));
#6313 = FACE_BOUND('', #6312, .T.);
#6314 = ADVANCED_FACE('', (#6313), #4746, .F.);
#6315 = ORIENTED_EDGE('', *, *, #3793, .T.);
#6316 = ORIENTED_EDGE('', *, *, #3780, .F.);
#6317 = ORIENTED_EDGE('', *, *, #3786, .T.);
#6318 = ORIENTED_EDGE('', *, *, #3782, .T.);
#6319 = EDGE_LOOP('', (#6315, #6316, #6317, #6318));
#6320 = FACE_BOUND('', #6319, .T.);
#6321 = ADVANCED_FACE('', (#6320), #4746, .F.);
#6322 = ORIENTED_EDGE('', *, *, #3796, .T.);
#6323 = ORIENTED_EDGE('', *, *, #3778, .T.);
#6324 = ORIENTED_EDGE('', *, *, #3795, .F.);
#6325 = ORIENTED_EDGE('', *, *, #3792, .T.);
#6326 = EDGE_LOOP('', (#6322, #6323, #6324, #6325));
#6327 = FACE_BOUND('', #6326, .T.);
#6328 = ADVANCED_FACE('', (#6327), #4733, .T.);
#6329 = ORIENTED_EDGE('', *, *, #3787, .T.);
#6330 = ORIENTED_EDGE('', *, *, #3788, .T.);
#6331 = ORIENTED_EDGE('', *, *, #3793, .F.);
#6332 = ORIENTED_EDGE('', *, *, #3790, .F.);
#6333 = EDGE_LOOP('', (#6329, #6330, #6331, #6332));
#6334 = FACE_BOUND('', #6333, .T.);
#6335 = ADVANCED_FACE('', (#6334), #4750, .T.);
#6336 = ORIENTED_EDGE('', *, *, #3789, .T.);
#6337 = ORIENTED_EDGE('', *, *, #3792, .F.);
#6338 = ORIENTED_EDGE('', *, *, #3791, .F.);
#6339 = ORIENTED_EDGE('', *, *, #3794, .T.);
#6340 = EDGE_LOOP('', (#6336, #6337, #6338, #6339));
#6341 = FACE_BOUND('', #6340, .T.);
#6342 = ADVANCED_FACE('', (#6341), #4750, .T.);
#6343 = ORIENTED_EDGE('', *, *, #3779, .F.);
#6344 = ORIENTED_EDGE('', *, *, #3778, .F.);
#6345 = ORIENTED_EDGE('', *, *, #3777, .T.);
#6346 = ORIENTED_EDGE('', *, *, #3787, .F.);
#6347 = EDGE_LOOP('', (#6343, #6344, #6345, #6346));
#6348 = FACE_BOUND('', #6347, .T.);
#6349 = ADVANCED_FACE('', (#6348), #4733, .T.);
#6350 = ORIENTED_EDGE('', *, *, #3816, .F.);
#6351 = ORIENTED_EDGE('', *, *, #3809, .F.);
#6352 = ORIENTED_EDGE('', *, *, #3804, .F.);
#6353 = ORIENTED_EDGE('', *, *, #3801, .F.);
#6354 = ORIENTED_EDGE('', *, *, #3800, .T.);
#6355 = ORIENTED_EDGE('', *, *, #3808, .F.);
#6356 = ORIENTED_EDGE('', *, *, #3797, .F.);
#6357 = EDGE_LOOP('', (#6350, #6351, #6352, #6353, #6354, #6355, #6356));
#6358 = FACE_BOUND('', #6357, .T.);
#6359 = ADVANCED_FACE('', (#6358), #4759, .F.);
#6360 = ORIENTED_EDGE('', *, *, #3799, .T.);
#6361 = ORIENTED_EDGE('', *, *, #3810, .T.);
#6362 = ORIENTED_EDGE('', *, *, #3802, .F.);
#6363 = ORIENTED_EDGE('', *, *, #3803, .T.);
#6364 = ORIENTED_EDGE('', *, *, #3805, .T.);
#6365 = ORIENTED_EDGE('', *, *, #3811, .T.);
#6366 = ORIENTED_EDGE('', *, *, #3815, .T.);
#6367 = EDGE_LOOP('', (#6360, #6361, #6362, #6363, #6364, #6365, #6366));
#6368 = FACE_BOUND('', #6367, .T.);
#6369 = ADVANCED_FACE('', (#6368), #4763, .T.);
#6370 = ORIENTED_EDGE('', *, *, #3814, .F.);
#6371 = ORIENTED_EDGE('', *, *, #3805, .F.);
#6372 = ORIENTED_EDGE('', *, *, #3803, .F.);
#6373 = ORIENTED_EDGE('', *, *, #3806, .F.);
#6374 = ORIENTED_EDGE('', *, *, #3801, .T.);
#6375 = ORIENTED_EDGE('', *, *, #3804, .T.);
#6376 = EDGE_LOOP('', (#6370, #6371, #6372, #6373, #6374, #6375));
#6377 = FACE_BOUND('', #6376, .T.);
#6378 = ADVANCED_FACE('', (#6377), #4768, .F.);
#6379 = ORIENTED_EDGE('', *, *, #3813, .T.);
#6380 = ORIENTED_EDGE('', *, *, #3800, .F.);
#6381 = ORIENTED_EDGE('', *, *, #3806, .T.);
#6382 = ORIENTED_EDGE('', *, *, #3802, .T.);
#6383 = EDGE_LOOP('', (#6379, #6380, #6381, #6382));
#6384 = FACE_BOUND('', #6383, .T.);
#6385 = ADVANCED_FACE('', (#6384), #4768, .F.);
#6386 = ORIENTED_EDGE('', *, *, #3816, .T.);
#6387 = ORIENTED_EDGE('', *, *, #3798, .T.);
#6388 = ORIENTED_EDGE('', *, *, #3815, .F.);
#6389 = ORIENTED_EDGE('', *, *, #3812, .T.);
#6390 = EDGE_LOOP('', (#6386, #6387, #6388, #6389));
#6391 = FACE_BOUND('', #6390, .T.);
#6392 = ADVANCED_FACE('', (#6391), #4755, .T.);
#6393 = ORIENTED_EDGE('', *, *, #3807, .T.);
#6394 = ORIENTED_EDGE('', *, *, #3808, .T.);
#6395 = ORIENTED_EDGE('', *, *, #3813, .F.);
#6396 = ORIENTED_EDGE('', *, *, #3810, .F.);
#6397 = EDGE_LOOP('', (#6393, #6394, #6395, #6396));
#6398 = FACE_BOUND('', #6397, .T.);
#6399 = ADVANCED_FACE('', (#6398), #4772, .T.);
#6400 = ORIENTED_EDGE('', *, *, #3809, .T.);
#6401 = ORIENTED_EDGE('', *, *, #3812, .F.);
#6402 = ORIENTED_EDGE('', *, *, #3811, .F.);
#6403 = ORIENTED_EDGE('', *, *, #3814, .T.);
#6404 = EDGE_LOOP('', (#6400, #6401, #6402, #6403));
#6405 = FACE_BOUND('', #6404, .T.);
#6406 = ADVANCED_FACE('', (#6405), #4772, .T.);
#6407 = ORIENTED_EDGE('', *, *, #3799, .F.);
#6408 = ORIENTED_EDGE('', *, *, #3798, .F.);
#6409 = ORIENTED_EDGE('', *, *, #3797, .T.);
#6410 = ORIENTED_EDGE('', *, *, #3807, .F.);
#6411 = EDGE_LOOP('', (#6407, #6408, #6409, #6410));
#6412 = FACE_BOUND('', #6411, .T.);
#6413 = ADVANCED_FACE('', (#6412), #4755, .T.);
#6414 = ORIENTED_EDGE('', *, *, #3836, .F.);
#6415 = ORIENTED_EDGE('', *, *, #3829, .F.);
#6416 = ORIENTED_EDGE('', *, *, #3824, .F.);
#6417 = ORIENTED_EDGE('', *, *, #3821, .F.);
#6418 = ORIENTED_EDGE('', *, *, #3820, .T.);
#6419 = ORIENTED_EDGE('', *, *, #3828, .F.);
#6420 = ORIENTED_EDGE('', *, *, #3817, .F.);
#6421 = EDGE_LOOP('', (#6414, #6415, #6416, #6417, #6418, #6419, #6420));
#6422 = FACE_BOUND('', #6421, .T.);
#6423 = ADVANCED_FACE('', (#6422), #4781, .F.);
#6424 = ORIENTED_EDGE('', *, *, #3819, .T.);
#6425 = ORIENTED_EDGE('', *, *, #3830, .T.);
#6426 = ORIENTED_EDGE('', *, *, #3822, .F.);
#6427 = ORIENTED_EDGE('', *, *, #3823, .T.);
#6428 = ORIENTED_EDGE('', *, *, #3825, .T.);
#6429 = ORIENTED_EDGE('', *, *, #3831, .T.);
#6430 = ORIENTED_EDGE('', *, *, #3835, .T.);
#6431 = EDGE_LOOP('', (#6424, #6425, #6426, #6427, #6428, #6429, #6430));
#6432 = FACE_BOUND('', #6431, .T.);
#6433 = ADVANCED_FACE('', (#6432), #4785, .T.);
#6434 = ORIENTED_EDGE('', *, *, #3834, .F.);
#6435 = ORIENTED_EDGE('', *, *, #3825, .F.);
#6436 = ORIENTED_EDGE('', *, *, #3823, .F.);
#6437 = ORIENTED_EDGE('', *, *, #3826, .F.);
#6438 = ORIENTED_EDGE('', *, *, #3821, .T.);
#6439 = ORIENTED_EDGE('', *, *, #3824, .T.);
#6440 = EDGE_LOOP('', (#6434, #6435, #6436, #6437, #6438, #6439));
#6441 = FACE_BOUND('', #6440, .T.);
#6442 = ADVANCED_FACE('', (#6441), #4790, .F.);
#6443 = ORIENTED_EDGE('', *, *, #3833, .T.);
#6444 = ORIENTED_EDGE('', *, *, #3820, .F.);
#6445 = ORIENTED_EDGE('', *, *, #3826, .T.);
#6446 = ORIENTED_EDGE('', *, *, #3822, .T.);
#6447 = EDGE_LOOP('', (#6443, #6444, #6445, #6446));
#6448 = FACE_BOUND('', #6447, .T.);
#6449 = ADVANCED_FACE('', (#6448), #4790, .F.);
#6450 = ORIENTED_EDGE('', *, *, #3836, .T.);
#6451 = ORIENTED_EDGE('', *, *, #3818, .T.);
#6452 = ORIENTED_EDGE('', *, *, #3835, .F.);
#6453 = ORIENTED_EDGE('', *, *, #3832, .T.);
#6454 = EDGE_LOOP('', (#6450, #6451, #6452, #6453));
#6455 = FACE_BOUND('', #6454, .T.);
#6456 = ADVANCED_FACE('', (#6455), #4777, .T.);
#6457 = ORIENTED_EDGE('', *, *, #3827, .T.);
#6458 = ORIENTED_EDGE('', *, *, #3828, .T.);
#6459 = ORIENTED_EDGE('', *, *, #3833, .F.);
#6460 = ORIENTED_EDGE('', *, *, #3830, .F.);
#6461 = EDGE_LOOP('', (#6457, #6458, #6459, #6460));
#6462 = FACE_BOUND('', #6461, .T.);
#6463 = ADVANCED_FACE('', (#6462), #4794, .T.);
#6464 = ORIENTED_EDGE('', *, *, #3829, .T.);
#6465 = ORIENTED_EDGE('', *, *, #3832, .F.);
#6466 = ORIENTED_EDGE('', *, *, #3831, .F.);
#6467 = ORIENTED_EDGE('', *, *, #3834, .T.);
#6468 = EDGE_LOOP('', (#6464, #6465, #6466, #6467));
#6469 = FACE_BOUND('', #6468, .T.);
#6470 = ADVANCED_FACE('', (#6469), #4794, .T.);
#6471 = ORIENTED_EDGE('', *, *, #3819, .F.);
#6472 = ORIENTED_EDGE('', *, *, #3818, .F.);
#6473 = ORIENTED_EDGE('', *, *, #3817, .T.);
#6474 = ORIENTED_EDGE('', *, *, #3827, .F.);
#6475 = EDGE_LOOP('', (#6471, #6472, #6473, #6474));
#6476 = FACE_BOUND('', #6475, .T.);
#6477 = ADVANCED_FACE('', (#6476), #4777, .T.);
#6478 = ORIENTED_EDGE('', *, *, #3856, .F.);
#6479 = ORIENTED_EDGE('', *, *, #3849, .F.);
#6480 = ORIENTED_EDGE('', *, *, #3844, .F.);
#6481 = ORIENTED_EDGE('', *, *, #3841, .F.);
#6482 = ORIENTED_EDGE('', *, *, #3840, .T.);
#6483 = ORIENTED_EDGE('', *, *, #3848, .F.);
#6484 = ORIENTED_EDGE('', *, *, #3837, .F.);
#6485 = EDGE_LOOP('', (#6478, #6479, #6480, #6481, #6482, #6483, #6484));
#6486 = FACE_BOUND('', #6485, .T.);
#6487 = ADVANCED_FACE('', (#6486), #4803, .F.);
#6488 = ORIENTED_EDGE('', *, *, #3839, .T.);
#6489 = ORIENTED_EDGE('', *, *, #3850, .T.);
#6490 = ORIENTED_EDGE('', *, *, #3842, .F.);
#6491 = ORIENTED_EDGE('', *, *, #3843, .T.);
#6492 = ORIENTED_EDGE('', *, *, #3845, .T.);
#6493 = ORIENTED_EDGE('', *, *, #3851, .T.);
#6494 = ORIENTED_EDGE('', *, *, #3855, .T.);
#6495 = EDGE_LOOP('', (#6488, #6489, #6490, #6491, #6492, #6493, #6494));
#6496 = FACE_BOUND('', #6495, .T.);
#6497 = ADVANCED_FACE('', (#6496), #4807, .T.);
#6498 = ORIENTED_EDGE('', *, *, #3854, .F.);
#6499 = ORIENTED_EDGE('', *, *, #3845, .F.);
#6500 = ORIENTED_EDGE('', *, *, #3843, .F.);
#6501 = ORIENTED_EDGE('', *, *, #3846, .F.);
#6502 = ORIENTED_EDGE('', *, *, #3841, .T.);
#6503 = ORIENTED_EDGE('', *, *, #3844, .T.);
#6504 = EDGE_LOOP('', (#6498, #6499, #6500, #6501, #6502, #6503));
#6505 = FACE_BOUND('', #6504, .T.);
#6506 = ADVANCED_FACE('', (#6505), #4812, .F.);
#6507 = ORIENTED_EDGE('', *, *, #3853, .T.);
#6508 = ORIENTED_EDGE('', *, *, #3840, .F.);
#6509 = ORIENTED_EDGE('', *, *, #3846, .T.);
#6510 = ORIENTED_EDGE('', *, *, #3842, .T.);
#6511 = EDGE_LOOP('', (#6507, #6508, #6509, #6510));
#6512 = FACE_BOUND('', #6511, .T.);
#6513 = ADVANCED_FACE('', (#6512), #4812, .F.);
#6514 = ORIENTED_EDGE('', *, *, #3856, .T.);
#6515 = ORIENTED_EDGE('', *, *, #3838, .T.);
#6516 = ORIENTED_EDGE('', *, *, #3855, .F.);
#6517 = ORIENTED_EDGE('', *, *, #3852, .T.);
#6518 = EDGE_LOOP('', (#6514, #6515, #6516, #6517));
#6519 = FACE_BOUND('', #6518, .T.);
#6520 = ADVANCED_FACE('', (#6519), #4799, .T.);
#6521 = ORIENTED_EDGE('', *, *, #3847, .T.);
#6522 = ORIENTED_EDGE('', *, *, #3848, .T.);
#6523 = ORIENTED_EDGE('', *, *, #3853, .F.);
#6524 = ORIENTED_EDGE('', *, *, #3850, .F.);
#6525 = EDGE_LOOP('', (#6521, #6522, #6523, #6524));
#6526 = FACE_BOUND('', #6525, .T.);
#6527 = ADVANCED_FACE('', (#6526), #4816, .T.);
#6528 = ORIENTED_EDGE('', *, *, #3849, .T.);
#6529 = ORIENTED_EDGE('', *, *, #3852, .F.);
#6530 = ORIENTED_EDGE('', *, *, #3851, .F.);
#6531 = ORIENTED_EDGE('', *, *, #3854, .T.);
#6532 = EDGE_LOOP('', (#6528, #6529, #6530, #6531));
#6533 = FACE_BOUND('', #6532, .T.);
#6534 = ADVANCED_FACE('', (#6533), #4816, .T.);
#6535 = ORIENTED_EDGE('', *, *, #3839, .F.);
#6536 = ORIENTED_EDGE('', *, *, #3838, .F.);
#6537 = ORIENTED_EDGE('', *, *, #3837, .T.);
#6538 = ORIENTED_EDGE('', *, *, #3847, .F.);
#6539 = EDGE_LOOP('', (#6535, #6536, #6537, #6538));
#6540 = FACE_BOUND('', #6539, .T.);
#6541 = ADVANCED_FACE('', (#6540), #4799, .T.);
#6542 = ORIENTED_EDGE('', *, *, #3857, .T.);
#6543 = ORIENTED_EDGE('', *, *, #3858, .T.);
#6544 = ORIENTED_EDGE('', *, *, #3859, .F.);
#6545 = ORIENTED_EDGE('', *, *, #3860, .F.);
#6546 = EDGE_LOOP('', (#6542, #6543, #6544, #6545));
#6547 = FACE_BOUND('', #6546, .T.);
#6548 = ADVANCED_FACE('', (#6547), #4820, .T.);
#6549 = ORIENTED_EDGE('', *, *, #3861, .T.);
#6550 = ORIENTED_EDGE('', *, *, #3862, .T.);
#6551 = ORIENTED_EDGE('', *, *, #3863, .F.);
#6552 = ORIENTED_EDGE('', *, *, #3858, .F.);
#6553 = EDGE_LOOP('', (#6549, #6550, #6551, #6552));
#6554 = FACE_BOUND('', #6553, .T.);
#6555 = ADVANCED_FACE('', (#6554), #4824, .T.);
#6556 = ORIENTED_EDGE('', *, *, #3864, .T.);
#6557 = ORIENTED_EDGE('', *, *, #3865, .T.);
#6558 = ORIENTED_EDGE('', *, *, #3866, .F.);
#6559 = ORIENTED_EDGE('', *, *, #3862, .F.);
#6560 = EDGE_LOOP('', (#6556, #6557, #6558, #6559));
#6561 = FACE_BOUND('', #6560, .T.);
#6562 = ADVANCED_FACE('', (#6561), #4828, .T.);
#6563 = ORIENTED_EDGE('', *, *, #3867, .T.);
#6564 = ORIENTED_EDGE('', *, *, #3860, .T.);
#6565 = ORIENTED_EDGE('', *, *, #3868, .F.);
#6566 = ORIENTED_EDGE('', *, *, #3865, .F.);
#6567 = EDGE_LOOP('', (#6563, #6564, #6565, #6566));
#6568 = FACE_BOUND('', #6567, .T.);
#6569 = ADVANCED_FACE('', (#6568), #4832, .T.);
#6570 = ORIENTED_EDGE('', *, *, #3867, .F.);
#6571 = ORIENTED_EDGE('', *, *, #3864, .F.);
#6572 = ORIENTED_EDGE('', *, *, #3861, .F.);
#6573 = ORIENTED_EDGE('', *, *, #3857, .F.);
#6574 = EDGE_LOOP('', (#6570, #6571, #6572, #6573));
#6575 = FACE_BOUND('', #6574, .T.);
#6576 = ADVANCED_FACE('', (#6575), #4836, .F.);
#6577 = ORIENTED_EDGE('', *, *, #3859, .T.);
#6578 = ORIENTED_EDGE('', *, *, #3863, .T.);
#6579 = ORIENTED_EDGE('', *, *, #3866, .T.);
#6580 = ORIENTED_EDGE('', *, *, #3868, .T.);
#6581 = EDGE_LOOP('', (#6577, #6578, #6579, #6580));
#6582 = FACE_BOUND('', #6581, .T.);
#6583 = ADVANCED_FACE('', (#6582), #4840, .T.);
#6584 = ORIENTED_EDGE('', *, *, #3869, .T.);
#6585 = ORIENTED_EDGE('', *, *, #3870, .T.);
#6586 = ORIENTED_EDGE('', *, *, #3871, .F.);
#6587 = ORIENTED_EDGE('', *, *, #3872, .F.);
#6588 = EDGE_LOOP('', (#6584, #6585, #6586, #6587));
#6589 = FACE_BOUND('', #6588, .T.);
#6590 = ADVANCED_FACE('', (#6589), #4844, .T.);
#6591 = ORIENTED_EDGE('', *, *, #3873, .T.);
#6592 = ORIENTED_EDGE('', *, *, #3874, .T.);
#6593 = ORIENTED_EDGE('', *, *, #3875, .F.);
#6594 = ORIENTED_EDGE('', *, *, #3870, .F.);
#6595 = EDGE_LOOP('', (#6591, #6592, #6593, #6594));
#6596 = FACE_BOUND('', #6595, .T.);
#6597 = ADVANCED_FACE('', (#6596), #4848, .T.);
#6598 = ORIENTED_EDGE('', *, *, #3876, .T.);
#6599 = ORIENTED_EDGE('', *, *, #3877, .T.);
#6600 = ORIENTED_EDGE('', *, *, #3878, .F.);
#6601 = ORIENTED_EDGE('', *, *, #3874, .F.);
#6602 = EDGE_LOOP('', (#6598, #6599, #6600, #6601));
#6603 = FACE_BOUND('', #6602, .T.);
#6604 = ADVANCED_FACE('', (#6603), #4852, .T.);
#6605 = ORIENTED_EDGE('', *, *, #3879, .T.);
#6606 = ORIENTED_EDGE('', *, *, #3872, .T.);
#6607 = ORIENTED_EDGE('', *, *, #3880, .F.);
#6608 = ORIENTED_EDGE('', *, *, #3877, .F.);
#6609 = EDGE_LOOP('', (#6605, #6606, #6607, #6608));
#6610 = FACE_BOUND('', #6609, .T.);
#6611 = ADVANCED_FACE('', (#6610), #4856, .T.);
#6612 = ORIENTED_EDGE('', *, *, #3879, .F.);
#6613 = ORIENTED_EDGE('', *, *, #3876, .F.);
#6614 = ORIENTED_EDGE('', *, *, #3873, .F.);
#6615 = ORIENTED_EDGE('', *, *, #3869, .F.);
#6616 = EDGE_LOOP('', (#6612, #6613, #6614, #6615));
#6617 = FACE_BOUND('', #6616, .T.);
#6618 = ADVANCED_FACE('', (#6617), #4860, .F.);
#6619 = ORIENTED_EDGE('', *, *, #3871, .T.);
#6620 = ORIENTED_EDGE('', *, *, #3875, .T.);
#6621 = ORIENTED_EDGE('', *, *, #3878, .T.);
#6622 = ORIENTED_EDGE('', *, *, #3880, .T.);
#6623 = EDGE_LOOP('', (#6619, #6620, #6621, #6622));
#6624 = FACE_BOUND('', #6623, .T.);
#6625 = ADVANCED_FACE('', (#6624), #4864, .T.);
#6626 = ORIENTED_EDGE('', *, *, #3881, .T.);
#6627 = ORIENTED_EDGE('', *, *, #3882, .T.);
#6628 = ORIENTED_EDGE('', *, *, #3883, .F.);
#6629 = ORIENTED_EDGE('', *, *, #3884, .F.);
#6630 = EDGE_LOOP('', (#6626, #6627, #6628, #6629));
#6631 = FACE_BOUND('', #6630, .T.);
#6632 = ADVANCED_FACE('', (#6631), #4868, .T.);
#6633 = ORIENTED_EDGE('', *, *, #3885, .T.);
#6634 = ORIENTED_EDGE('', *, *, #3886, .T.);
#6635 = ORIENTED_EDGE('', *, *, #3887, .F.);
#6636 = ORIENTED_EDGE('', *, *, #3882, .F.);
#6637 = EDGE_LOOP('', (#6633, #6634, #6635, #6636));
#6638 = FACE_BOUND('', #6637, .T.);
#6639 = ADVANCED_FACE('', (#6638), #4872, .T.);
#6640 = ORIENTED_EDGE('', *, *, #3888, .T.);
#6641 = ORIENTED_EDGE('', *, *, #3889, .T.);
#6642 = ORIENTED_EDGE('', *, *, #3890, .F.);
#6643 = ORIENTED_EDGE('', *, *, #3886, .F.);
#6644 = EDGE_LOOP('', (#6640, #6641, #6642, #6643));
#6645 = FACE_BOUND('', #6644, .T.);
#6646 = ADVANCED_FACE('', (#6645), #4876, .T.);
#6647 = ORIENTED_EDGE('', *, *, #3891, .T.);
#6648 = ORIENTED_EDGE('', *, *, #3884, .T.);
#6649 = ORIENTED_EDGE('', *, *, #3892, .F.);
#6650 = ORIENTED_EDGE('', *, *, #3889, .F.);
#6651 = EDGE_LOOP('', (#6647, #6648, #6649, #6650));
#6652 = FACE_BOUND('', #6651, .T.);
#6653 = ADVANCED_FACE('', (#6652), #4880, .T.);
#6654 = ORIENTED_EDGE('', *, *, #3891, .F.);
#6655 = ORIENTED_EDGE('', *, *, #3888, .F.);
#6656 = ORIENTED_EDGE('', *, *, #3885, .F.);
#6657 = ORIENTED_EDGE('', *, *, #3881, .F.);
#6658 = EDGE_LOOP('', (#6654, #6655, #6656, #6657));
#6659 = FACE_BOUND('', #6658, .T.);
#6660 = ADVANCED_FACE('', (#6659), #4884, .F.);
#6661 = ORIENTED_EDGE('', *, *, #3883, .T.);
#6662 = ORIENTED_EDGE('', *, *, #3887, .T.);
#6663 = ORIENTED_EDGE('', *, *, #3890, .T.);
#6664 = ORIENTED_EDGE('', *, *, #3892, .T.);
#6665 = EDGE_LOOP('', (#6661, #6662, #6663, #6664));
#6666 = FACE_BOUND('', #6665, .T.);
#6667 = ADVANCED_FACE('', (#6666), #4888, .T.);
#6668 = ORIENTED_EDGE('', *, *, #3893, .T.);
#6669 = ORIENTED_EDGE('', *, *, #3894, .T.);
#6670 = ORIENTED_EDGE('', *, *, #3895, .F.);
#6671 = ORIENTED_EDGE('', *, *, #3896, .F.);
#6672 = EDGE_LOOP('', (#6668, #6669, #6670, #6671));
#6673 = FACE_BOUND('', #6672, .T.);
#6674 = ADVANCED_FACE('', (#6673), #4892, .T.);
#6675 = ORIENTED_EDGE('', *, *, #3897, .T.);
#6676 = ORIENTED_EDGE('', *, *, #3898, .T.);
#6677 = ORIENTED_EDGE('', *, *, #3899, .F.);
#6678 = ORIENTED_EDGE('', *, *, #3894, .F.);
#6679 = EDGE_LOOP('', (#6675, #6676, #6677, #6678));
#6680 = FACE_BOUND('', #6679, .T.);
#6681 = ADVANCED_FACE('', (#6680), #4896, .T.);
#6682 = ORIENTED_EDGE('', *, *, #3900, .T.);
#6683 = ORIENTED_EDGE('', *, *, #3901, .T.);
#6684 = ORIENTED_EDGE('', *, *, #3902, .F.);
#6685 = ORIENTED_EDGE('', *, *, #3898, .F.);
#6686 = EDGE_LOOP('', (#6682, #6683, #6684, #6685));
#6687 = FACE_BOUND('', #6686, .T.);
#6688 = ADVANCED_FACE('', (#6687), #4900, .T.);
#6689 = ORIENTED_EDGE('', *, *, #3903, .T.);
#6690 = ORIENTED_EDGE('', *, *, #3896, .T.);
#6691 = ORIENTED_EDGE('', *, *, #3904, .F.);
#6692 = ORIENTED_EDGE('', *, *, #3901, .F.);
#6693 = EDGE_LOOP('', (#6689, #6690, #6691, #6692));
#6694 = FACE_BOUND('', #6693, .T.);
#6695 = ADVANCED_FACE('', (#6694), #4904, .T.);
#6696 = ORIENTED_EDGE('', *, *, #3903, .F.);
#6697 = ORIENTED_EDGE('', *, *, #3900, .F.);
#6698 = ORIENTED_EDGE('', *, *, #3897, .F.);
#6699 = ORIENTED_EDGE('', *, *, #3893, .F.);
#6700 = EDGE_LOOP('', (#6696, #6697, #6698, #6699));
#6701 = FACE_BOUND('', #6700, .T.);
#6702 = ADVANCED_FACE('', (#6701), #4908, .F.);
#6703 = ORIENTED_EDGE('', *, *, #3895, .T.);
#6704 = ORIENTED_EDGE('', *, *, #3899, .T.);
#6705 = ORIENTED_EDGE('', *, *, #3902, .T.);
#6706 = ORIENTED_EDGE('', *, *, #3904, .T.);
#6707 = EDGE_LOOP('', (#6703, #6704, #6705, #6706));
#6708 = FACE_BOUND('', #6707, .T.);
#6709 = ADVANCED_FACE('', (#6708), #4912, .T.);
#6710 = ORIENTED_EDGE('', *, *, #3905, .T.);
#6711 = ORIENTED_EDGE('', *, *, #3906, .T.);
#6712 = ORIENTED_EDGE('', *, *, #3907, .F.);
#6713 = ORIENTED_EDGE('', *, *, #3908, .F.);
#6714 = EDGE_LOOP('', (#6710, #6711, #6712, #6713));
#6715 = FACE_BOUND('', #6714, .T.);
#6716 = ADVANCED_FACE('', (#6715), #4916, .T.);
#6717 = ORIENTED_EDGE('', *, *, #3909, .T.);
#6718 = ORIENTED_EDGE('', *, *, #3910, .T.);
#6719 = ORIENTED_EDGE('', *, *, #3911, .F.);
#6720 = ORIENTED_EDGE('', *, *, #3906, .F.);
#6721 = EDGE_LOOP('', (#6717, #6718, #6719, #6720));
#6722 = FACE_BOUND('', #6721, .T.);
#6723 = ADVANCED_FACE('', (#6722), #4920, .T.);
#6724 = ORIENTED_EDGE('', *, *, #3912, .T.);
#6725 = ORIENTED_EDGE('', *, *, #3913, .T.);
#6726 = ORIENTED_EDGE('', *, *, #3914, .F.);
#6727 = ORIENTED_EDGE('', *, *, #3910, .F.);
#6728 = EDGE_LOOP('', (#6724, #6725, #6726, #6727));
#6729 = FACE_BOUND('', #6728, .T.);
#6730 = ADVANCED_FACE('', (#6729), #4924, .T.);
#6731 = ORIENTED_EDGE('', *, *, #3915, .T.);
#6732 = ORIENTED_EDGE('', *, *, #3908, .T.);
#6733 = ORIENTED_EDGE('', *, *, #3916, .F.);
#6734 = ORIENTED_EDGE('', *, *, #3913, .F.);
#6735 = EDGE_LOOP('', (#6731, #6732, #6733, #6734));
#6736 = FACE_BOUND('', #6735, .T.);
#6737 = ADVANCED_FACE('', (#6736), #4928, .T.);
#6738 = ORIENTED_EDGE('', *, *, #3915, .F.);
#6739 = ORIENTED_EDGE('', *, *, #3912, .F.);
#6740 = ORIENTED_EDGE('', *, *, #3909, .F.);
#6741 = ORIENTED_EDGE('', *, *, #3905, .F.);
#6742 = EDGE_LOOP('', (#6738, #6739, #6740, #6741));
#6743 = FACE_BOUND('', #6742, .T.);
#6744 = ADVANCED_FACE('', (#6743), #4932, .F.);
#6745 = ORIENTED_EDGE('', *, *, #3907, .T.);
#6746 = ORIENTED_EDGE('', *, *, #3911, .T.);
#6747 = ORIENTED_EDGE('', *, *, #3914, .T.);
#6748 = ORIENTED_EDGE('', *, *, #3916, .T.);
#6749 = EDGE_LOOP('', (#6745, #6746, #6747, #6748));
#6750 = FACE_BOUND('', #6749, .T.);
#6751 = ADVANCED_FACE('', (#6750), #4936, .T.);
#6752 = ORIENTED_EDGE('', *, *, #3917, .T.);
#6753 = ORIENTED_EDGE('', *, *, #3918, .T.);
#6754 = ORIENTED_EDGE('', *, *, #3919, .F.);
#6755 = ORIENTED_EDGE('', *, *, #3920, .F.);
#6756 = EDGE_LOOP('', (#6752, #6753, #6754, #6755));
#6757 = FACE_BOUND('', #6756, .T.);
#6758 = ADVANCED_FACE('', (#6757), #4940, .T.);
#6759 = ORIENTED_EDGE('', *, *, #3921, .T.);
#6760 = ORIENTED_EDGE('', *, *, #3922, .T.);
#6761 = ORIENTED_EDGE('', *, *, #3923, .F.);
#6762 = ORIENTED_EDGE('', *, *, #3918, .F.);
#6763 = EDGE_LOOP('', (#6759, #6760, #6761, #6762));
#6764 = FACE_BOUND('', #6763, .T.);
#6765 = ADVANCED_FACE('', (#6764), #4944, .T.);
#6766 = ORIENTED_EDGE('', *, *, #3924, .T.);
#6767 = ORIENTED_EDGE('', *, *, #3925, .T.);
#6768 = ORIENTED_EDGE('', *, *, #3926, .F.);
#6769 = ORIENTED_EDGE('', *, *, #3922, .F.);
#6770 = EDGE_LOOP('', (#6766, #6767, #6768, #6769));
#6771 = FACE_BOUND('', #6770, .T.);
#6772 = ADVANCED_FACE('', (#6771), #4948, .T.);
#6773 = ORIENTED_EDGE('', *, *, #3927, .T.);
#6774 = ORIENTED_EDGE('', *, *, #3920, .T.);
#6775 = ORIENTED_EDGE('', *, *, #3928, .F.);
#6776 = ORIENTED_EDGE('', *, *, #3925, .F.);
#6777 = EDGE_LOOP('', (#6773, #6774, #6775, #6776));
#6778 = FACE_BOUND('', #6777, .T.);
#6779 = ADVANCED_FACE('', (#6778), #4952, .T.);
#6780 = ORIENTED_EDGE('', *, *, #3927, .F.);
#6781 = ORIENTED_EDGE('', *, *, #3924, .F.);
#6782 = ORIENTED_EDGE('', *, *, #3921, .F.);
#6783 = ORIENTED_EDGE('', *, *, #3917, .F.);
#6784 = EDGE_LOOP('', (#6780, #6781, #6782, #6783));
#6785 = FACE_BOUND('', #6784, .T.);
#6786 = ADVANCED_FACE('', (#6785), #4956, .F.);
#6787 = ORIENTED_EDGE('', *, *, #3919, .T.);
#6788 = ORIENTED_EDGE('', *, *, #3923, .T.);
#6789 = ORIENTED_EDGE('', *, *, #3926, .T.);
#6790 = ORIENTED_EDGE('', *, *, #3928, .T.);
#6791 = EDGE_LOOP('', (#6787, #6788, #6789, #6790));
#6792 = FACE_BOUND('', #6791, .T.);
#6793 = ADVANCED_FACE('', (#6792), #4960, .T.);
#6794 = ORIENTED_EDGE('', *, *, #3929, .T.);
#6795 = ORIENTED_EDGE('', *, *, #3930, .T.);
#6796 = ORIENTED_EDGE('', *, *, #3931, .F.);
#6797 = ORIENTED_EDGE('', *, *, #3932, .F.);
#6798 = EDGE_LOOP('', (#6794, #6795, #6796, #6797));
#6799 = FACE_BOUND('', #6798, .T.);
#6800 = ADVANCED_FACE('', (#6799), #4964, .T.);
#6801 = ORIENTED_EDGE('', *, *, #3933, .T.);
#6802 = ORIENTED_EDGE('', *, *, #3934, .T.);
#6803 = ORIENTED_EDGE('', *, *, #3935, .F.);
#6804 = ORIENTED_EDGE('', *, *, #3930, .F.);
#6805 = EDGE_LOOP('', (#6801, #6802, #6803, #6804));
#6806 = FACE_BOUND('', #6805, .T.);
#6807 = ADVANCED_FACE('', (#6806), #4968, .T.);
#6808 = ORIENTED_EDGE('', *, *, #3936, .T.);
#6809 = ORIENTED_EDGE('', *, *, #3937, .T.);
#6810 = ORIENTED_EDGE('', *, *, #3938, .F.);
#6811 = ORIENTED_EDGE('', *, *, #3934, .F.);
#6812 = EDGE_LOOP('', (#6808, #6809, #6810, #6811));
#6813 = FACE_BOUND('', #6812, .T.);
#6814 = ADVANCED_FACE('', (#6813), #4972, .T.);
#6815 = ORIENTED_EDGE('', *, *, #3939, .T.);
#6816 = ORIENTED_EDGE('', *, *, #3932, .T.);
#6817 = ORIENTED_EDGE('', *, *, #3940, .F.);
#6818 = ORIENTED_EDGE('', *, *, #3937, .F.);
#6819 = EDGE_LOOP('', (#6815, #6816, #6817, #6818));
#6820 = FACE_BOUND('', #6819, .T.);
#6821 = ADVANCED_FACE('', (#6820), #4976, .T.);
#6822 = ORIENTED_EDGE('', *, *, #3939, .F.);
#6823 = ORIENTED_EDGE('', *, *, #3936, .F.);
#6824 = ORIENTED_EDGE('', *, *, #3933, .F.);
#6825 = ORIENTED_EDGE('', *, *, #3929, .F.);
#6826 = EDGE_LOOP('', (#6822, #6823, #6824, #6825));
#6827 = FACE_BOUND('', #6826, .T.);
#6828 = ADVANCED_FACE('', (#6827), #4980, .F.);
#6829 = ORIENTED_EDGE('', *, *, #3931, .T.);
#6830 = ORIENTED_EDGE('', *, *, #3935, .T.);
#6831 = ORIENTED_EDGE('', *, *, #3938, .T.);
#6832 = ORIENTED_EDGE('', *, *, #3940, .T.);
#6833 = EDGE_LOOP('', (#6829, #6830, #6831, #6832));
#6834 = FACE_BOUND('', #6833, .T.);
#6835 = ADVANCED_FACE('', (#6834), #4984, .T.);
#6836 = ORIENTED_EDGE('', *, *, #3941, .T.);
#6837 = ORIENTED_EDGE('', *, *, #3942, .T.);
#6838 = ORIENTED_EDGE('', *, *, #3943, .F.);
#6839 = ORIENTED_EDGE('', *, *, #3944, .F.);
#6840 = EDGE_LOOP('', (#6836, #6837, #6838, #6839));
#6841 = FACE_BOUND('', #6840, .T.);
#6842 = ADVANCED_FACE('', (#6841), #4988, .T.);
#6843 = ORIENTED_EDGE('', *, *, #3945, .T.);
#6844 = ORIENTED_EDGE('', *, *, #3946, .T.);
#6845 = ORIENTED_EDGE('', *, *, #3947, .F.);
#6846 = ORIENTED_EDGE('', *, *, #3942, .F.);
#6847 = EDGE_LOOP('', (#6843, #6844, #6845, #6846));
#6848 = FACE_BOUND('', #6847, .T.);
#6849 = ADVANCED_FACE('', (#6848), #4992, .T.);
#6850 = ORIENTED_EDGE('', *, *, #3948, .T.);
#6851 = ORIENTED_EDGE('', *, *, #3949, .T.);
#6852 = ORIENTED_EDGE('', *, *, #3950, .F.);
#6853 = ORIENTED_EDGE('', *, *, #3946, .F.);
#6854 = EDGE_LOOP('', (#6850, #6851, #6852, #6853));
#6855 = FACE_BOUND('', #6854, .T.);
#6856 = ADVANCED_FACE('', (#6855), #4996, .T.);
#6857 = ORIENTED_EDGE('', *, *, #3951, .T.);
#6858 = ORIENTED_EDGE('', *, *, #3944, .T.);
#6859 = ORIENTED_EDGE('', *, *, #3952, .F.);
#6860 = ORIENTED_EDGE('', *, *, #3949, .F.);
#6861 = EDGE_LOOP('', (#6857, #6858, #6859, #6860));
#6862 = FACE_BOUND('', #6861, .T.);
#6863 = ADVANCED_FACE('', (#6862), #5000, .T.);
#6864 = ORIENTED_EDGE('', *, *, #3951, .F.);
#6865 = ORIENTED_EDGE('', *, *, #3948, .F.);
#6866 = ORIENTED_EDGE('', *, *, #3945, .F.);
#6867 = ORIENTED_EDGE('', *, *, #3941, .F.);
#6868 = EDGE_LOOP('', (#6864, #6865, #6866, #6867));
#6869 = FACE_BOUND('', #6868, .T.);
#6870 = ADVANCED_FACE('', (#6869), #5004, .F.);
#6871 = ORIENTED_EDGE('', *, *, #3943, .T.);
#6872 = ORIENTED_EDGE('', *, *, #3947, .T.);
#6873 = ORIENTED_EDGE('', *, *, #3950, .T.);
#6874 = ORIENTED_EDGE('', *, *, #3952, .T.);
#6875 = EDGE_LOOP('', (#6871, #6872, #6873, #6874));
#6876 = FACE_BOUND('', #6875, .T.);
#6877 = ADVANCED_FACE('', (#6876), #5008, .T.);
#6878 = ORIENTED_EDGE('', *, *, #3953, .T.);
#6879 = ORIENTED_EDGE('', *, *, #3954, .T.);
#6880 = ORIENTED_EDGE('', *, *, #3955, .F.);
#6881 = ORIENTED_EDGE('', *, *, #3956, .F.);
#6882 = EDGE_LOOP('', (#6878, #6879, #6880, #6881));
#6883 = FACE_BOUND('', #6882, .T.);
#6884 = ADVANCED_FACE('', (#6883), #5012, .T.);
#6885 = ORIENTED_EDGE('', *, *, #3957, .T.);
#6886 = ORIENTED_EDGE('', *, *, #3958, .T.);
#6887 = ORIENTED_EDGE('', *, *, #3959, .F.);
#6888 = ORIENTED_EDGE('', *, *, #3954, .F.);
#6889 = EDGE_LOOP('', (#6885, #6886, #6887, #6888));
#6890 = FACE_BOUND('', #6889, .T.);
#6891 = ADVANCED_FACE('', (#6890), #5016, .T.);
#6892 = ORIENTED_EDGE('', *, *, #3960, .T.);
#6893 = ORIENTED_EDGE('', *, *, #3961, .T.);
#6894 = ORIENTED_EDGE('', *, *, #3962, .F.);
#6895 = ORIENTED_EDGE('', *, *, #3958, .F.);
#6896 = EDGE_LOOP('', (#6892, #6893, #6894, #6895));
#6897 = FACE_BOUND('', #6896, .T.);
#6898 = ADVANCED_FACE('', (#6897), #5020, .T.);
#6899 = ORIENTED_EDGE('', *, *, #3963, .T.);
#6900 = ORIENTED_EDGE('', *, *, #3956, .T.);
#6901 = ORIENTED_EDGE('', *, *, #3964, .F.);
#6902 = ORIENTED_EDGE('', *, *, #3961, .F.);
#6903 = EDGE_LOOP('', (#6899, #6900, #6901, #6902));
#6904 = FACE_BOUND('', #6903, .T.);
#6905 = ADVANCED_FACE('', (#6904), #5024, .T.);
#6906 = ORIENTED_EDGE('', *, *, #3963, .F.);
#6907 = ORIENTED_EDGE('', *, *, #3960, .F.);
#6908 = ORIENTED_EDGE('', *, *, #3957, .F.);
#6909 = ORIENTED_EDGE('', *, *, #3953, .F.);
#6910 = EDGE_LOOP('', (#6906, #6907, #6908, #6909));
#6911 = FACE_BOUND('', #6910, .T.);
#6912 = ADVANCED_FACE('', (#6911), #5028, .F.);
#6913 = ORIENTED_EDGE('', *, *, #3955, .T.);
#6914 = ORIENTED_EDGE('', *, *, #3959, .T.);
#6915 = ORIENTED_EDGE('', *, *, #3962, .T.);
#6916 = ORIENTED_EDGE('', *, *, #3964, .T.);
#6917 = EDGE_LOOP('', (#6913, #6914, #6915, #6916));
#6918 = FACE_BOUND('', #6917, .T.);
#6919 = ADVANCED_FACE('', (#6918), #5032, .T.);
#6920 = ORIENTED_EDGE('', *, *, #3965, .T.);
#6921 = ORIENTED_EDGE('', *, *, #3966, .T.);
#6922 = ORIENTED_EDGE('', *, *, #3967, .F.);
#6923 = ORIENTED_EDGE('', *, *, #3968, .F.);
#6924 = EDGE_LOOP('', (#6920, #6921, #6922, #6923));
#6925 = FACE_BOUND('', #6924, .T.);
#6926 = ADVANCED_FACE('', (#6925), #5036, .T.);
#6927 = ORIENTED_EDGE('', *, *, #3969, .T.);
#6928 = ORIENTED_EDGE('', *, *, #3970, .T.);
#6929 = ORIENTED_EDGE('', *, *, #3971, .F.);
#6930 = ORIENTED_EDGE('', *, *, #3966, .F.);
#6931 = EDGE_LOOP('', (#6927, #6928, #6929, #6930));
#6932 = FACE_BOUND('', #6931, .T.);
#6933 = ADVANCED_FACE('', (#6932), #5040, .T.);
#6934 = ORIENTED_EDGE('', *, *, #3972, .T.);
#6935 = ORIENTED_EDGE('', *, *, #3973, .T.);
#6936 = ORIENTED_EDGE('', *, *, #3974, .F.);
#6937 = ORIENTED_EDGE('', *, *, #3970, .F.);
#6938 = EDGE_LOOP('', (#6934, #6935, #6936, #6937));
#6939 = FACE_BOUND('', #6938, .T.);
#6940 = ADVANCED_FACE('', (#6939), #5044, .T.);
#6941 = ORIENTED_EDGE('', *, *, #3975, .T.);
#6942 = ORIENTED_EDGE('', *, *, #3968, .T.);
#6943 = ORIENTED_EDGE('', *, *, #3976, .F.);
#6944 = ORIENTED_EDGE('', *, *, #3973, .F.);
#6945 = EDGE_LOOP('', (#6941, #6942, #6943, #6944));
#6946 = FACE_BOUND('', #6945, .T.);
#6947 = ADVANCED_FACE('', (#6946), #5048, .T.);
#6948 = ORIENTED_EDGE('', *, *, #3975, .F.);
#6949 = ORIENTED_EDGE('', *, *, #3972, .F.);
#6950 = ORIENTED_EDGE('', *, *, #3969, .F.);
#6951 = ORIENTED_EDGE('', *, *, #3965, .F.);
#6952 = EDGE_LOOP('', (#6948, #6949, #6950, #6951));
#6953 = FACE_BOUND('', #6952, .T.);
#6954 = ADVANCED_FACE('', (#6953), #5052, .F.);
#6955 = ORIENTED_EDGE('', *, *, #3967, .T.);
#6956 = ORIENTED_EDGE('', *, *, #3971, .T.);
#6957 = ORIENTED_EDGE('', *, *, #3974, .T.);
#6958 = ORIENTED_EDGE('', *, *, #3976, .T.);
#6959 = EDGE_LOOP('', (#6955, #6956, #6957, #6958));
#6960 = FACE_BOUND('', #6959, .T.);
#6961 = ADVANCED_FACE('', (#6960), #5056, .T.);
#6962 = ORIENTED_EDGE('', *, *, #3977, .T.);
#6963 = ORIENTED_EDGE('', *, *, #3978, .T.);
#6964 = ORIENTED_EDGE('', *, *, #3979, .F.);
#6965 = ORIENTED_EDGE('', *, *, #3980, .F.);
#6966 = EDGE_LOOP('', (#6962, #6963, #6964, #6965));
#6967 = FACE_BOUND('', #6966, .T.);
#6968 = ADVANCED_FACE('', (#6967), #5060, .T.);
#6969 = ORIENTED_EDGE('', *, *, #3981, .T.);
#6970 = ORIENTED_EDGE('', *, *, #3982, .T.);
#6971 = ORIENTED_EDGE('', *, *, #3983, .F.);
#6972 = ORIENTED_EDGE('', *, *, #3978, .F.);
#6973 = EDGE_LOOP('', (#6969, #6970, #6971, #6972));
#6974 = FACE_BOUND('', #6973, .T.);
#6975 = ADVANCED_FACE('', (#6974), #5064, .T.);
#6976 = ORIENTED_EDGE('', *, *, #3984, .T.);
#6977 = ORIENTED_EDGE('', *, *, #3985, .T.);
#6978 = ORIENTED_EDGE('', *, *, #3986, .F.);
#6979 = ORIENTED_EDGE('', *, *, #3982, .F.);
#6980 = EDGE_LOOP('', (#6976, #6977, #6978, #6979));
#6981 = FACE_BOUND('', #6980, .T.);
#6982 = ADVANCED_FACE('', (#6981), #5068, .T.);
#6983 = ORIENTED_EDGE('', *, *, #3987, .T.);
#6984 = ORIENTED_EDGE('', *, *, #3980, .T.);
#6985 = ORIENTED_EDGE('', *, *, #3988, .F.);
#6986 = ORIENTED_EDGE('', *, *, #3985, .F.);
#6987 = EDGE_LOOP('', (#6983, #6984, #6985, #6986));
#6988 = FACE_BOUND('', #6987, .T.);
#6989 = ADVANCED_FACE('', (#6988), #5072, .T.);
#6990 = ORIENTED_EDGE('', *, *, #3987, .F.);
#6991 = ORIENTED_EDGE('', *, *, #3984, .F.);
#6992 = ORIENTED_EDGE('', *, *, #3981, .F.);
#6993 = ORIENTED_EDGE('', *, *, #3977, .F.);
#6994 = EDGE_LOOP('', (#6990, #6991, #6992, #6993));
#6995 = FACE_BOUND('', #6994, .T.);
#6996 = ADVANCED_FACE('', (#6995), #5076, .F.);
#6997 = ORIENTED_EDGE('', *, *, #3979, .T.);
#6998 = ORIENTED_EDGE('', *, *, #3983, .T.);
#6999 = ORIENTED_EDGE('', *, *, #3986, .T.);
#7000 = ORIENTED_EDGE('', *, *, #3988, .T.);
#7001 = EDGE_LOOP('', (#6997, #6998, #6999, #7000));
#7002 = FACE_BOUND('', #7001, .T.);
#7003 = ADVANCED_FACE('', (#7002), #5080, .T.);
#7004 = ORIENTED_EDGE('', *, *, #3989, .T.);
#7005 = ORIENTED_EDGE('', *, *, #3991, .F.);
#7006 = EDGE_LOOP('', (#7004));
#7007 = FACE_BOUND('', #7006, .T.);
#7008 = EDGE_LOOP('', (#7005));
#7009 = FACE_BOUND('', #7008, .T.);
#7010 = ADVANCED_FACE('', (#7007, #7009), #5085, .T.);
#7011 = ORIENTED_EDGE('', *, *, #3989, .F.);
#7012 = EDGE_LOOP('', (#7011));
#7013 = FACE_BOUND('', #7012, .T.);
#7014 = ADVANCED_FACE('', (#7013), #5089, .F.);
#7015 = ORIENTED_EDGE('', *, *, #3991, .T.);
#7016 = EDGE_LOOP('', (#7015));
#7017 = FACE_BOUND('', #7016, .T.);
#7018 = ADVANCED_FACE('', (#7017), #5093, .T.);
#7019 = ORIENTED_EDGE('', *, *, #3992, .T.);
#7020 = ORIENTED_EDGE('', *, *, #3993, .T.);
#7021 = ORIENTED_EDGE('', *, *, #3994, .F.);
#7022 = ORIENTED_EDGE('', *, *, #3995, .F.);
#7023 = EDGE_LOOP('', (#7019, #7020, #7021, #7022));
#7024 = FACE_BOUND('', #7023, .T.);
#7025 = ADVANCED_FACE('', (#7024), #5097, .T.);
#7026 = ORIENTED_EDGE('', *, *, #3996, .T.);
#7027 = ORIENTED_EDGE('', *, *, #3997, .T.);
#7028 = ORIENTED_EDGE('', *, *, #3998, .F.);
#7029 = ORIENTED_EDGE('', *, *, #3993, .F.);
#7030 = EDGE_LOOP('', (#7026, #7027, #7028, #7029));
#7031 = FACE_BOUND('', #7030, .T.);
#7032 = ADVANCED_FACE('', (#7031), #5101, .T.);
#7033 = ORIENTED_EDGE('', *, *, #3999, .T.);
#7034 = ORIENTED_EDGE('', *, *, #4000, .T.);
#7035 = ORIENTED_EDGE('', *, *, #4001, .F.);
#7036 = ORIENTED_EDGE('', *, *, #3997, .F.);
#7037 = EDGE_LOOP('', (#7033, #7034, #7035, #7036));
#7038 = FACE_BOUND('', #7037, .T.);
#7039 = ADVANCED_FACE('', (#7038), #5105, .T.);
#7040 = ORIENTED_EDGE('', *, *, #4002, .T.);
#7041 = ORIENTED_EDGE('', *, *, #3995, .T.);
#7042 = ORIENTED_EDGE('', *, *, #4003, .F.);
#7043 = ORIENTED_EDGE('', *, *, #4000, .F.);
#7044 = EDGE_LOOP('', (#7040, #7041, #7042, #7043));
#7045 = FACE_BOUND('', #7044, .T.);
#7046 = ADVANCED_FACE('', (#7045), #5109, .T.);
#7047 = ORIENTED_EDGE('', *, *, #4002, .F.);
#7048 = ORIENTED_EDGE('', *, *, #3999, .F.);
#7049 = ORIENTED_EDGE('', *, *, #3996, .F.);
#7050 = ORIENTED_EDGE('', *, *, #3992, .F.);
#7051 = EDGE_LOOP('', (#7047, #7048, #7049, #7050));
#7052 = FACE_BOUND('', #7051, .T.);
#7053 = ADVANCED_FACE('', (#7052), #5113, .F.);
#7054 = ORIENTED_EDGE('', *, *, #3994, .T.);
#7055 = ORIENTED_EDGE('', *, *, #3998, .T.);
#7056 = ORIENTED_EDGE('', *, *, #4001, .T.);
#7057 = ORIENTED_EDGE('', *, *, #4003, .T.);
#7058 = ORIENTED_EDGE('', *, *, #4012, .F.);
#7059 = ORIENTED_EDGE('', *, *, #4015, .F.);
#7060 = ORIENTED_EDGE('', *, *, #4014, .F.);
#7061 = ORIENTED_EDGE('', *, *, #4013, .F.);
#7062 = EDGE_LOOP('', (#7054, #7055, #7056, #7057));
#7063 = FACE_BOUND('', #7062, .T.);
#7064 = EDGE_LOOP('', (#7058, #7059, #7060, #7061));
#7065 = FACE_BOUND('', #7064, .T.);
#7066 = ADVANCED_FACE('', (#7063, #7065), #5117, .T.);
#7067 = ORIENTED_EDGE('', *, *, #4006, .T.);
#7068 = ORIENTED_EDGE('', *, *, #4012, .T.);
#7069 = ORIENTED_EDGE('', *, *, #4005, .F.);
#7070 = ORIENTED_EDGE('', *, *, #4004, .F.);
#7071 = EDGE_LOOP('', (#7067, #7068, #7069, #7070));
#7072 = FACE_BOUND('', #7071, .T.);
#7073 = ADVANCED_FACE('', (#7072), #5121, .F.);
#7074 = ORIENTED_EDGE('', *, *, #4005, .T.);
#7075 = ORIENTED_EDGE('', *, *, #4013, .T.);
#7076 = ORIENTED_EDGE('', *, *, #4008, .F.);
#7077 = ORIENTED_EDGE('', *, *, #4007, .F.);
#7078 = EDGE_LOOP('', (#7074, #7075, #7076, #7077));
#7079 = FACE_BOUND('', #7078, .T.);
#7080 = ADVANCED_FACE('', (#7079), #5125, .F.);
#7081 = ORIENTED_EDGE('', *, *, #4008, .T.);
#7082 = ORIENTED_EDGE('', *, *, #4014, .T.);
#7083 = ORIENTED_EDGE('', *, *, #4010, .F.);
#7084 = ORIENTED_EDGE('', *, *, #4009, .F.);
#7085 = EDGE_LOOP('', (#7081, #7082, #7083, #7084));
#7086 = FACE_BOUND('', #7085, .T.);
#7087 = ADVANCED_FACE('', (#7086), #5129, .F.);
#7088 = ORIENTED_EDGE('', *, *, #4010, .T.);
#7089 = ORIENTED_EDGE('', *, *, #4015, .T.);
#7090 = ORIENTED_EDGE('', *, *, #4006, .F.);
#7091 = ORIENTED_EDGE('', *, *, #4011, .F.);
#7092 = EDGE_LOOP('', (#7088, #7089, #7090, #7091));
#7093 = FACE_BOUND('', #7092, .T.);
#7094 = ADVANCED_FACE('', (#7093), #5133, .F.);
#7095 = ORIENTED_EDGE('', *, *, #4004, .T.);
#7096 = ORIENTED_EDGE('', *, *, #4007, .T.);
#7097 = ORIENTED_EDGE('', *, *, #4009, .T.);
#7098 = ORIENTED_EDGE('', *, *, #4011, .T.);
#7099 = EDGE_LOOP('', (#7095, #7096, #7097, #7098));
#7100 = FACE_BOUND('', #7099, .T.);
#7101 = ADVANCED_FACE('', (#7100), #5137, .T.);
#7102 = ORIENTED_EDGE('', *, *, #4024, .F.);
#7103 = ORIENTED_EDGE('', *, *, #4020, .F.);
#7104 = ORIENTED_EDGE('', *, *, #4016, .F.);
#7105 = EDGE_LOOP('', (#7102, #7103, #7104));
#7106 = FACE_BOUND('', #7105, .T.);
#7107 = ADVANCED_FACE('', (#7106), #5146, .F.);
#7108 = ORIENTED_EDGE('', *, *, #4018, .T.);
#7109 = ORIENTED_EDGE('', *, *, #4021, .T.);
#7110 = ORIENTED_EDGE('', *, *, #4023, .T.);
#7111 = EDGE_LOOP('', (#7108, #7109, #7110));
#7112 = FACE_BOUND('', #7111, .T.);
#7113 = ADVANCED_FACE('', (#7112), #5150, .T.);
#7114 = ORIENTED_EDGE('', *, *, #4024, .T.);
#7115 = ORIENTED_EDGE('', *, *, #4017, .T.);
#7116 = ORIENTED_EDGE('', *, *, #4023, .F.);
#7117 = ORIENTED_EDGE('', *, *, #4022, .T.);
#7118 = EDGE_LOOP('', (#7114, #7115, #7116, #7117));
#7119 = FACE_BOUND('', #7118, .T.);
#7120 = ADVANCED_FACE('', (#7119), #5142, .T.);
#7121 = ORIENTED_EDGE('', *, *, #4019, .T.);
#7122 = ORIENTED_EDGE('', *, *, #4020, .T.);
#7123 = ORIENTED_EDGE('', *, *, #4022, .F.);
#7124 = ORIENTED_EDGE('', *, *, #4021, .F.);
#7125 = EDGE_LOOP('', (#7121, #7122, #7123, #7124));
#7126 = FACE_BOUND('', #7125, .T.);
#7127 = ADVANCED_FACE('', (#7126), #5154, .T.);
#7128 = ORIENTED_EDGE('', *, *, #4018, .F.);
#7129 = ORIENTED_EDGE('', *, *, #4017, .F.);
#7130 = ORIENTED_EDGE('', *, *, #4016, .T.);
#7131 = ORIENTED_EDGE('', *, *, #4019, .F.);
#7132 = EDGE_LOOP('', (#7128, #7129, #7130, #7131));
#7133 = FACE_BOUND('', #7132, .T.);
#7134 = ADVANCED_FACE('', (#7133), #5142, .T.);
#7135 = ORIENTED_EDGE('', *, *, #4025, .T.);
#7136 = ORIENTED_EDGE('', *, *, #4026, .T.);
#7137 = ORIENTED_EDGE('', *, *, #4027, .F.);
#7138 = ORIENTED_EDGE('', *, *, #4028, .F.);
#7139 = EDGE_LOOP('', (#7135, #7136, #7137, #7138));
#7140 = FACE_BOUND('', #7139, .T.);
#7141 = ADVANCED_FACE('', (#7140), #5158, .T.);
#7142 = ORIENTED_EDGE('', *, *, #4029, .T.);
#7143 = ORIENTED_EDGE('', *, *, #4030, .T.);
#7144 = ORIENTED_EDGE('', *, *, #4031, .F.);
#7145 = ORIENTED_EDGE('', *, *, #4026, .F.);
#7146 = EDGE_LOOP('', (#7142, #7143, #7144, #7145));
#7147 = FACE_BOUND('', #7146, .T.);
#7148 = ADVANCED_FACE('', (#7147), #5162, .T.);
#7149 = ORIENTED_EDGE('', *, *, #4032, .T.);
#7150 = ORIENTED_EDGE('', *, *, #4033, .T.);
#7151 = ORIENTED_EDGE('', *, *, #4034, .F.);
#7152 = ORIENTED_EDGE('', *, *, #4030, .F.);
#7153 = EDGE_LOOP('', (#7149, #7150, #7151, #7152));
#7154 = FACE_BOUND('', #7153, .T.);
#7155 = ADVANCED_FACE('', (#7154), #5166, .T.);
#7156 = ORIENTED_EDGE('', *, *, #4035, .T.);
#7157 = ORIENTED_EDGE('', *, *, #4028, .T.);
#7158 = ORIENTED_EDGE('', *, *, #4059, .F.);
#7159 = ORIENTED_EDGE('', *, *, #4049, .F.);
#7160 = ORIENTED_EDGE('', *, *, #4051, .T.);
#7161 = ORIENTED_EDGE('', *, *, #4050, .F.);
#7162 = ORIENTED_EDGE('', *, *, #4036, .F.);
#7163 = ORIENTED_EDGE('', *, *, #4033, .F.);
#7164 = EDGE_LOOP('', (#7156, #7157, #7158, #7159, #7160, #7161, #7162, #7163));
#7165 = FACE_BOUND('', #7164, .T.);
#7166 = ADVANCED_FACE('', (#7165), #5170, .T.);
#7167 = ORIENTED_EDGE('', *, *, #4035, .F.);
#7168 = ORIENTED_EDGE('', *, *, #4032, .F.);
#7169 = ORIENTED_EDGE('', *, *, #4029, .F.);
#7170 = ORIENTED_EDGE('', *, *, #4025, .F.);
#7171 = ORIENTED_EDGE('', *, *, #4038, .T.);
#7172 = ORIENTED_EDGE('', *, *, #4039, .T.);
#7173 = ORIENTED_EDGE('', *, *, #4040, .T.);
#7174 = ORIENTED_EDGE('', *, *, #4037, .T.);
#7175 = EDGE_LOOP('', (#7167, #7168, #7169, #7170));
#7176 = FACE_BOUND('', #7175, .T.);
#7177 = EDGE_LOOP('', (#7171, #7172, #7173, #7174));
#7178 = FACE_BOUND('', #7177, .T.);
#7179 = ADVANCED_FACE('', (#7176, #7178), #5174, .F.);
#7180 = ORIENTED_EDGE('', *, *, #4027, .T.);
#7181 = ORIENTED_EDGE('', *, *, #4031, .T.);
#7182 = ORIENTED_EDGE('', *, *, #4034, .T.);
#7183 = ORIENTED_EDGE('', *, *, #4036, .T.);
#7184 = ORIENTED_EDGE('', *, *, #4053, .F.);
#7185 = ORIENTED_EDGE('', *, *, #4044, .F.);
#7186 = ORIENTED_EDGE('', *, *, #4043, .F.);
#7187 = ORIENTED_EDGE('', *, *, #4042, .F.);
#7188 = ORIENTED_EDGE('', *, *, #4041, .F.);
#7189 = ORIENTED_EDGE('', *, *, #4058, .F.);
#7190 = ORIENTED_EDGE('', *, *, #4052, .F.);
#7191 = ORIENTED_EDGE('', *, *, #4059, .T.);
#7192 = EDGE_LOOP('', (#7180, #7181, #7182, #7183, #7184, #7185, #7186, #7187, #7188, #7189, #7190, #7191));
#7193 = FACE_BOUND('', #7192, .T.);
#7194 = ADVANCED_FACE('', (#7193), #5178, .T.);
#7195 = ORIENTED_EDGE('', *, *, #4040, .F.);
#7196 = ORIENTED_EDGE('', *, *, #4045, .T.);
#7197 = ORIENTED_EDGE('', *, *, #4044, .T.);
#7198 = ORIENTED_EDGE('', *, *, #4055, .T.);
#7199 = ORIENTED_EDGE('', *, *, #4056, .F.);
#7200 = ORIENTED_EDGE('', *, *, #4054, .T.);
#7201 = ORIENTED_EDGE('', *, *, #4058, .T.);
#7202 = ORIENTED_EDGE('', *, *, #4048, .F.);
#7203 = EDGE_LOOP('', (#7195, #7196, #7197, #7198, #7199, #7200, #7201, #7202));
#7204 = FACE_BOUND('', #7203, .T.);
#7205 = ADVANCED_FACE('', (#7204), #5182, .F.);
#7206 = ORIENTED_EDGE('', *, *, #4039, .F.);
#7207 = ORIENTED_EDGE('', *, *, #4046, .T.);
#7208 = ORIENTED_EDGE('', *, *, #4043, .T.);
#7209 = ORIENTED_EDGE('', *, *, #4045, .F.);
#7210 = EDGE_LOOP('', (#7206, #7207, #7208, #7209));
#7211 = FACE_BOUND('', #7210, .T.);
#7212 = ADVANCED_FACE('', (#7211), #5186, .F.);
#7213 = ORIENTED_EDGE('', *, *, #4038, .F.);
#7214 = ORIENTED_EDGE('', *, *, #4047, .T.);
#7215 = ORIENTED_EDGE('', *, *, #4042, .T.);
#7216 = ORIENTED_EDGE('', *, *, #4046, .F.);
#7217 = EDGE_LOOP('', (#7213, #7214, #7215, #7216));
#7218 = FACE_BOUND('', #7217, .T.);
#7219 = ADVANCED_FACE('', (#7218), #5190, .F.);
#7220 = ORIENTED_EDGE('', *, *, #4037, .F.);
#7221 = ORIENTED_EDGE('', *, *, #4048, .T.);
#7222 = ORIENTED_EDGE('', *, *, #4041, .T.);
#7223 = ORIENTED_EDGE('', *, *, #4047, .F.);
#7224 = EDGE_LOOP('', (#7220, #7221, #7222, #7223));
#7225 = FACE_BOUND('', #7224, .T.);
#7226 = ADVANCED_FACE('', (#7225), #5194, .F.);
#7227 = ORIENTED_EDGE('', *, *, #4060, .T.);
#7228 = ORIENTED_EDGE('', *, *, #4056, .T.);
#7229 = ORIENTED_EDGE('', *, *, #4057, .T.);
#7230 = ORIENTED_EDGE('', *, *, #4051, .F.);
#7231 = EDGE_LOOP('', (#7227, #7228, #7229, #7230));
#7232 = FACE_BOUND('', #7231, .T.);
#7233 = ADVANCED_FACE('', (#7232), #5198, .T.);
#7234 = ORIENTED_EDGE('', *, *, #4055, .F.);
#7235 = ORIENTED_EDGE('', *, *, #4053, .T.);
#7236 = ORIENTED_EDGE('', *, *, #4050, .T.);
#7237 = ORIENTED_EDGE('', *, *, #4057, .F.);
#7238 = EDGE_LOOP('', (#7234, #7235, #7236, #7237));
#7239 = FACE_BOUND('', #7238, .T.);
#7240 = ADVANCED_FACE('', (#7239), #5202, .F.);
#7241 = ORIENTED_EDGE('', *, *, #4049, .T.);
#7242 = ORIENTED_EDGE('', *, *, #4052, .T.);
#7243 = ORIENTED_EDGE('', *, *, #4054, .F.);
#7244 = ORIENTED_EDGE('', *, *, #4060, .F.);
#7245 = EDGE_LOOP('', (#7241, #7242, #7243, #7244));
#7246 = FACE_BOUND('', #7245, .T.);
#7247 = ADVANCED_FACE('', (#7246), #5206, .F.);
#7248 = ORIENTED_EDGE('', *, *, #4061, .T.);
#7249 = ORIENTED_EDGE('', *, *, #4062, .T.);
#7250 = ORIENTED_EDGE('', *, *, #4063, .F.);
#7251 = ORIENTED_EDGE('', *, *, #4064, .F.);
#7252 = EDGE_LOOP('', (#7248, #7249, #7250, #7251));
#7253 = FACE_BOUND('', #7252, .T.);
#7254 = ADVANCED_FACE('', (#7253), #5210, .T.);
#7255 = ORIENTED_EDGE('', *, *, #4065, .T.);
#7256 = ORIENTED_EDGE('', *, *, #4066, .T.);
#7257 = ORIENTED_EDGE('', *, *, #4067, .F.);
#7258 = ORIENTED_EDGE('', *, *, #4062, .F.);
#7259 = EDGE_LOOP('', (#7255, #7256, #7257, #7258));
#7260 = FACE_BOUND('', #7259, .T.);
#7261 = ADVANCED_FACE('', (#7260), #5214, .T.);
#7262 = ORIENTED_EDGE('', *, *, #4068, .T.);
#7263 = ORIENTED_EDGE('', *, *, #4069, .T.);
#7264 = ORIENTED_EDGE('', *, *, #4070, .F.);
#7265 = ORIENTED_EDGE('', *, *, #4066, .F.);
#7266 = EDGE_LOOP('', (#7262, #7263, #7264, #7265));
#7267 = FACE_BOUND('', #7266, .T.);
#7268 = ADVANCED_FACE('', (#7267), #5218, .T.);
#7269 = ORIENTED_EDGE('', *, *, #4071, .T.);
#7270 = ORIENTED_EDGE('', *, *, #4064, .T.);
#7271 = ORIENTED_EDGE('', *, *, #4095, .F.);
#7272 = ORIENTED_EDGE('', *, *, #4085, .F.);
#7273 = ORIENTED_EDGE('', *, *, #4087, .T.);
#7274 = ORIENTED_EDGE('', *, *, #4086, .F.);
#7275 = ORIENTED_EDGE('', *, *, #4072, .F.);
#7276 = ORIENTED_EDGE('', *, *, #4069, .F.);
#7277 = EDGE_LOOP('', (#7269, #7270, #7271, #7272, #7273, #7274, #7275, #7276));
#7278 = FACE_BOUND('', #7277, .T.);
#7279 = ADVANCED_FACE('', (#7278), #5222, .T.);
#7280 = ORIENTED_EDGE('', *, *, #4071, .F.);
#7281 = ORIENTED_EDGE('', *, *, #4068, .F.);
#7282 = ORIENTED_EDGE('', *, *, #4065, .F.);
#7283 = ORIENTED_EDGE('', *, *, #4061, .F.);
#7284 = ORIENTED_EDGE('', *, *, #4074, .T.);
#7285 = ORIENTED_EDGE('', *, *, #4075, .T.);
#7286 = ORIENTED_EDGE('', *, *, #4076, .T.);
#7287 = ORIENTED_EDGE('', *, *, #4073, .T.);
#7288 = EDGE_LOOP('', (#7280, #7281, #7282, #7283));
#7289 = FACE_BOUND('', #7288, .T.);
#7290 = EDGE_LOOP('', (#7284, #7285, #7286, #7287));
#7291 = FACE_BOUND('', #7290, .T.);
#7292 = ADVANCED_FACE('', (#7289, #7291), #5226, .F.);
#7293 = ORIENTED_EDGE('', *, *, #4063, .T.);
#7294 = ORIENTED_EDGE('', *, *, #4067, .T.);
#7295 = ORIENTED_EDGE('', *, *, #4070, .T.);
#7296 = ORIENTED_EDGE('', *, *, #4072, .T.);
#7297 = ORIENTED_EDGE('', *, *, #4089, .F.);
#7298 = ORIENTED_EDGE('', *, *, #4080, .F.);
#7299 = ORIENTED_EDGE('', *, *, #4079, .F.);
#7300 = ORIENTED_EDGE('', *, *, #4078, .F.);
#7301 = ORIENTED_EDGE('', *, *, #4077, .F.);
#7302 = ORIENTED_EDGE('', *, *, #4094, .F.);
#7303 = ORIENTED_EDGE('', *, *, #4088, .F.);
#7304 = ORIENTED_EDGE('', *, *, #4095, .T.);
#7305 = EDGE_LOOP('', (#7293, #7294, #7295, #7296, #7297, #7298, #7299, #7300, #7301, #7302, #7303, #7304));
#7306 = FACE_BOUND('', #7305, .T.);
#7307 = ADVANCED_FACE('', (#7306), #5230, .T.);
#7308 = ORIENTED_EDGE('', *, *, #4076, .F.);
#7309 = ORIENTED_EDGE('', *, *, #4081, .T.);
#7310 = ORIENTED_EDGE('', *, *, #4080, .T.);
#7311 = ORIENTED_EDGE('', *, *, #4091, .T.);
#7312 = ORIENTED_EDGE('', *, *, #4092, .F.);
#7313 = ORIENTED_EDGE('', *, *, #4090, .T.);
#7314 = ORIENTED_EDGE('', *, *, #4094, .T.);
#7315 = ORIENTED_EDGE('', *, *, #4084, .F.);
#7316 = EDGE_LOOP('', (#7308, #7309, #7310, #7311, #7312, #7313, #7314, #7315));
#7317 = FACE_BOUND('', #7316, .T.);
#7318 = ADVANCED_FACE('', (#7317), #5234, .F.);
#7319 = ORIENTED_EDGE('', *, *, #4075, .F.);
#7320 = ORIENTED_EDGE('', *, *, #4082, .T.);
#7321 = ORIENTED_EDGE('', *, *, #4079, .T.);
#7322 = ORIENTED_EDGE('', *, *, #4081, .F.);
#7323 = EDGE_LOOP('', (#7319, #7320, #7321, #7322));
#7324 = FACE_BOUND('', #7323, .T.);
#7325 = ADVANCED_FACE('', (#7324), #5238, .F.);
#7326 = ORIENTED_EDGE('', *, *, #4074, .F.);
#7327 = ORIENTED_EDGE('', *, *, #4083, .T.);
#7328 = ORIENTED_EDGE('', *, *, #4078, .T.);
#7329 = ORIENTED_EDGE('', *, *, #4082, .F.);
#7330 = EDGE_LOOP('', (#7326, #7327, #7328, #7329));
#7331 = FACE_BOUND('', #7330, .T.);
#7332 = ADVANCED_FACE('', (#7331), #5242, .F.);
#7333 = ORIENTED_EDGE('', *, *, #4073, .F.);
#7334 = ORIENTED_EDGE('', *, *, #4084, .T.);
#7335 = ORIENTED_EDGE('', *, *, #4077, .T.);
#7336 = ORIENTED_EDGE('', *, *, #4083, .F.);
#7337 = EDGE_LOOP('', (#7333, #7334, #7335, #7336));
#7338 = FACE_BOUND('', #7337, .T.);
#7339 = ADVANCED_FACE('', (#7338), #5246, .F.);
#7340 = ORIENTED_EDGE('', *, *, #4096, .T.);
#7341 = ORIENTED_EDGE('', *, *, #4092, .T.);
#7342 = ORIENTED_EDGE('', *, *, #4093, .T.);
#7343 = ORIENTED_EDGE('', *, *, #4087, .F.);
#7344 = EDGE_LOOP('', (#7340, #7341, #7342, #7343));
#7345 = FACE_BOUND('', #7344, .T.);
#7346 = ADVANCED_FACE('', (#7345), #5250, .T.);
#7347 = ORIENTED_EDGE('', *, *, #4091, .F.);
#7348 = ORIENTED_EDGE('', *, *, #4089, .T.);
#7349 = ORIENTED_EDGE('', *, *, #4086, .T.);
#7350 = ORIENTED_EDGE('', *, *, #4093, .F.);
#7351 = EDGE_LOOP('', (#7347, #7348, #7349, #7350));
#7352 = FACE_BOUND('', #7351, .T.);
#7353 = ADVANCED_FACE('', (#7352), #5254, .F.);
#7354 = ORIENTED_EDGE('', *, *, #4085, .T.);
#7355 = ORIENTED_EDGE('', *, *, #4088, .T.);
#7356 = ORIENTED_EDGE('', *, *, #4090, .F.);
#7357 = ORIENTED_EDGE('', *, *, #4096, .F.);
#7358 = EDGE_LOOP('', (#7354, #7355, #7356, #7357));
#7359 = FACE_BOUND('', #7358, .T.);
#7360 = ADVANCED_FACE('', (#7359), #5258, .F.);
#7361 = ORIENTED_EDGE('', *, *, #4116, .F.);
#7362 = ORIENTED_EDGE('', *, *, #4109, .F.);
#7363 = ORIENTED_EDGE('', *, *, #4104, .F.);
#7364 = ORIENTED_EDGE('', *, *, #4101, .F.);
#7365 = ORIENTED_EDGE('', *, *, #4100, .T.);
#7366 = ORIENTED_EDGE('', *, *, #4108, .F.);
#7367 = ORIENTED_EDGE('', *, *, #4097, .F.);
#7368 = EDGE_LOOP('', (#7361, #7362, #7363, #7364, #7365, #7366, #7367));
#7369 = FACE_BOUND('', #7368, .T.);
#7370 = ADVANCED_FACE('', (#7369), #5267, .F.);
#7371 = ORIENTED_EDGE('', *, *, #4099, .T.);
#7372 = ORIENTED_EDGE('', *, *, #4110, .T.);
#7373 = ORIENTED_EDGE('', *, *, #4102, .F.);
#7374 = ORIENTED_EDGE('', *, *, #4103, .T.);
#7375 = ORIENTED_EDGE('', *, *, #4105, .T.);
#7376 = ORIENTED_EDGE('', *, *, #4111, .T.);
#7377 = ORIENTED_EDGE('', *, *, #4115, .T.);
#7378 = EDGE_LOOP('', (#7371, #7372, #7373, #7374, #7375, #7376, #7377));
#7379 = FACE_BOUND('', #7378, .T.);
#7380 = ADVANCED_FACE('', (#7379), #5271, .T.);
#7381 = ORIENTED_EDGE('', *, *, #4114, .F.);
#7382 = ORIENTED_EDGE('', *, *, #4105, .F.);
#7383 = ORIENTED_EDGE('', *, *, #4103, .F.);
#7384 = ORIENTED_EDGE('', *, *, #4106, .F.);
#7385 = ORIENTED_EDGE('', *, *, #4101, .T.);
#7386 = ORIENTED_EDGE('', *, *, #4104, .T.);
#7387 = EDGE_LOOP('', (#7381, #7382, #7383, #7384, #7385, #7386));
#7388 = FACE_BOUND('', #7387, .T.);
#7389 = ADVANCED_FACE('', (#7388), #5276, .F.);
#7390 = ORIENTED_EDGE('', *, *, #4113, .T.);
#7391 = ORIENTED_EDGE('', *, *, #4100, .F.);
#7392 = ORIENTED_EDGE('', *, *, #4106, .T.);
#7393 = ORIENTED_EDGE('', *, *, #4102, .T.);
#7394 = EDGE_LOOP('', (#7390, #7391, #7392, #7393));
#7395 = FACE_BOUND('', #7394, .T.);
#7396 = ADVANCED_FACE('', (#7395), #5276, .F.);
#7397 = ORIENTED_EDGE('', *, *, #4116, .T.);
#7398 = ORIENTED_EDGE('', *, *, #4098, .T.);
#7399 = ORIENTED_EDGE('', *, *, #4115, .F.);
#7400 = ORIENTED_EDGE('', *, *, #4112, .T.);
#7401 = EDGE_LOOP('', (#7397, #7398, #7399, #7400));
#7402 = FACE_BOUND('', #7401, .T.);
#7403 = ADVANCED_FACE('', (#7402), #5263, .T.);
#7404 = ORIENTED_EDGE('', *, *, #4107, .T.);
#7405 = ORIENTED_EDGE('', *, *, #4108, .T.);
#7406 = ORIENTED_EDGE('', *, *, #4113, .F.);
#7407 = ORIENTED_EDGE('', *, *, #4110, .F.);
#7408 = EDGE_LOOP('', (#7404, #7405, #7406, #7407));
#7409 = FACE_BOUND('', #7408, .T.);
#7410 = ADVANCED_FACE('', (#7409), #5280, .T.);
#7411 = ORIENTED_EDGE('', *, *, #4109, .T.);
#7412 = ORIENTED_EDGE('', *, *, #4112, .F.);
#7413 = ORIENTED_EDGE('', *, *, #4111, .F.);
#7414 = ORIENTED_EDGE('', *, *, #4114, .T.);
#7415 = EDGE_LOOP('', (#7411, #7412, #7413, #7414));
#7416 = FACE_BOUND('', #7415, .T.);
#7417 = ADVANCED_FACE('', (#7416), #5280, .T.);
#7418 = ORIENTED_EDGE('', *, *, #4099, .F.);
#7419 = ORIENTED_EDGE('', *, *, #4098, .F.);
#7420 = ORIENTED_EDGE('', *, *, #4097, .T.);
#7421 = ORIENTED_EDGE('', *, *, #4107, .F.);
#7422 = EDGE_LOOP('', (#7418, #7419, #7420, #7421));
#7423 = FACE_BOUND('', #7422, .T.);
#7424 = ADVANCED_FACE('', (#7423), #5263, .T.);
#7425 = ORIENTED_EDGE('', *, *, #4136, .F.);
#7426 = ORIENTED_EDGE('', *, *, #4129, .F.);
#7427 = ORIENTED_EDGE('', *, *, #4124, .F.);
#7428 = ORIENTED_EDGE('', *, *, #4121, .F.);
#7429 = ORIENTED_EDGE('', *, *, #4120, .T.);
#7430 = ORIENTED_EDGE('', *, *, #4128, .F.);
#7431 = ORIENTED_EDGE('', *, *, #4117, .F.);
#7432 = EDGE_LOOP('', (#7425, #7426, #7427, #7428, #7429, #7430, #7431));
#7433 = FACE_BOUND('', #7432, .T.);
#7434 = ADVANCED_FACE('', (#7433), #5289, .F.);
#7435 = ORIENTED_EDGE('', *, *, #4119, .T.);
#7436 = ORIENTED_EDGE('', *, *, #4130, .T.);
#7437 = ORIENTED_EDGE('', *, *, #4122, .F.);
#7438 = ORIENTED_EDGE('', *, *, #4123, .T.);
#7439 = ORIENTED_EDGE('', *, *, #4125, .T.);
#7440 = ORIENTED_EDGE('', *, *, #4131, .T.);
#7441 = ORIENTED_EDGE('', *, *, #4135, .T.);
#7442 = EDGE_LOOP('', (#7435, #7436, #7437, #7438, #7439, #7440, #7441));
#7443 = FACE_BOUND('', #7442, .T.);
#7444 = ADVANCED_FACE('', (#7443), #5293, .T.);
#7445 = ORIENTED_EDGE('', *, *, #4134, .F.);
#7446 = ORIENTED_EDGE('', *, *, #4125, .F.);
#7447 = ORIENTED_EDGE('', *, *, #4123, .F.);
#7448 = ORIENTED_EDGE('', *, *, #4126, .F.);
#7449 = ORIENTED_EDGE('', *, *, #4121, .T.);
#7450 = ORIENTED_EDGE('', *, *, #4124, .T.);
#7451 = EDGE_LOOP('', (#7445, #7446, #7447, #7448, #7449, #7450));
#7452 = FACE_BOUND('', #7451, .T.);
#7453 = ADVANCED_FACE('', (#7452), #5298, .F.);
#7454 = ORIENTED_EDGE('', *, *, #4133, .T.);
#7455 = ORIENTED_EDGE('', *, *, #4120, .F.);
#7456 = ORIENTED_EDGE('', *, *, #4126, .T.);
#7457 = ORIENTED_EDGE('', *, *, #4122, .T.);
#7458 = EDGE_LOOP('', (#7454, #7455, #7456, #7457));
#7459 = FACE_BOUND('', #7458, .T.);
#7460 = ADVANCED_FACE('', (#7459), #5298, .F.);
#7461 = ORIENTED_EDGE('', *, *, #4136, .T.);
#7462 = ORIENTED_EDGE('', *, *, #4118, .T.);
#7463 = ORIENTED_EDGE('', *, *, #4135, .F.);
#7464 = ORIENTED_EDGE('', *, *, #4132, .T.);
#7465 = EDGE_LOOP('', (#7461, #7462, #7463, #7464));
#7466 = FACE_BOUND('', #7465, .T.);
#7467 = ADVANCED_FACE('', (#7466), #5285, .T.);
#7468 = ORIENTED_EDGE('', *, *, #4127, .T.);
#7469 = ORIENTED_EDGE('', *, *, #4128, .T.);
#7470 = ORIENTED_EDGE('', *, *, #4133, .F.);
#7471 = ORIENTED_EDGE('', *, *, #4130, .F.);
#7472 = EDGE_LOOP('', (#7468, #7469, #7470, #7471));
#7473 = FACE_BOUND('', #7472, .T.);
#7474 = ADVANCED_FACE('', (#7473), #5302, .T.);
#7475 = ORIENTED_EDGE('', *, *, #4129, .T.);
#7476 = ORIENTED_EDGE('', *, *, #4132, .F.);
#7477 = ORIENTED_EDGE('', *, *, #4131, .F.);
#7478 = ORIENTED_EDGE('', *, *, #4134, .T.);
#7479 = EDGE_LOOP('', (#7475, #7476, #7477, #7478));
#7480 = FACE_BOUND('', #7479, .T.);
#7481 = ADVANCED_FACE('', (#7480), #5302, .T.);
#7482 = ORIENTED_EDGE('', *, *, #4119, .F.);
#7483 = ORIENTED_EDGE('', *, *, #4118, .F.);
#7484 = ORIENTED_EDGE('', *, *, #4117, .T.);
#7485 = ORIENTED_EDGE('', *, *, #4127, .F.);
#7486 = EDGE_LOOP('', (#7482, #7483, #7484, #7485));
#7487 = FACE_BOUND('', #7486, .T.);
#7488 = ADVANCED_FACE('', (#7487), #5285, .T.);
#7489 = CLOSED_SHELL('', (#5309, #5313, #5317));
#7490 = CLOSED_SHELL('', (#5324, #5331, #5338, #5345, #5352, #5359));
#7491 = CLOSED_SHELL('', (#5366, #5373, #5380, #5387, #5394, #5401));
#7492 = CLOSED_SHELL('', (#5408, #5415, #5422, #5429, #5436, #5443));
#7493 = CLOSED_SHELL('', (#5450, #5457, #5464, #5471, #5478, #5485));
#7494 = CLOSED_SHELL('', (#5492, #5499, #5506, #5513, #5520, #5533, #5540, #5547, #5554, #5561, #5568));
#7495 = CLOSED_SHELL('', (#5575, #5582, #5589, #5596, #5603, #5610));
#7496 = CLOSED_SHELL('', (#5617, #5624, #5631, #5638, #5645, #5652));
#7497 = CLOSED_SHELL('', (#5659, #5663, #5667));
#7498 = CLOSED_SHELL('', (#5674, #5681, #5688, #5695, #5702, #5709));
#7499 = CLOSED_SHELL('', (#5716, #5723, #5730, #5737, #5744, #5751));
#7500 = CLOSED_SHELL('', (#5758, #5765, #5772, #5779, #5786, #5793));
#7501 = CLOSED_SHELL('', (#5800, #5807, #5814, #5821, #5828, #5835));
#7502 = CLOSED_SHELL('', (#5842, #5849, #5856, #5863, #5870, #5877));
#7503 = CLOSED_SHELL('', (#5884, #5891, #5898, #5905, #5912, #5919));
#7504 = CLOSED_SHELL('', (#5926, #5933, #5940, #5947, #5954, #5961));
#7505 = CLOSED_SHELL('', (#5968, #5975, #5982, #5989, #5996, #6003));
#7506 = CLOSED_SHELL('', (#6010, #6017, #6024, #6031, #6038, #6045));
#7507 = CLOSED_SHELL('', (#6052, #6059, #6066, #6073, #6080, #6087));
#7508 = CLOSED_SHELL('', (#6094, #6101, #6108, #6115, #6122, #6135, #6142, #6149, #6156, #6163, #6170));
#7509 = CLOSED_SHELL('', (#6177, #6181, #6188, #6195, #6199, #6206));
#7510 = CLOSED_SHELL('', (#6213, #6217, #6221));
#7511 = CLOSED_SHELL('', (#6231, #6241, #6250, #6257, #6264, #6271, #6278, #6285));
#7512 = CLOSED_SHELL('', (#6295, #6305, #6314, #6321, #6328, #6335, #6342, #6349));
#7513 = CLOSED_SHELL('', (#6359, #6369, #6378, #6385, #6392, #6399, #6406, #6413));
#7514 = CLOSED_SHELL('', (#6423, #6433, #6442, #6449, #6456, #6463, #6470, #6477));
#7515 = CLOSED_SHELL('', (#6487, #6497, #6506, #6513, #6520, #6527, #6534, #6541));
#7516 = CLOSED_SHELL('', (#6548, #6555, #6562, #6569, #6576, #6583));
#7517 = CLOSED_SHELL('', (#6590, #6597, #6604, #6611, #6618, #6625));
#7518 = CLOSED_SHELL('', (#6632, #6639, #6646, #6653, #6660, #6667));
#7519 = CLOSED_SHELL('', (#6674, #6681, #6688, #6695, #6702, #6709));
#7520 = CLOSED_SHELL('', (#6716, #6723, #6730, #6737, #6744, #6751));
#7521 = CLOSED_SHELL('', (#6758, #6765, #6772, #6779, #6786, #6793));
#7522 = CLOSED_SHELL('', (#6800, #6807, #6814, #6821, #6828, #6835));
#7523 = CLOSED_SHELL('', (#6842, #6849, #6856, #6863, #6870, #6877));
#7524 = CLOSED_SHELL('', (#6884, #6891, #6898, #6905, #6912, #6919));
#7525 = CLOSED_SHELL('', (#6926, #6933, #6940, #6947, #6954, #6961));
#7526 = CLOSED_SHELL('', (#6968, #6975, #6982, #6989, #6996, #7003));
#7527 = CLOSED_SHELL('', (#7010, #7014, #7018));
#7528 = CLOSED_SHELL('', (#7025, #7032, #7039, #7046, #7053, #7066, #7073, #7080, #7087, #7094, #7101));
#7529 = CLOSED_SHELL('', (#7107, #7113, #7120, #7127, #7134));
#7530 = CLOSED_SHELL('', (#7141, #7148, #7155, #7166, #7179, #7194, #7205, #7212, #7219, #7226, #7233, #7240, #7247));
#7531 = CLOSED_SHELL('', (#7254, #7261, #7268, #7279, #7292, #7307, #7318, #7325, #7332, #7339, #7346, #7353, #7360));
#7532 = CLOSED_SHELL('', (#7370, #7380, #7389, #7396, #7403, #7410, #7417, #7424));
#7533 = CLOSED_SHELL('', (#7434, #7444, #7453, #7460, #7467, #7474, #7481, #7488));
#7534 = MANIFOLD_SOLID_BREP('', #7489);
#7535 = MANIFOLD_SOLID_BREP('', #7490);
#7536 = MANIFOLD_SOLID_BREP('', #7491);
#7537 = MANIFOLD_SOLID_BREP('', #7492);
#7538 = MANIFOLD_SOLID_BREP('', #7493);
#7539 = MANIFOLD_SOLID_BREP('', #7494);
#7540 = MANIFOLD_SOLID_BREP('', #7495);
#7541 = MANIFOLD_SOLID_BREP('', #7496);
#7542 = MANIFOLD_SOLID_BREP('', #7497);
#7543 = MANIFOLD_SOLID_BREP('', #7498);
#7544 = MANIFOLD_SOLID_BREP('', #7499);
#7545 = MANIFOLD_SOLID_BREP('', #7500);
#7546 = MANIFOLD_SOLID_BREP('', #7501);
#7547 = MANIFOLD_SOLID_BREP('', #7502);
#7548 = MANIFOLD_SOLID_BREP('', #7503);
#7549 = MANIFOLD_SOLID_BREP('', #7504);
#7550 = MANIFOLD_SOLID_BREP('', #7505);
#7551 = MANIFOLD_SOLID_BREP('', #7506);
#7552 = MANIFOLD_SOLID_BREP('', #7507);
#7553 = MANIFOLD_SOLID_BREP('', #7508);
#7554 = MANIFOLD_SOLID_BREP('', #7509);
#7555 = MANIFOLD_SOLID_BREP('', #7510);
#7556 = MANIFOLD_SOLID_BREP('', #7511);
#7557 = MANIFOLD_SOLID_BREP('', #7512);
#7558 = MANIFOLD_SOLID_BREP('', #7513);
#7559 = MANIFOLD_SOLID_BREP('', #7514);
#7560 = MANIFOLD_SOLID_BREP('', #7515);
#7561 = MANIFOLD_SOLID_BREP('', #7516);
#7562 = MANIFOLD_SOLID_BREP('', #7517);
#7563 = MANIFOLD_SOLID_BREP('', #7518);
#7564 = MANIFOLD_SOLID_BREP('', #7519);
#7565 = MANIFOLD_SOLID_BREP('', #7520);
#7566 = MANIFOLD_SOLID_BREP('', #7521);
#7567 = MANIFOLD_SOLID_BREP('', #7522);
#7568 = MANIFOLD_SOLID_BREP('', #7523);
#7569 = MANIFOLD_SOLID_BREP('', #7524);
#7570 = MANIFOLD_SOLID_BREP('', #7525);
#7571 = MANIFOLD_SOLID_BREP('', #7526);
#7572 = MANIFOLD_SOLID_BREP('', #7527);
#7573 = MANIFOLD_SOLID_BREP('', #7528);
#7574 = MANIFOLD_SOLID_BREP('', #7529);
#7575 = MANIFOLD_SOLID_BREP('', #7530);
#7576 = MANIFOLD_SOLID_BREP('', #7531);
#7577 = MANIFOLD_SOLID_BREP('', #7532);
#7578 = MANIFOLD_SOLID_BREP('', #7533);
#7579 = APPLICATION_CONTEXT('configuration controlled 3D design of mechanical parts and assemblies');
#7580 = PRODUCT_DEFINITION_CONTEXT('part definition', #7579, 'design');
#7581 = PRODUCT_CONTEXT('', #7579, 'mechanical');
#7582 = PRODUCT('UNIDENTIFIED_PRODUCT', '', $, (#7581));
#7583 = PRODUCT_DEFINITION_FORMATION('', $, #7582);
#7584 = PRODUCT_DEFINITION('design', $, #7583, #7580);
#7585 = PRODUCT_DEFINITION_SHAPE('', '', #7584);
#7586 = ADVANCED_BREP_SHAPE_REPRESENTATION('', (#7578), #4);
#7587 = SHAPE_DEFINITION_REPRESENTATION(#7585, #7586);
#7588 = COLOUR_RGB('', 0.50588238, 0.57254905, 0.62352943);
#7589 = FILL_AREA_STYLE_COLOUR('', #7588);
#7590 = FILL_AREA_STYLE('', (#7589));
#7591 = SURFACE_STYLE_FILL_AREA(#7590);
#7592 = SURFACE_SIDE_STYLE('', (#7591));
#7593 = SURFACE_STYLE_USAGE(.BOTH., #7592);
#7594 = PRESENTATION_STYLE_ASSIGNMENT((#7593));
#7595 = STYLED_ITEM('', (#7594), #7578);
#7596 = MECHANICAL_DESIGN_GEOMETRIC_PRESENTATION_REPRESENTATION('', (#7595), #4);
#7597 = PRODUCT_CONTEXT('', #7579, 'mechanical');
#7598 = PRODUCT('UNIDENTIFIED_PRODUCT', '', $, (#7597));
#7599 = PRODUCT_DEFINITION_FORMATION('', $, #7598);
#7600 = PRODUCT_DEFINITION('design', $, #7599, #7580);
#7601 = PRODUCT_DEFINITION_SHAPE('', '', #7600);
#7602 = ADVANCED_BREP_SHAPE_REPRESENTATION('', (#7577), #4);
#7603 = SHAPE_DEFINITION_REPRESENTATION(#7601, #7602);
#7604 = COLOUR_RGB('', 0.70980394, 0.75686276, 0.79215688);
#7605 = FILL_AREA_STYLE_COLOUR('', #7604);
#7606 = FILL_AREA_STYLE('', (#7605));
#7607 = SURFACE_STYLE_FILL_AREA(#7606);
#7608 = SURFACE_SIDE_STYLE('', (#7607));
#7609 = SURFACE_STYLE_USAGE(.BOTH., #7608);
#7610 = PRESENTATION_STYLE_ASSIGNMENT((#7609));
#7611 = STYLED_ITEM('', (#7610), #7577);
#7612 = MECHANICAL_DESIGN_GEOMETRIC_PRESENTATION_REPRESENTATION('', (#7611), #4);
#7613 = PRODUCT_CONTEXT('', #7579, 'mechanical');
#7614 = PRODUCT('UNIDENTIFIED_PRODUCT', '', $, (#7613));
#7615 = PRODUCT_DEFINITION_FORMATION('', $, #7614);
#7616 = PRODUCT_DEFINITION('design', $, #7615, #7580);
#7617 = PRODUCT_DEFINITION_SHAPE('', '', #7616);
#7618 = ADVANCED_BREP_SHAPE_REPRESENTATION('', (#7576), #4);
#7619 = SHAPE_DEFINITION_REPRESENTATION(#7617, #7618);
#7620 = COLOUR_RGB('', 0.50196081, 0.60000002, 0.67843139);
#7621 = FILL_AREA_STYLE_COLOUR('', #7620);
#7622 = FILL_AREA_STYLE('', (#7621));
#7623 = SURFACE_STYLE_FILL_AREA(#7622);
#7624 = SURFACE_SIDE_STYLE('', (#7623));
#7625 = SURFACE_STYLE_USAGE(.BOTH., #7624);
#7626 = PRESENTATION_STYLE_ASSIGNMENT((#7625));
#7627 = STYLED_ITEM('', (#7626), #7576);
#7628 = MECHANICAL_DESIGN_GEOMETRIC_PRESENTATION_REPRESENTATION('', (#7627), #4);
#7629 = PRODUCT_CONTEXT('', #7579, 'mechanical');
#7630 = PRODUCT('UNIDENTIFIED_PRODUCT', '', $, (#7629));
#7631 = PRODUCT_DEFINITION_FORMATION('', $, #7630);
#7632 = PRODUCT_DEFINITION('design', $, #7631, #7580);
#7633 = PRODUCT_DEFINITION_SHAPE('', '', #7632);
#7634 = ADVANCED_BREP_SHAPE_REPRESENTATION('', (#7575), #4);
#7635 = SHAPE_DEFINITION_REPRESENTATION(#7633, #7634);
#7636 = COLOUR_RGB('', 0.50196081, 0.61960787, 0.70980394);
#7637 = FILL_AREA_STYLE_COLOUR('', #7636);
#7638 = FILL_AREA_STYLE('', (#7637));
#7639 = SURFACE_STYLE_FILL_AREA(#7638);
#7640 = SURFACE_SIDE_STYLE('', (#7639));
#7641 = SURFACE_STYLE_USAGE(.BOTH., #7640);
#7642 = PRESENTATION_STYLE_ASSIGNMENT((#7641));
#7643 = STYLED_ITEM('', (#7642), #7575);
#7644 = MECHANICAL_DESIGN_GEOMETRIC_PRESENTATION_REPRESENTATION('', (#7643), #4);
#7645 = PRODUCT_CONTEXT('', #7579, 'mechanical');
#7646 = PRODUCT('UNIDENTIFIED_PRODUCT', '', $, (#7645));
#7647 = PRODUCT_DEFINITION_FORMATION('', $, #7646);
#7648 = PRODUCT_DEFINITION('design', $, #7647, #7580);
#7649 = PRODUCT_DEFINITION_SHAPE('', '', #7648);
#7650 = ADVANCED_BREP_SHAPE_REPRESENTATION('', (#7574), #4);
#7651 = SHAPE_DEFINITION_REPRESENTATION(#7649, #7650);
#7652 = COLOUR_RGB('', 0.29019609, 0.41960785, 0.50196081);
#7653 = FILL_AREA_STYLE_COLOUR('', #7652);
#7654 = FILL_AREA_STYLE('', (#7653));
#7655 = SURFACE_STYLE_FILL_AREA(#7654);
#7656 = SURFACE_SIDE_STYLE('', (#7655));
#7657 = SURFACE_STYLE_USAGE(.BOTH., #7656);
#7658 = PRESENTATION_STYLE_ASSIGNMENT((#7657));
#7659 = STYLED_ITEM('', (#7658), #7574);
#7660 = MECHANICAL_DESIGN_GEOMETRIC_PRESENTATION_REPRESENTATION('', (#7659), #4);
#7661 = PRODUCT_CONTEXT('', #7579, 'mechanical');
#7662 = PRODUCT('UNIDENTIFIED_PRODUCT', '', $, (#7661));
#7663 = PRODUCT_DEFINITION_FORMATION('', $, #7662);
#7664 = PRODUCT_DEFINITION('design', $, #7663, #7580);
#7665 = PRODUCT_DEFINITION_SHAPE('', '', #7664);
#7666 = ADVANCED_BREP_SHAPE_REPRESENTATION('', (#7573), #4);
#7667 = SHAPE_DEFINITION_REPRESENTATION(#7665, #7666);
#7668 = COLOUR_RGB('', 0.78431374, 0.82352942, 0.83529413);
#7669 = FILL_AREA_STYLE_COLOUR('', #7668);
#7670 = FILL_AREA_STYLE('', (#7669));
#7671 = SURFACE_STYLE_FILL_AREA(#7670);
#7672 = SURFACE_SIDE_STYLE('', (#7671));
#7673 = SURFACE_STYLE_USAGE(.BOTH., #7672);
#7674 = PRESENTATION_STYLE_ASSIGNMENT((#7673));
#7675 = STYLED_ITEM('', (#7674), #7573);
#7676 = MECHANICAL_DESIGN_GEOMETRIC_PRESENTATION_REPRESENTATION('', (#7675), #4);
#7677 = PRODUCT_CONTEXT('', #7579, 'mechanical');
#7678 = PRODUCT('UNIDENTIFIED_PRODUCT', '', $, (#7677));
#7679 = PRODUCT_DEFINITION_FORMATION('', $, #7678);
#7680 = PRODUCT_DEFINITION('design', $, #7679, #7580);
#7681 = PRODUCT_DEFINITION_SHAPE('', '', #7680);
#7682 = ADVANCED_BREP_SHAPE_REPRESENTATION('', (#7572), #4);
#7683 = SHAPE_DEFINITION_REPRESENTATION(#7681, #7682);
#7684 = COLOUR_RGB('', 0.71372551, 0.79215688, 0.8509804);
#7685 = FILL_AREA_STYLE_COLOUR('', #7684);
#7686 = FILL_AREA_STYLE('', (#7685));
#7687 = SURFACE_STYLE_FILL_AREA(#7686);
#7688 = SURFACE_SIDE_STYLE('', (#7687));
#7689 = SURFACE_STYLE_USAGE(.BOTH., #7688);
#7690 = PRESENTATION_STYLE_ASSIGNMENT((#7689));
#7691 = STYLED_ITEM('', (#7690), #7572);
#7692 = MECHANICAL_DESIGN_GEOMETRIC_PRESENTATION_REPRESENTATION('', (#7691), #4);
#7693 = PRODUCT_CONTEXT('', #7579, 'mechanical');
#7694 = PRODUCT('UNIDENTIFIED_PRODUCT', '', $, (#7693));
#7695 = PRODUCT_DEFINITION_FORMATION('', $, #7694);
#7696 = PRODUCT_DEFINITION('design', $, #7695, #7580);
#7697 = PRODUCT_DEFINITION_SHAPE('', '', #7696);
#7698 = ADVANCED_BREP_SHAPE_REPRESENTATION('', (#7571), #4);
#7699 = SHAPE_DEFINITION_REPRESENTATION(#7697, #7698);
#7700 = COLOUR_RGB('', 0.15686275, 0.21568628, 0.27843139);
#7701 = FILL_AREA_STYLE_COLOUR('', #7700);
#7702 = FILL_AREA_STYLE('', (#7701));
#7703 = SURFACE_STYLE_FILL_AREA(#7702);
#7704 = SURFACE_SIDE_STYLE('', (#7703));
#7705 = SURFACE_STYLE_USAGE(.BOTH., #7704);
#7706 = PRESENTATION_STYLE_ASSIGNMENT((#7705));
#7707 = STYLED_ITEM('', (#7706), #7571);
#7708 = MECHANICAL_DESIGN_GEOMETRIC_PRESENTATION_REPRESENTATION('', (#7707), #4);
#7709 = PRODUCT_CONTEXT('', #7579, 'mechanical');
#7710 = PRODUCT('UNIDENTIFIED_PRODUCT', '', $, (#7709));
#7711 = PRODUCT_DEFINITION_FORMATION('', $, #7710);
#7712 = PRODUCT_DEFINITION('design', $, #7711, #7580);
#7713 = PRODUCT_DEFINITION_SHAPE('', '', #7712);
#7714 = ADVANCED_BREP_SHAPE_REPRESENTATION('', (#7570), #4);
#7715 = SHAPE_DEFINITION_REPRESENTATION(#7713, #7714);
#7716 = COLOUR_RGB('', 0.15686275, 0.47058824, 0.4627451);
#7717 = FILL_AREA_STYLE_COLOUR('', #7716);
#7718 = FILL_AREA_STYLE('', (#7717));
#7719 = SURFACE_STYLE_FILL_AREA(#7718);
#7720 = SURFACE_SIDE_STYLE('', (#7719));
#7721 = SURFACE_STYLE_USAGE(.BOTH., #7720);
#7722 = PRESENTATION_STYLE_ASSIGNMENT((#7721));
#7723 = STYLED_ITEM('', (#7722), #7570);
#7724 = MECHANICAL_DESIGN_GEOMETRIC_PRESENTATION_REPRESENTATION('', (#7723), #4);
#7725 = PRODUCT_CONTEXT('', #7579, 'mechanical');
#7726 = PRODUCT('UNIDENTIFIED_PRODUCT', '', $, (#7725));
#7727 = PRODUCT_DEFINITION_FORMATION('', $, #7726);
#7728 = PRODUCT_DEFINITION('design', $, #7727, #7580);
#7729 = PRODUCT_DEFINITION_SHAPE('', '', #7728);
#7730 = ADVANCED_BREP_SHAPE_REPRESENTATION('', (#7569), #4);
#7731 = SHAPE_DEFINITION_REPRESENTATION(#7729, #7730);
#7732 = COLOUR_RGB('', 0.21960784, 0.29803923, 0.3764706);
#7733 = FILL_AREA_STYLE_COLOUR('', #7732);
#7734 = FILL_AREA_STYLE('', (#7733));
#7735 = SURFACE_STYLE_FILL_AREA(#7734);
#7736 = SURFACE_SIDE_STYLE('', (#7735));
#7737 = SURFACE_STYLE_USAGE(.BOTH., #7736);
#7738 = PRESENTATION_STYLE_ASSIGNMENT((#7737));
#7739 = STYLED_ITEM('', (#7738), #7569);
#7740 = MECHANICAL_DESIGN_GEOMETRIC_PRESENTATION_REPRESENTATION('', (#7739), #4);
#7741 = PRODUCT_CONTEXT('', #7579, 'mechanical');
#7742 = PRODUCT('UNIDENTIFIED_PRODUCT', '', $, (#7741));
#7743 = PRODUCT_DEFINITION_FORMATION('', $, #7742);
#7744 = PRODUCT_DEFINITION('design', $, #7743, #7580);
#7745 = PRODUCT_DEFINITION_SHAPE('', '', #7744);
#7746 = ADVANCED_BREP_SHAPE_REPRESENTATION('', (#7568), #4);
#7747 = SHAPE_DEFINITION_REPRESENTATION(#7745, #7746);
#7748 = COLOUR_RGB('', 0.8509804, 0.83137256, 0.72549021);
#7749 = FILL_AREA_STYLE_COLOUR('', #7748);
#7750 = FILL_AREA_STYLE('', (#7749));
#7751 = SURFACE_STYLE_FILL_AREA(#7750);
#7752 = SURFACE_SIDE_STYLE('', (#7751));
#7753 = SURFACE_STYLE_USAGE(.BOTH., #7752);
#7754 = PRESENTATION_STYLE_ASSIGNMENT((#7753));
#7755 = STYLED_ITEM('', (#7754), #7568);
#7756 = MECHANICAL_DESIGN_GEOMETRIC_PRESENTATION_REPRESENTATION('', (#7755), #4);
#7757 = PRODUCT_CONTEXT('', #7579, 'mechanical');
#7758 = PRODUCT('UNIDENTIFIED_PRODUCT', '', $, (#7757));
#7759 = PRODUCT_DEFINITION_FORMATION('', $, #7758);
#7760 = PRODUCT_DEFINITION('design', $, #7759, #7580);
#7761 = PRODUCT_DEFINITION_SHAPE('', '', #7760);
#7762 = ADVANCED_BREP_SHAPE_REPRESENTATION('', (#7567), #4);
#7763 = SHAPE_DEFINITION_REPRESENTATION(#7761, #7762);
#7764 = COLOUR_RGB('', 0.7764706, 0.67843139, 0.51372552);
#7765 = FILL_AREA_STYLE_COLOUR('', #7764);
#7766 = FILL_AREA_STYLE('', (#7765));
#7767 = SURFACE_STYLE_FILL_AREA(#7766);
#7768 = SURFACE_SIDE_STYLE('', (#7767));
#7769 = SURFACE_STYLE_USAGE(.BOTH., #7768);
#7770 = PRESENTATION_STYLE_ASSIGNMENT((#7769));
#7771 = STYLED_ITEM('', (#7770), #7567);
#7772 = MECHANICAL_DESIGN_GEOMETRIC_PRESENTATION_REPRESENTATION('', (#7771), #4);
#7773 = PRODUCT_CONTEXT('', #7579, 'mechanical');
#7774 = PRODUCT('UNIDENTIFIED_PRODUCT', '', $, (#7773));
#7775 = PRODUCT_DEFINITION_FORMATION('', $, #7774);
#7776 = PRODUCT_DEFINITION('design', $, #7775, #7580);
#7777 = PRODUCT_DEFINITION_SHAPE('', '', #7776);
#7778 = ADVANCED_BREP_SHAPE_REPRESENTATION('', (#7566), #4);
#7779 = SHAPE_DEFINITION_REPRESENTATION(#7777, #7778);
#7780 = COLOUR_RGB('', 0.7764706, 0.67843139, 0.51372552);
#7781 = FILL_AREA_STYLE_COLOUR('', #7780);
#7782 = FILL_AREA_STYLE('', (#7781));
#7783 = SURFACE_STYLE_FILL_AREA(#7782);
#7784 = SURFACE_SIDE_STYLE('', (#7783));
#7785 = SURFACE_STYLE_USAGE(.BOTH., #7784);
#7786 = PRESENTATION_STYLE_ASSIGNMENT((#7785));
#7787 = STYLED_ITEM('', (#7786), #7566);
#7788 = MECHANICAL_DESIGN_GEOMETRIC_PRESENTATION_REPRESENTATION('', (#7787), #4);
#7789 = PRODUCT_CONTEXT('', #7579, 'mechanical');
#7790 = PRODUCT('UNIDENTIFIED_PRODUCT', '', $, (#7789));
#7791 = PRODUCT_DEFINITION_FORMATION('', $, #7790);
#7792 = PRODUCT_DEFINITION('design', $, #7791, #7580);
#7793 = PRODUCT_DEFINITION_SHAPE('', '', #7792);
#7794 = ADVANCED_BREP_SHAPE_REPRESENTATION('', (#7565), #4);
#7795 = SHAPE_DEFINITION_REPRESENTATION(#7793, #7794);
#7796 = COLOUR_RGB('', 0.7764706, 0.67843139, 0.51372552);
#7797 = FILL_AREA_STYLE_COLOUR('', #7796);
#7798 = FILL_AREA_STYLE('', (#7797));
#7799 = SURFACE_STYLE_FILL_AREA(#7798);
#7800 = SURFACE_SIDE_STYLE('', (#7799));
#7801 = SURFACE_STYLE_USAGE(.BOTH., #7800);
#7802 = PRESENTATION_STYLE_ASSIGNMENT((#7801));
#7803 = STYLED_ITEM('', (#7802), #7565);
#7804 = MECHANICAL_DESIGN_GEOMETRIC_PRESENTATION_REPRESENTATION('', (#7803), #4);
#7805 = PRODUCT_CONTEXT('', #7579, 'mechanical');
#7806 = PRODUCT('UNIDENTIFIED_PRODUCT', '', $, (#7805));
#7807 = PRODUCT_DEFINITION_FORMATION('', $, #7806);
#7808 = PRODUCT_DEFINITION('design', $, #7807, #7580);
#7809 = PRODUCT_DEFINITION_SHAPE('', '', #7808);
#7810 = ADVANCED_BREP_SHAPE_REPRESENTATION('', (#7564), #4);
#7811 = SHAPE_DEFINITION_REPRESENTATION(#7809, #7810);
#7812 = COLOUR_RGB('', 0.32156864, 0.3764706, 0.45882353);
#7813 = FILL_AREA_STYLE_COLOUR('', #7812);
#7814 = FILL_AREA_STYLE('', (#7813));
#7815 = SURFACE_STYLE_FILL_AREA(#7814);
#7816 = SURFACE_SIDE_STYLE('', (#7815));
#7817 = SURFACE_STYLE_USAGE(.BOTH., #7816);
#7818 = PRESENTATION_STYLE_ASSIGNMENT((#7817));
#7819 = STYLED_ITEM('', (#7818), #7564);
#7820 = MECHANICAL_DESIGN_GEOMETRIC_PRESENTATION_REPRESENTATION('', (#7819), #4);
#7821 = PRODUCT_CONTEXT('', #7579, 'mechanical');
#7822 = PRODUCT('UNIDENTIFIED_PRODUCT', '', $, (#7821));
#7823 = PRODUCT_DEFINITION_FORMATION('', $, #7822);
#7824 = PRODUCT_DEFINITION('design', $, #7823, #7580);
#7825 = PRODUCT_DEFINITION_SHAPE('', '', #7824);
#7826 = ADVANCED_BREP_SHAPE_REPRESENTATION('', (#7563), #4);
#7827 = SHAPE_DEFINITION_REPRESENTATION(#7825, #7826);
#7828 = COLOUR_RGB('', 0.15686275, 0.47058824, 0.4627451);
#7829 = FILL_AREA_STYLE_COLOUR('', #7828);
#7830 = FILL_AREA_STYLE('', (#7829));
#7831 = SURFACE_STYLE_FILL_AREA(#7830);
#7832 = SURFACE_SIDE_STYLE('', (#7831));
#7833 = SURFACE_STYLE_USAGE(.BOTH., #7832);
#7834 = PRESENTATION_STYLE_ASSIGNMENT((#7833));
#7835 = STYLED_ITEM('', (#7834), #7563);
#7836 = MECHANICAL_DESIGN_GEOMETRIC_PRESENTATION_REPRESENTATION('', (#7835), #4);
#7837 = PRODUCT_CONTEXT('', #7579, 'mechanical');
#7838 = PRODUCT('UNIDENTIFIED_PRODUCT', '', $, (#7837));
#7839 = PRODUCT_DEFINITION_FORMATION('', $, #7838);
#7840 = PRODUCT_DEFINITION('design', $, #7839, #7580);
#7841 = PRODUCT_DEFINITION_SHAPE('', '', #7840);
#7842 = ADVANCED_BREP_SHAPE_REPRESENTATION('', (#7562), #4);
#7843 = SHAPE_DEFINITION_REPRESENTATION(#7841, #7842);
#7844 = COLOUR_RGB('', 0.63529414, 0.71372551, 0.78431374);
#7845 = FILL_AREA_STYLE_COLOUR('', #7844);
#7846 = FILL_AREA_STYLE('', (#7845));
#7847 = SURFACE_STYLE_FILL_AREA(#7846);
#7848 = SURFACE_SIDE_STYLE('', (#7847));
#7849 = SURFACE_STYLE_USAGE(.BOTH., #7848);
#7850 = PRESENTATION_STYLE_ASSIGNMENT((#7849));
#7851 = STYLED_ITEM('', (#7850), #7562);
#7852 = MECHANICAL_DESIGN_GEOMETRIC_PRESENTATION_REPRESENTATION('', (#7851), #4);
#7853 = PRODUCT_CONTEXT('', #7579, 'mechanical');
#7854 = PRODUCT('UNIDENTIFIED_PRODUCT', '', $, (#7853));
#7855 = PRODUCT_DEFINITION_FORMATION('', $, #7854);
#7856 = PRODUCT_DEFINITION('design', $, #7855, #7580);
#7857 = PRODUCT_DEFINITION_SHAPE('', '', #7856);
#7858 = ADVANCED_BREP_SHAPE_REPRESENTATION('', (#7561), #4);
#7859 = SHAPE_DEFINITION_REPRESENTATION(#7857, #7858);
#7860 = COLOUR_RGB('', 0.21960784, 0.29803923, 0.3764706);
#7861 = FILL_AREA_STYLE_COLOUR('', #7860);
#7862 = FILL_AREA_STYLE('', (#7861));
#7863 = SURFACE_STYLE_FILL_AREA(#7862);
#7864 = SURFACE_SIDE_STYLE('', (#7863));
#7865 = SURFACE_STYLE_USAGE(.BOTH., #7864);
#7866 = PRESENTATION_STYLE_ASSIGNMENT((#7865));
#7867 = STYLED_ITEM('', (#7866), #7561);
#7868 = MECHANICAL_DESIGN_GEOMETRIC_PRESENTATION_REPRESENTATION('', (#7867), #4);
#7869 = PRODUCT_CONTEXT('', #7579, 'mechanical');
#7870 = PRODUCT('UNIDENTIFIED_PRODUCT', '', $, (#7869));
#7871 = PRODUCT_DEFINITION_FORMATION('', $, #7870);
#7872 = PRODUCT_DEFINITION('design', $, #7871, #7580);
#7873 = PRODUCT_DEFINITION_SHAPE('', '', #7872);
#7874 = ADVANCED_BREP_SHAPE_REPRESENTATION('', (#7560), #4);
#7875 = SHAPE_DEFINITION_REPRESENTATION(#7873, #7874);
#7876 = COLOUR_RGB('', 0.70980394, 0.75686276, 0.79215688);
#7877 = FILL_AREA_STYLE_COLOUR('', #7876);
#7878 = FILL_AREA_STYLE('', (#7877));
#7879 = SURFACE_STYLE_FILL_AREA(#7878);
#7880 = SURFACE_SIDE_STYLE('', (#7879));
#7881 = SURFACE_STYLE_USAGE(.BOTH., #7880);
#7882 = PRESENTATION_STYLE_ASSIGNMENT((#7881));
#7883 = STYLED_ITEM('', (#7882), #7560);
#7884 = MECHANICAL_DESIGN_GEOMETRIC_PRESENTATION_REPRESENTATION('', (#7883), #4);
#7885 = PRODUCT_CONTEXT('', #7579, 'mechanical');
#7886 = PRODUCT('UNIDENTIFIED_PRODUCT', '', $, (#7885));
#7887 = PRODUCT_DEFINITION_FORMATION('', $, #7886);
#7888 = PRODUCT_DEFINITION('design', $, #7887, #7580);
#7889 = PRODUCT_DEFINITION_SHAPE('', '', #7888);
#7890 = ADVANCED_BREP_SHAPE_REPRESENTATION('', (#7559), #4);
#7891 = SHAPE_DEFINITION_REPRESENTATION(#7889, #7890);
#7892 = COLOUR_RGB('', 0.70980394, 0.75686276, 0.79215688);
#7893 = FILL_AREA_STYLE_COLOUR('', #7892);
#7894 = FILL_AREA_STYLE('', (#7893));
#7895 = SURFACE_STYLE_FILL_AREA(#7894);
#7896 = SURFACE_SIDE_STYLE('', (#7895));
#7897 = SURFACE_STYLE_USAGE(.BOTH., #7896);
#7898 = PRESENTATION_STYLE_ASSIGNMENT((#7897));
#7899 = STYLED_ITEM('', (#7898), #7559);
#7900 = MECHANICAL_DESIGN_GEOMETRIC_PRESENTATION_REPRESENTATION('', (#7899), #4);
#7901 = PRODUCT_CONTEXT('', #7579, 'mechanical');
#7902 = PRODUCT('UNIDENTIFIED_PRODUCT', '', $, (#7901));
#7903 = PRODUCT_DEFINITION_FORMATION('', $, #7902);
#7904 = PRODUCT_DEFINITION('design', $, #7903, #7580);
#7905 = PRODUCT_DEFINITION_SHAPE('', '', #7904);
#7906 = ADVANCED_BREP_SHAPE_REPRESENTATION('', (#7558), #4);
#7907 = SHAPE_DEFINITION_REPRESENTATION(#7905, #7906);
#7908 = COLOUR_RGB('', 0.70980394, 0.75686276, 0.79215688);
#7909 = FILL_AREA_STYLE_COLOUR('', #7908);
#7910 = FILL_AREA_STYLE('', (#7909));
#7911 = SURFACE_STYLE_FILL_AREA(#7910);
#7912 = SURFACE_SIDE_STYLE('', (#7911));
#7913 = SURFACE_STYLE_USAGE(.BOTH., #7912);
#7914 = PRESENTATION_STYLE_ASSIGNMENT((#7913));
#7915 = STYLED_ITEM('', (#7914), #7558);
#7916 = MECHANICAL_DESIGN_GEOMETRIC_PRESENTATION_REPRESENTATION('', (#7915), #4);
#7917 = PRODUCT_CONTEXT('', #7579, 'mechanical');
#7918 = PRODUCT('UNIDENTIFIED_PRODUCT', '', $, (#7917));
#7919 = PRODUCT_DEFINITION_FORMATION('', $, #7918);
#7920 = PRODUCT_DEFINITION('design', $, #7919, #7580);
#7921 = PRODUCT_DEFINITION_SHAPE('', '', #7920);
#7922 = ADVANCED_BREP_SHAPE_REPRESENTATION('', (#7557), #4);
#7923 = SHAPE_DEFINITION_REPRESENTATION(#7921, #7922);
#7924 = COLOUR_RGB('', 0.50588238, 0.57254905, 0.62352943);
#7925 = FILL_AREA_STYLE_COLOUR('', #7924);
#7926 = FILL_AREA_STYLE('', (#7925));
#7927 = SURFACE_STYLE_FILL_AREA(#7926);
#7928 = SURFACE_SIDE_STYLE('', (#7927));
#7929 = SURFACE_STYLE_USAGE(.BOTH., #7928);
#7930 = PRESENTATION_STYLE_ASSIGNMENT((#7929));
#7931 = STYLED_ITEM('', (#7930), #7557);
#7932 = MECHANICAL_DESIGN_GEOMETRIC_PRESENTATION_REPRESENTATION('', (#7931), #4);
#7933 = PRODUCT_CONTEXT('', #7579, 'mechanical');
#7934 = PRODUCT('UNIDENTIFIED_PRODUCT', '', $, (#7933));
#7935 = PRODUCT_DEFINITION_FORMATION('', $, #7934);
#7936 = PRODUCT_DEFINITION('design', $, #7935, #7580);
#7937 = PRODUCT_DEFINITION_SHAPE('', '', #7936);
#7938 = ADVANCED_BREP_SHAPE_REPRESENTATION('', (#7556), #4);
#7939 = SHAPE_DEFINITION_REPRESENTATION(#7937, #7938);
#7940 = COLOUR_RGB('', 0.50588238, 0.57254905, 0.62352943);
#7941 = FILL_AREA_STYLE_COLOUR('', #7940);
#7942 = FILL_AREA_STYLE('', (#7941));
#7943 = SURFACE_STYLE_FILL_AREA(#7942);
#7944 = SURFACE_SIDE_STYLE('', (#7943));
#7945 = SURFACE_STYLE_USAGE(.BOTH., #7944);
#7946 = PRESENTATION_STYLE_ASSIGNMENT((#7945));
#7947 = STYLED_ITEM('', (#7946), #7556);
#7948 = MECHANICAL_DESIGN_GEOMETRIC_PRESENTATION_REPRESENTATION('', (#7947), #4);
#7949 = PRODUCT_CONTEXT('', #7579, 'mechanical');
#7950 = PRODUCT('UNIDENTIFIED_PRODUCT', '', $, (#7949));
#7951 = PRODUCT_DEFINITION_FORMATION('', $, #7950);
#7952 = PRODUCT_DEFINITION('design', $, #7951, #7580);
#7953 = PRODUCT_DEFINITION_SHAPE('', '', #7952);
#7954 = ADVANCED_BREP_SHAPE_REPRESENTATION('', (#7555), #4);
#7955 = SHAPE_DEFINITION_REPRESENTATION(#7953, #7954);
#7956 = COLOUR_RGB('', 0.53725493, 0.60000002, 0.65098041);
#7957 = FILL_AREA_STYLE_COLOUR('', #7956);
#7958 = FILL_AREA_STYLE('', (#7957));
#7959 = SURFACE_STYLE_FILL_AREA(#7958);
#7960 = SURFACE_SIDE_STYLE('', (#7959));
#7961 = SURFACE_STYLE_USAGE(.BOTH., #7960);
#7962 = PRESENTATION_STYLE_ASSIGNMENT((#7961));
#7963 = STYLED_ITEM('', (#7962), #7555);
#7964 = MECHANICAL_DESIGN_GEOMETRIC_PRESENTATION_REPRESENTATION('', (#7963), #4);
#7965 = PRODUCT_CONTEXT('', #7579, 'mechanical');
#7966 = PRODUCT('UNIDENTIFIED_PRODUCT', '', $, (#7965));
#7967 = PRODUCT_DEFINITION_FORMATION('', $, #7966);
#7968 = PRODUCT_DEFINITION('design', $, #7967, #7580);
#7969 = PRODUCT_DEFINITION_SHAPE('', '', #7968);
#7970 = ADVANCED_BREP_SHAPE_REPRESENTATION('', (#7554), #4);
#7971 = SHAPE_DEFINITION_REPRESENTATION(#7969, #7970);
#7972 = COLOUR_RGB('', 0.53725493, 0.60000002, 0.65098041);
#7973 = FILL_AREA_STYLE_COLOUR('', #7972);
#7974 = FILL_AREA_STYLE('', (#7973));
#7975 = SURFACE_STYLE_FILL_AREA(#7974);
#7976 = SURFACE_SIDE_STYLE('', (#7975));
#7977 = SURFACE_STYLE_USAGE(.BOTH., #7976);
#7978 = PRESENTATION_STYLE_ASSIGNMENT((#7977));
#7979 = STYLED_ITEM('', (#7978), #7554);
#7980 = MECHANICAL_DESIGN_GEOMETRIC_PRESENTATION_REPRESENTATION('', (#7979), #4);
#7981 = PRODUCT_CONTEXT('', #7579, 'mechanical');
#7982 = PRODUCT('UNIDENTIFIED_PRODUCT', '', $, (#7981));
#7983 = PRODUCT_DEFINITION_FORMATION('', $, #7982);
#7984 = PRODUCT_DEFINITION('design', $, #7983, #7580);
#7985 = PRODUCT_DEFINITION_SHAPE('', '', #7984);
#7986 = ADVANCED_BREP_SHAPE_REPRESENTATION('', (#7553), #4);
#7987 = SHAPE_DEFINITION_REPRESENTATION(#7985, #7986);
#7988 = COLOUR_RGB('', 0.78431374, 0.82352942, 0.83529413);
#7989 = FILL_AREA_STYLE_COLOUR('', #7988);
#7990 = FILL_AREA_STYLE('', (#7989));
#7991 = SURFACE_STYLE_FILL_AREA(#7990);
#7992 = SURFACE_SIDE_STYLE('', (#7991));
#7993 = SURFACE_STYLE_USAGE(.BOTH., #7992);
#7994 = PRESENTATION_STYLE_ASSIGNMENT((#7993));
#7995 = STYLED_ITEM('', (#7994), #7553);
#7996 = MECHANICAL_DESIGN_GEOMETRIC_PRESENTATION_REPRESENTATION('', (#7995), #4);
#7997 = PRODUCT_CONTEXT('', #7579, 'mechanical');
#7998 = PRODUCT('UNIDENTIFIED_PRODUCT', '', $, (#7997));
#7999 = PRODUCT_DEFINITION_FORMATION('', $, #7998);
#8000 = PRODUCT_DEFINITION('design', $, #7999, #7580);
#8001 = PRODUCT_DEFINITION_SHAPE('', '', #8000);
#8002 = ADVANCED_BREP_SHAPE_REPRESENTATION('', (#7552), #4);
#8003 = SHAPE_DEFINITION_REPRESENTATION(#8001, #8002);
#8004 = COLOUR_RGB('', 0.7764706, 0.67843139, 0.51372552);
#8005 = FILL_AREA_STYLE_COLOUR('', #8004);
#8006 = FILL_AREA_STYLE('', (#8005));
#8007 = SURFACE_STYLE_FILL_AREA(#8006);
#8008 = SURFACE_SIDE_STYLE('', (#8007));
#8009 = SURFACE_STYLE_USAGE(.BOTH., #8008);
#8010 = PRESENTATION_STYLE_ASSIGNMENT((#8009));
#8011 = STYLED_ITEM('', (#8010), #7552);
#8012 = MECHANICAL_DESIGN_GEOMETRIC_PRESENTATION_REPRESENTATION('', (#8011), #4);
#8013 = PRODUCT_CONTEXT('', #7579, 'mechanical');
#8014 = PRODUCT('UNIDENTIFIED_PRODUCT', '', $, (#8013));
#8015 = PRODUCT_DEFINITION_FORMATION('', $, #8014);
#8016 = PRODUCT_DEFINITION('design', $, #8015, #7580);
#8017 = PRODUCT_DEFINITION_SHAPE('', '', #8016);
#8018 = ADVANCED_BREP_SHAPE_REPRESENTATION('', (#7551), #4);
#8019 = SHAPE_DEFINITION_REPRESENTATION(#8017, #8018);
#8020 = COLOUR_RGB('', 0.42745098, 0.50588238, 0.57254905);
#8021 = FILL_AREA_STYLE_COLOUR('', #8020);
#8022 = FILL_AREA_STYLE('', (#8021));
#8023 = SURFACE_STYLE_FILL_AREA(#8022);
#8024 = SURFACE_SIDE_STYLE('', (#8023));
#8025 = SURFACE_STYLE_USAGE(.BOTH., #8024);
#8026 = PRESENTATION_STYLE_ASSIGNMENT((#8025));
#8027 = STYLED_ITEM('', (#8026), #7551);
#8028 = MECHANICAL_DESIGN_GEOMETRIC_PRESENTATION_REPRESENTATION('', (#8027), #4);
#8029 = PRODUCT_CONTEXT('', #7579, 'mechanical');
#8030 = PRODUCT('UNIDENTIFIED_PRODUCT', '', $, (#8029));
#8031 = PRODUCT_DEFINITION_FORMATION('', $, #8030);
#8032 = PRODUCT_DEFINITION('design', $, #8031, #7580);
#8033 = PRODUCT_DEFINITION_SHAPE('', '', #8032);
#8034 = ADVANCED_BREP_SHAPE_REPRESENTATION('', (#7550), #4);
#8035 = SHAPE_DEFINITION_REPRESENTATION(#8033, #8034);
#8036 = COLOUR_RGB('', 0.42745098, 0.50588238, 0.57254905);
#8037 = FILL_AREA_STYLE_COLOUR('', #8036);
#8038 = FILL_AREA_STYLE('', (#8037));
#8039 = SURFACE_STYLE_FILL_AREA(#8038);
#8040 = SURFACE_SIDE_STYLE('', (#8039));
#8041 = SURFACE_STYLE_USAGE(.BOTH., #8040);
#8042 = PRESENTATION_STYLE_ASSIGNMENT((#8041));
#8043 = STYLED_ITEM('', (#8042), #7550);
#8044 = MECHANICAL_DESIGN_GEOMETRIC_PRESENTATION_REPRESENTATION('', (#8043), #4);
#8045 = PRODUCT_CONTEXT('', #7579, 'mechanical');
#8046 = PRODUCT('UNIDENTIFIED_PRODUCT', '', $, (#8045));
#8047 = PRODUCT_DEFINITION_FORMATION('', $, #8046);
#8048 = PRODUCT_DEFINITION('design', $, #8047, #7580);
#8049 = PRODUCT_DEFINITION_SHAPE('', '', #8048);
#8050 = ADVANCED_BREP_SHAPE_REPRESENTATION('', (#7549), #4);
#8051 = SHAPE_DEFINITION_REPRESENTATION(#8049, #8050);
#8052 = COLOUR_RGB('', 0.42745098, 0.50588238, 0.57254905);
#8053 = FILL_AREA_STYLE_COLOUR('', #8052);
#8054 = FILL_AREA_STYLE('', (#8053));
#8055 = SURFACE_STYLE_FILL_AREA(#8054);
#8056 = SURFACE_SIDE_STYLE('', (#8055));
#8057 = SURFACE_STYLE_USAGE(.BOTH., #8056);
#8058 = PRESENTATION_STYLE_ASSIGNMENT((#8057));
#8059 = STYLED_ITEM('', (#8058), #7549);
#8060 = MECHANICAL_DESIGN_GEOMETRIC_PRESENTATION_REPRESENTATION('', (#8059), #4);
#8061 = PRODUCT_CONTEXT('', #7579, 'mechanical');
#8062 = PRODUCT('UNIDENTIFIED_PRODUCT', '', $, (#8061));
#8063 = PRODUCT_DEFINITION_FORMATION('', $, #8062);
#8064 = PRODUCT_DEFINITION('design', $, #8063, #7580);
#8065 = PRODUCT_DEFINITION_SHAPE('', '', #8064);
#8066 = ADVANCED_BREP_SHAPE_REPRESENTATION('', (#7548), #4);
#8067 = SHAPE_DEFINITION_REPRESENTATION(#8065, #8066);
#8068 = COLOUR_RGB('', 0.42745098, 0.50588238, 0.57254905);
#8069 = FILL_AREA_STYLE_COLOUR('', #8068);
#8070 = FILL_AREA_STYLE('', (#8069));
#8071 = SURFACE_STYLE_FILL_AREA(#8070);
#8072 = SURFACE_SIDE_STYLE('', (#8071));
#8073 = SURFACE_STYLE_USAGE(.BOTH., #8072);
#8074 = PRESENTATION_STYLE_ASSIGNMENT((#8073));
#8075 = STYLED_ITEM('', (#8074), #7548);
#8076 = MECHANICAL_DESIGN_GEOMETRIC_PRESENTATION_REPRESENTATION('', (#8075), #4);
#8077 = PRODUCT_CONTEXT('', #7579, 'mechanical');
#8078 = PRODUCT('UNIDENTIFIED_PRODUCT', '', $, (#8077));
#8079 = PRODUCT_DEFINITION_FORMATION('', $, #8078);
#8080 = PRODUCT_DEFINITION('design', $, #8079, #7580);
#8081 = PRODUCT_DEFINITION_SHAPE('', '', #8080);
#8082 = ADVANCED_BREP_SHAPE_REPRESENTATION('', (#7547), #4);
#8083 = SHAPE_DEFINITION_REPRESENTATION(#8081, #8082);
#8084 = COLOUR_RGB('', 0.50196081, 0.61960787, 0.70980394);
#8085 = FILL_AREA_STYLE_COLOUR('', #8084);
#8086 = FILL_AREA_STYLE('', (#8085));
#8087 = SURFACE_STYLE_FILL_AREA(#8086);
#8088 = SURFACE_SIDE_STYLE('', (#8087));
#8089 = SURFACE_STYLE_USAGE(.BOTH., #8088);
#8090 = PRESENTATION_STYLE_ASSIGNMENT((#8089));
#8091 = STYLED_ITEM('', (#8090), #7547);
#8092 = MECHANICAL_DESIGN_GEOMETRIC_PRESENTATION_REPRESENTATION('', (#8091), #4);
#8093 = PRODUCT_CONTEXT('', #7579, 'mechanical');
#8094 = PRODUCT('UNIDENTIFIED_PRODUCT', '', $, (#8093));
#8095 = PRODUCT_DEFINITION_FORMATION('', $, #8094);
#8096 = PRODUCT_DEFINITION('design', $, #8095, #7580);
#8097 = PRODUCT_DEFINITION_SHAPE('', '', #8096);
#8098 = ADVANCED_BREP_SHAPE_REPRESENTATION('', (#7546), #4);
#8099 = SHAPE_DEFINITION_REPRESENTATION(#8097, #8098);
#8100 = COLOUR_RGB('', 0.50196081, 0.61960787, 0.70980394);
#8101 = FILL_AREA_STYLE_COLOUR('', #8100);
#8102 = FILL_AREA_STYLE('', (#8101));
#8103 = SURFACE_STYLE_FILL_AREA(#8102);
#8104 = SURFACE_SIDE_STYLE('', (#8103));
#8105 = SURFACE_STYLE_USAGE(.BOTH., #8104);
#8106 = PRESENTATION_STYLE_ASSIGNMENT((#8105));
#8107 = STYLED_ITEM('', (#8106), #7546);
#8108 = MECHANICAL_DESIGN_GEOMETRIC_PRESENTATION_REPRESENTATION('', (#8107), #4);
#8109 = PRODUCT_CONTEXT('', #7579, 'mechanical');
#8110 = PRODUCT('UNIDENTIFIED_PRODUCT', '', $, (#8109));
#8111 = PRODUCT_DEFINITION_FORMATION('', $, #8110);
#8112 = PRODUCT_DEFINITION('design', $, #8111, #7580);
#8113 = PRODUCT_DEFINITION_SHAPE('', '', #8112);
#8114 = ADVANCED_BREP_SHAPE_REPRESENTATION('', (#7545), #4);
#8115 = SHAPE_DEFINITION_REPRESENTATION(#8113, #8114);
#8116 = COLOUR_RGB('', 0.71372551, 0.79215688, 0.8509804);
#8117 = FILL_AREA_STYLE_COLOUR('', #8116);
#8118 = FILL_AREA_STYLE('', (#8117));
#8119 = SURFACE_STYLE_FILL_AREA(#8118);
#8120 = SURFACE_SIDE_STYLE('', (#8119));
#8121 = SURFACE_STYLE_USAGE(.BOTH., #8120);
#8122 = PRESENTATION_STYLE_ASSIGNMENT((#8121));
#8123 = STYLED_ITEM('', (#8122), #7545);
#8124 = MECHANICAL_DESIGN_GEOMETRIC_PRESENTATION_REPRESENTATION('', (#8123), #4);
#8125 = PRODUCT_CONTEXT('', #7579, 'mechanical');
#8126 = PRODUCT('UNIDENTIFIED_PRODUCT', '', $, (#8125));
#8127 = PRODUCT_DEFINITION_FORMATION('', $, #8126);
#8128 = PRODUCT_DEFINITION('design', $, #8127, #7580);
#8129 = PRODUCT_DEFINITION_SHAPE('', '', #8128);
#8130 = ADVANCED_BREP_SHAPE_REPRESENTATION('', (#7544), #4);
#8131 = SHAPE_DEFINITION_REPRESENTATION(#8129, #8130);
#8132 = COLOUR_RGB('', 0.26274511, 0.33725491, 0.42745098);
#8133 = FILL_AREA_STYLE_COLOUR('', #8132);
#8134 = FILL_AREA_STYLE('', (#8133));
#8135 = SURFACE_STYLE_FILL_AREA(#8134);
#8136 = SURFACE_SIDE_STYLE('', (#8135));
#8137 = SURFACE_STYLE_USAGE(.BOTH., #8136);
#8138 = PRESENTATION_STYLE_ASSIGNMENT((#8137));
#8139 = STYLED_ITEM('', (#8138), #7544);
#8140 = MECHANICAL_DESIGN_GEOMETRIC_PRESENTATION_REPRESENTATION('', (#8139), #4);
#8141 = PRODUCT_CONTEXT('', #7579, 'mechanical');
#8142 = PRODUCT('UNIDENTIFIED_PRODUCT', '', $, (#8141));
#8143 = PRODUCT_DEFINITION_FORMATION('', $, #8142);
#8144 = PRODUCT_DEFINITION('design', $, #8143, #7580);
#8145 = PRODUCT_DEFINITION_SHAPE('', '', #8144);
#8146 = ADVANCED_BREP_SHAPE_REPRESENTATION('', (#7543), #4);
#8147 = SHAPE_DEFINITION_REPRESENTATION(#8145, #8146);
#8148 = COLOUR_RGB('', 0.87843138, 0.86274511, 0.79607844);
#8149 = FILL_AREA_STYLE_COLOUR('', #8148);
#8150 = FILL_AREA_STYLE('', (#8149));
#8151 = SURFACE_STYLE_FILL_AREA(#8150);
#8152 = SURFACE_SIDE_STYLE('', (#8151));
#8153 = SURFACE_STYLE_USAGE(.BOTH., #8152);
#8154 = PRESENTATION_STYLE_ASSIGNMENT((#8153));
#8155 = STYLED_ITEM('', (#8154), #7543);
#8156 = MECHANICAL_DESIGN_GEOMETRIC_PRESENTATION_REPRESENTATION('', (#8155), #4);
#8157 = PRODUCT_CONTEXT('', #7579, 'mechanical');
#8158 = PRODUCT('UNIDENTIFIED_PRODUCT', '', $, (#8157));
#8159 = PRODUCT_DEFINITION_FORMATION('', $, #8158);
#8160 = PRODUCT_DEFINITION('design', $, #8159, #7580);
#8161 = PRODUCT_DEFINITION_SHAPE('', '', #8160);
#8162 = ADVANCED_BREP_SHAPE_REPRESENTATION('', (#7542), #4);
#8163 = SHAPE_DEFINITION_REPRESENTATION(#8161, #8162);
#8164 = COLOUR_RGB('', 0.76862746, 0.83137256, 0.87450981);
#8165 = FILL_AREA_STYLE_COLOUR('', #8164);
#8166 = FILL_AREA_STYLE('', (#8165));
#8167 = SURFACE_STYLE_FILL_AREA(#8166);
#8168 = SURFACE_SIDE_STYLE('', (#8167));
#8169 = SURFACE_STYLE_USAGE(.BOTH., #8168);
#8170 = PRESENTATION_STYLE_ASSIGNMENT((#8169));
#8171 = STYLED_ITEM('', (#8170), #7542);
#8172 = MECHANICAL_DESIGN_GEOMETRIC_PRESENTATION_REPRESENTATION('', (#8171), #4);
#8173 = PRODUCT_CONTEXT('', #7579, 'mechanical');
#8174 = PRODUCT('UNIDENTIFIED_PRODUCT', '', $, (#8173));
#8175 = PRODUCT_DEFINITION_FORMATION('', $, #8174);
#8176 = PRODUCT_DEFINITION('design', $, #8175, #7580);
#8177 = PRODUCT_DEFINITION_SHAPE('', '', #8176);
#8178 = ADVANCED_BREP_SHAPE_REPRESENTATION('', (#7541), #4);
#8179 = SHAPE_DEFINITION_REPRESENTATION(#8177, #8178);
#8180 = COLOUR_RGB('', 0.78039217, 0.60392159, 0.40392157);
#8181 = FILL_AREA_STYLE_COLOUR('', #8180);
#8182 = FILL_AREA_STYLE('', (#8181));
#8183 = SURFACE_STYLE_FILL_AREA(#8182);
#8184 = SURFACE_SIDE_STYLE('', (#8183));
#8185 = SURFACE_STYLE_USAGE(.BOTH., #8184);
#8186 = PRESENTATION_STYLE_ASSIGNMENT((#8185));
#8187 = STYLED_ITEM('', (#8186), #7541);
#8188 = MECHANICAL_DESIGN_GEOMETRIC_PRESENTATION_REPRESENTATION('', (#8187), #4);
#8189 = PRODUCT_CONTEXT('', #7579, 'mechanical');
#8190 = PRODUCT('UNIDENTIFIED_PRODUCT', '', $, (#8189));
#8191 = PRODUCT_DEFINITION_FORMATION('', $, #8190);
#8192 = PRODUCT_DEFINITION('design', $, #8191, #7580);
#8193 = PRODUCT_DEFINITION_SHAPE('', '', #8192);
#8194 = ADVANCED_BREP_SHAPE_REPRESENTATION('', (#7540), #4);
#8195 = SHAPE_DEFINITION_REPRESENTATION(#8193, #8194);
#8196 = COLOUR_RGB('', 0.78039217, 0.60392159, 0.40392157);
#8197 = FILL_AREA_STYLE_COLOUR('', #8196);
#8198 = FILL_AREA_STYLE('', (#8197));
#8199 = SURFACE_STYLE_FILL_AREA(#8198);
#8200 = SURFACE_SIDE_STYLE('', (#8199));
#8201 = SURFACE_STYLE_USAGE(.BOTH., #8200);
#8202 = PRESENTATION_STYLE_ASSIGNMENT((#8201));
#8203 = STYLED_ITEM('', (#8202), #7540);
#8204 = MECHANICAL_DESIGN_GEOMETRIC_PRESENTATION_REPRESENTATION('', (#8203), #4);
#8205 = PRODUCT_CONTEXT('', #7579, 'mechanical');
#8206 = PRODUCT('UNIDENTIFIED_PRODUCT', '', $, (#8205));
#8207 = PRODUCT_DEFINITION_FORMATION('', $, #8206);
#8208 = PRODUCT_DEFINITION('design', $, #8207, #7580);
#8209 = PRODUCT_DEFINITION_SHAPE('', '', #8208);
#8210 = ADVANCED_BREP_SHAPE_REPRESENTATION('', (#7539), #4);
#8211 = SHAPE_DEFINITION_REPRESENTATION(#8209, #8210);
#8212 = COLOUR_RGB('', 0.78431374, 0.82352942, 0.83529413);
#8213 = FILL_AREA_STYLE_COLOUR('', #8212);
#8214 = FILL_AREA_STYLE('', (#8213));
#8215 = SURFACE_STYLE_FILL_AREA(#8214);
#8216 = SURFACE_SIDE_STYLE('', (#8215));
#8217 = SURFACE_STYLE_USAGE(.BOTH., #8216);
#8218 = PRESENTATION_STYLE_ASSIGNMENT((#8217));
#8219 = STYLED_ITEM('', (#8218), #7539);
#8220 = MECHANICAL_DESIGN_GEOMETRIC_PRESENTATION_REPRESENTATION('', (#8219), #4);
#8221 = PRODUCT_CONTEXT('', #7579, 'mechanical');
#8222 = PRODUCT('UNIDENTIFIED_PRODUCT', '', $, (#8221));
#8223 = PRODUCT_DEFINITION_FORMATION('', $, #8222);
#8224 = PRODUCT_DEFINITION('design', $, #8223, #7580);
#8225 = PRODUCT_DEFINITION_SHAPE('', '', #8224);
#8226 = ADVANCED_BREP_SHAPE_REPRESENTATION('', (#7538), #4);
#8227 = SHAPE_DEFINITION_REPRESENTATION(#8225, #8226);
#8228 = COLOUR_RGB('', 0.7764706, 0.67843139, 0.51372552);
#8229 = FILL_AREA_STYLE_COLOUR('', #8228);
#8230 = FILL_AREA_STYLE('', (#8229));
#8231 = SURFACE_STYLE_FILL_AREA(#8230);
#8232 = SURFACE_SIDE_STYLE('', (#8231));
#8233 = SURFACE_STYLE_USAGE(.BOTH., #8232);
#8234 = PRESENTATION_STYLE_ASSIGNMENT((#8233));
#8235 = STYLED_ITEM('', (#8234), #7538);
#8236 = MECHANICAL_DESIGN_GEOMETRIC_PRESENTATION_REPRESENTATION('', (#8235), #4);
#8237 = PRODUCT_CONTEXT('', #7579, 'mechanical');
#8238 = PRODUCT('UNIDENTIFIED_PRODUCT', '', $, (#8237));
#8239 = PRODUCT_DEFINITION_FORMATION('', $, #8238);
#8240 = PRODUCT_DEFINITION('design', $, #8239, #7580);
#8241 = PRODUCT_DEFINITION_SHAPE('', '', #8240);
#8242 = ADVANCED_BREP_SHAPE_REPRESENTATION('', (#7537), #4);
#8243 = SHAPE_DEFINITION_REPRESENTATION(#8241, #8242);
#8244 = COLOUR_RGB('', 0.7764706, 0.67843139, 0.51372552);
#8245 = FILL_AREA_STYLE_COLOUR('', #8244);
#8246 = FILL_AREA_STYLE('', (#8245));
#8247 = SURFACE_STYLE_FILL_AREA(#8246);
#8248 = SURFACE_SIDE_STYLE('', (#8247));
#8249 = SURFACE_STYLE_USAGE(.BOTH., #8248);
#8250 = PRESENTATION_STYLE_ASSIGNMENT((#8249));
#8251 = STYLED_ITEM('', (#8250), #7537);
#8252 = MECHANICAL_DESIGN_GEOMETRIC_PRESENTATION_REPRESENTATION('', (#8251), #4);
#8253 = PRODUCT_CONTEXT('', #7579, 'mechanical');
#8254 = PRODUCT('UNIDENTIFIED_PRODUCT', '', $, (#8253));
#8255 = PRODUCT_DEFINITION_FORMATION('', $, #8254);
#8256 = PRODUCT_DEFINITION('design', $, #8255, #7580);
#8257 = PRODUCT_DEFINITION_SHAPE('', '', #8256);
#8258 = ADVANCED_BREP_SHAPE_REPRESENTATION('', (#7536), #4);
#8259 = SHAPE_DEFINITION_REPRESENTATION(#8257, #8258);
#8260 = COLOUR_RGB('', 0.42745098, 0.50588238, 0.57254905);
#8261 = FILL_AREA_STYLE_COLOUR('', #8260);
#8262 = FILL_AREA_STYLE('', (#8261));
#8263 = SURFACE_STYLE_FILL_AREA(#8262);
#8264 = SURFACE_SIDE_STYLE('', (#8263));
#8265 = SURFACE_STYLE_USAGE(.BOTH., #8264);
#8266 = PRESENTATION_STYLE_ASSIGNMENT((#8265));
#8267 = STYLED_ITEM('', (#8266), #7536);
#8268 = MECHANICAL_DESIGN_GEOMETRIC_PRESENTATION_REPRESENTATION('', (#8267), #4);
#8269 = PRODUCT_CONTEXT('', #7579, 'mechanical');
#8270 = PRODUCT('UNIDENTIFIED_PRODUCT', '', $, (#8269));
#8271 = PRODUCT_DEFINITION_FORMATION('', $, #8270);
#8272 = PRODUCT_DEFINITION('design', $, #8271, #7580);
#8273 = PRODUCT_DEFINITION_SHAPE('', '', #8272);
#8274 = ADVANCED_BREP_SHAPE_REPRESENTATION('', (#7535), #4);
#8275 = SHAPE_DEFINITION_REPRESENTATION(#8273, #8274);
#8276 = COLOUR_RGB('', 0.42745098, 0.50588238, 0.57254905);
#8277 = FILL_AREA_STYLE_COLOUR('', #8276);
#8278 = FILL_AREA_STYLE('', (#8277));
#8279 = SURFACE_STYLE_FILL_AREA(#8278);
#8280 = SURFACE_SIDE_STYLE('', (#8279));
#8281 = SURFACE_STYLE_USAGE(.BOTH., #8280);
#8282 = PRESENTATION_STYLE_ASSIGNMENT((#8281));
#8283 = STYLED_ITEM('', (#8282), #7535);
#8284 = MECHANICAL_DESIGN_GEOMETRIC_PRESENTATION_REPRESENTATION('', (#8283), #4);
#8285 = PRODUCT_CONTEXT('', #7579, 'mechanical');
#8286 = PRODUCT('UNIDENTIFIED_PRODUCT', '', $, (#8285));
#8287 = PRODUCT_DEFINITION_FORMATION('', $, #8286);
#8288 = PRODUCT_DEFINITION('design', $, #8287, #7580);
#8289 = PRODUCT_DEFINITION_SHAPE('', '', #8288);
#8290 = ADVANCED_BREP_SHAPE_REPRESENTATION('', (#7534), #4);
#8291 = SHAPE_DEFINITION_REPRESENTATION(#8289, #8290);
#8292 = COLOUR_RGB('', 0.89999998, 0.89999998, 0.89999998);
#8293 = FILL_AREA_STYLE_COLOUR('', #8292);
#8294 = FILL_AREA_STYLE('', (#8293));
#8295 = SURFACE_STYLE_FILL_AREA(#8294);
#8296 = SURFACE_SIDE_STYLE('', (#8295));
#8297 = SURFACE_STYLE_USAGE(.BOTH., #8296);
#8298 = PRESENTATION_STYLE_ASSIGNMENT((#8297));
#8299 = STYLED_ITEM('', (#8298), #7534);
#8300 = MECHANICAL_DESIGN_GEOMETRIC_PRESENTATION_REPRESENTATION('', (#8299), #4);
ENDSEC;
END-ISO-10303-21;
